ישר,הליכוד,ביחד,הדמוקרטים,ישראל ביתנו,יהדות התורה,עוצמה יהודית,"ש""ס",הרשימה המשותפת,"רע""ם",הציונות הדתית,עמך ישראל,כחול לבן,המילואימניקים והכלכלית
18,28,10,11,7,8,6,9,13,5,5,0,0,0
18,28,10,8,9,7,7,9,13,5,6,0,0,0
23,28,11,0,8,10,9,11,7,7,6,0,0,0
19,22,9,20,8,6,7,9,9,5,6,0,0,0
18,25,11,9,8,8,7,11,10,7,6,0,0,0
18,24,11,9,8,8,7,11,11,7,6,0,0,0
22,25,10,5,11,9,8,12,7,6,5,0,0,0
21,25,10,8,11,8,8,13,6,5,5,0,0,0
21,27,11,6,10,10,10,12,6,7,0,0,0,0
22,28,12,0,8,10,10,12,6,7,5,0,0,0
17,31,9,7,8,9,9,9,7,6,4,4,0,0
21,33,9,5,9,8,8,10,8,4,5,0,0,0
20,32,11,0,8,8,8,11,6,5,6,0,0,5
21,25,8,14,8,7,6,10,7,6,4,4,0,0
25,27,10,5,9,8,8,9,6,5,8,0,0,0
21,28,10,5,8,9,9,9,7,7,7,0,0,0
22,24,10,8,8,7,7,11,8,5,5,5,0,0
23,28,11,7,8,8,9,9,5,6,6,0,0,0
20,24,10,8,8,7,6,13,12,6,6,0,0,0
23,29,10,10,8,7,7,10,4,6,6,0,0,0
18,27,10,8,8,8,7,9,14,6,5,0,0,0
24,27,10,7,8,7,9,11,8,5,4,0,0,0
20,24,9,5,9,10,6,10,8,7,8,4,0,0
24,22,11,9,8,8,10,11,8,5,4,0,0,0
19,22,10,5,8,9,6,11,6,8,8,4,0,4
22,26,11,13,7,7,10,11,8,5,0,0,0,0
21,24,9,4,9,10,6,11,5,7,10,0,0,4
20,25,10,5,8,9,7,10,6,6,5,5,0,4
22,25,9,7,7,7,6,10,8,5,6,4,0,4
19,23,12,10,7,9,6,12,6,7,5,4,0,0
22,21,8,9,8,8,7,9,14,5,9,0,0,0
21,28,15,5,7,8,9,11,6,6,4,0,0,0
21,24,6,8,8,7,5,10,14,5,8,0,0,4
21,26,15,5,8,8,9,10,4,6,4,4,0,0
22,26,16,6,8,8,10,10,4,6,4,0,0,0
23,18,7,6,7,8,7,11,10,6,8,4,0,5
20,23,15,9,9,8,7,11,8,5,5,0,0,0
21,25,17,13,7,7,7,11,6,6,0,0,0,0
23,28,7,0,8,9,9,10,5,7,8,6,0,0
26,30,9,4,7,8,8,11,6,6,5,0,0,0
20,26,10,10,7,6,6,11,8,6,6,0,0,4
19,29,9,7,7,7,10,10,7,6,5,0,0,4
22,31,10,6,8,8,5,9,5,5,6,5,0,0
19,28,9,8,7,7,10,10,11,6,5,0,0,0
22,29,11,5,7,9,6,9,6,5,7,0,0,4
20,26,12,6,10,8,11,11,10,6,0,0,0,0
17,24,12,8,8,6,12,11,7,6,5,4,0,0
25,29,9,5,7,9,5,10,7,6,8,0,0,0
19,29,12,8,9,6,13,10,8,6,0,0,0,0
26,25,10,6,7,9,6,10,7,6,8,0,0,0
20,27,12,8,8,7,10,10,8,6,0,4,0,0
25,27,10,5,8,9,6,10,5,6,9,0,0,0
19,25,10,9,8,6,9,10,9,6,5,4,0,0
22,27,10,5,8,9,6,12,6,6,9,0,0,0
21,26,12,4,8,7,7,11,7,7,6,4,0,0
22,25,9,16,7,8,7,10,6,5,5,0,0,0
22,27,10,0,9,8,8,11,8,5,4,4,0,4
20,22,13,9,7,8,6,11,11,6,7,0,0,0
23,24,9,5,8,7,9,10,5,5,4,5,0,6
21,25,9,5,9,9,7,10,9,5,7,0,0,4
24,27,11,8,8,8,5,10,8,6,5,0,0,0
19,27,10,10,8,8,9,10,7,7,5,0,0,0
26,24,12,0,9,8,6,9,9,6,7,0,0,4
22,23,11,5,9,8,7,12,6,6,6,0,0,5
22,25,10,5,7,8,8,12,9,6,8,0,0,0
21,29,11,7,9,9,7,9,7,6,5,0,0,0
18,27,10,7,7,8,7,10,10,5,7,4,0,0
23,24,9,10,8,7,11,9,9,5,5,0,0,0
23,26,11,6,7,10,5,13,6,6,7,0,0,0
20,28,10,5,8,8,9,8,6,6,5,0,0,7
25,22,11,12,7,8,7,9,5,5,9,0,0,0
20,25,8,6,9,8,8,11,9,7,5,0,0,4
23,26,12,9,8,8,7,9,7,5,6,0,0,0
20,28,9,4,8,8,8,12,8,6,5,0,0,4
22,25,10,14,8,7,6,9,7,6,6,0,0,0
21,26,7,9,8,8,6,10,9,7,5,0,0,4
21,28,10,9,7,7,8,11,9,6,4,0,0,0
23,30,11,5,8,9,7,9,5,5,8,0,0,0
22,31,11,0,8,10,10,9,6,6,7,0,0,0
19,25,9,5,9,7,9,10,7,6,6,4,0,4
21,27,11,9,7,8,7,11,7,6,6,0,0,0
23,24,10,5,8,8,8,10,8,6,6,4,0,0
22,24,12,8,8,8,9,10,8,5,6,0,0,0
21,25,11,0,7,8,9,11,12,6,5,5,0,0
24,27,9,5,8,8,7,10,8,6,8,0,0,0
19,23,10,9,8,8,7,9,12,6,4,5,0,0
22,27,11,5,8,9,7,11,7,6,7,0,0,0
19,28,10,9,7,7,6,10,9,7,4,4,0,0
21,23,10,7,8,8,8,11,7,5,8,4,0,0
24,28,11,7,9,7,7,11,9,7,0,0,0,0
23,31,9,0,7,9,7,11,9,6,8,0,0,0
20,24,12,10,7,7,8,11,6,5,5,5,0,0
19,30,7,11,8,7,7,11,7,7,6,0,0,0
23,28,8,7,8,6,6,10,11,7,6,0,0,0
21,27,14,6,8,9,9,11,5,5,5,0,0,0
22,30,7,6,8,6,6,10,9,6,6,0,0,4
21,29,7,8,9,7,8,9,6,6,5,0,0,5
17,31,11,7,7,7,6,10,9,6,5,4,0,0
21,30,12,0,7,8,7,11,8,5,6,5,0,0
22,29,7,5,8,8,7,10,7,6,6,0,0,5
21,29,13,0,9,9,6,10,8,6,5,4,0,0
22,28,9,5,7,6,7,11,13,6,6,0,0,0
23,28,12,0,9,8,7,11,7,6,5,0,0,4
22,25,11,9,8,6,6,12,9,6,6,0,0,0
20,25,10,6,7,10,9,11,5,5,6,6,0,0
23,26,9,6,8,7,6,11,12,7,5,0,0,0
18,28,10,7,7,9,9,11,5,6,6,0,0,4
22,29,10,4,10,7,7,12,6,8,5,0,0,0
22,30,11,0,8,9,6,11,7,6,6,4,0,0
20,26,9,6,9,7,9,9,8,6,7,4,0,0
19,23,10,17,7,8,6,9,8,5,4,4,0,0
24,25,12,0,9,9,8,10,7,7,9,0,0,0
23,24,9,9,6,7,8,11,7,6,6,4,0,0
19,26,12,4,9,9,8,11,9,6,7,0,0,0
25,22,10,8,6,8,9,11,5,7,5,0,0,4
19,21,15,6,9,9,8,11,6,5,7,4,0,0
25,22,8,9,7,7,7,11,9,6,5,0,0,4
22,23,13,7,8,9,9,9,7,6,7,0,0,0
17,23,11,9,7,7,6,12,11,6,6,5,0,0
25,21,11,5,8,9,7,9,5,6,7,0,0,7
18,24,12,8,8,7,7,12,11,7,6,0,0,0
24,25,10,0,8,8,8,10,5,5,6,4,0,7
16,23,12,12,7,6,7,10,9,5,5,4,0,4
26,29,10,0,8,9,7,11,7,7,6,0,0,0
19,29,9,0,8,10,7,11,12,7,8,0,0,0
22,26,10,10,7,8,7,8,11,6,5,0,0,0
21,30,11,4,8,8,7,13,6,6,6,0,0,0
23,23,10,5,8,8,7,9,12,5,5,5,0,0
20,36,10,6,6,7,8,11,4,6,6,0,0,0
22,31,10,6,8,8,6,9,10,5,5,0,0,0
23,31,7,5,8,7,6,10,8,6,9,0,0,0
19,33,12,11,7,8,8,9,7,6,0,0,0,0
22,28,11,5,7,8,7,9,10,5,8,0,0,0
18,29,9,8,8,8,7,10,9,6,4,4,0,0
24,31,11,5,7,8,8,9,6,5,6,0,0,0
24,30,11,5,7,7,8,9,8,5,6,0,0,0
24,27,8,5,8,7,9,9,6,5,8,4,0,0
19,26,10,10,7,7,7,10,11,6,7,0,0,0
22,26,12,4,9,8,6,12,5,6,5,5,0,0
24,25,11,10,7,8,7,9,8,7,0,4,0,0
24,26,9,0,11,9,8,13,6,6,8,0,0,0
20,23,13,13,6,8,7,10,10,6,4,0,0,0
18,24,12,4,7,9,8,9,14,6,5,4,0,0
20,27,7,17,9,7,7,10,5,5,6,0,0,0
23,31,13,0,8,8,6,9,10,7,5,0,0,0
19,26,10,8,8,10,7,11,5,6,5,5,0,0
24,28,11,5,8,7,7,11,8,5,6,0,0,0
18,23,8,12,8,10,9,9,7,7,5,4,0,0
24,24,14,0,6,8,7,10,16,4,7,0,0,0
19,25,8,7,9,9,9,10,10,6,4,4,0,0
20,29,7,11,7,8,11,10,6,6,5,0,0,0
23,29,8,5,7,7,7,10,9,6,5,0,0,4
19,29,13,6,8,7,6,10,5,6,6,5,0,0
20,31,9,5,8,7,8,9,9,5,5,4,0,0
21,33,9,8,6,8,8,11,7,5,4,0,0,0
21,28,11,4,8,8,7,9,9,8,7,0,0,0
22,29,8,13,7,8,8,11,5,5,0,4,0,0
20,29,9,7,8,7,7,13,6,5,5,4,0,0
22,29,11,5,8,8,8,9,8,7,5,0,0,0
21,31,13,0,8,7,7,11,7,6,4,0,0,5
20,27,7,11,8,8,7,11,7,6,8,0,0,0
21,24,12,5,6,7,9,12,8,5,4,0,0,7
21,24,9,7,8,8,7,10,8,7,7,4,0,0
19,23,8,16,7,7,9,9,8,5,5,4,0,0
18,23,15,5,7,8,8,10,7,5,5,5,0,4
23,31,9,9,8,7,7,8,5,7,6,0,0,0
18,29,11,0,9,8,10,10,6,6,4,5,0,4
23,25,10,9,7,9,9,9,7,6,6,0,0,0
19,24,11,7,9,8,7,9,16,5,5,0,0,0
25,28,11,8,7,8,9,12,0,6,6,0,0,0
24,26,12,10,7,9,10,10,0,6,6,0,0,0
18,29,10,4,9,8,6,10,14,6,6,0,0,0
23,27,12,7,8,9,10,12,0,7,5,0,0,0
21,22,14,5,7,8,8,11,8,5,7,4,0,0
21,23,10,4,10,9,9,11,5,7,6,5,0,0
23,22,13,8,7,7,8,12,7,5,8,0,0,0
23,23,10,4,11,9,8,11,10,7,4,0,0,0
22,23,10,11,7,8,8,9,8,6,8,0,0,0
25,24,11,6,7,8,8,9,8,6,8,0,0,0
20,22,11,6,9,9,7,13,9,6,4,4,0,0
28,20,10,5,8,8,8,10,11,6,6,0,0,0
18,24,10,8,8,8,7,11,5,6,7,4,0,4
19,28,10,5,7,8,7,11,4,6,6,4,0,5
20,28,10,4,7,8,6,11,5,6,6,4,0,5
22,27,12,8,7,8,7,9,0,6,5,4,0,5
22,26,8,6,9,9,7,10,0,6,7,5,0,5
21,23,12,7,8,8,7,10,13,6,5,0,0,0
20,27,9,5,8,8,7,10,4,6,7,5,0,4
27,26,11,5,7,8,7,12,6,6,5,0,0,0
19,23,9,10,8,8,8,8,10,6,6,5,0,0
21,27,10,11,6,8,5,9,7,5,7,0,0,4
20,31,10,0,7,9,8,11,14,5,5,0,0,0
21,26,9,17,7,6,7,8,4,6,5,4,0,0
22,30,10,0,8,8,8,11,7,6,5,5,0,0
18,25,9,19,7,7,7,9,9,5,5,0,0,0
23,28,13,9,8,9,6,9,5,5,5,0,0,0
22,23,8,5,8,7,9,11,10,6,6,5,0,0
22,21,9,10,8,9,8,9,6,6,7,5,0,0
22,23,12,5,9,8,8,11,10,6,6,0,0,0
21,25,12,4,9,8,8,11,10,6,6,0,0,0
19,21,8,10,7,8,8,10,9,6,6,4,0,4
24,24,14,4,9,8,7,11,6,6,7,0,0,0
19,23,11,5,7,9,7,11,12,7,5,0,0,4
19,23,10,5,8,9,7,12,11,7,5,0,0,4
25,25,11,9,7,8,9,9,5,6,6,0,0,0
25,25,10,8,7,7,9,10,6,6,7,0,0,0
18,31,12,6,9,9,7,11,11,6,0,0,0,0
27,26,10,4,8,7,8,10,9,5,6,0,0,0
19,29,10,8,7,9,7,11,4,6,5,0,0,5
21,29,12,5,8,7,9,8,5,6,6,4,0,0
21,32,8,6,7,8,6,12,9,6,5,0,0,0
21,34,10,7,9,6,7,8,6,6,6,0,0,0
19,32,10,4,8,9,5,11,6,6,4,0,0,6
19,29,8,5,8,8,6,11,6,6,5,4,0,5
21,27,9,5,8,9,7,14,5,6,9,0,0,0
24,28,9,6,8,9,8,10,5,7,6,0,0,0
21,32,10,6,8,7,6,10,9,6,5,0,0,0
22,33,9,6,8,9,7,10,6,5,5,0,0,0
19,34,10,5,8,6,6,10,11,6,5,0,0,0
23,33,9,7,7,8,8,10,4,6,5,0,0,0
18,28,12,5,9,7,8,11,7,5,6,4,0,0
22,26,10,10,7,8,8,10,8,6,5,0,0,0
19,27,10,11,8,6,8,10,6,6,5,4,0,0
22,31,10,0,8,9,6,10,9,5,6,4,0,0
20,29,9,12,7,8,8,8,6,6,7,0,0,0
21,28,10,0,8,9,7,12,15,6,4,0,0,0
19,27,11,5,8,9,9,11,10,5,6,0,0,0
21,25,9,9,7,7,8,9,14,5,6,0,0,0
20,29,9,4,10,8,7,11,5,7,6,0,0,4
21,27,11,11,7,7,7,9,10,5,5,0,0,0
22,31,9,10,8,8,11,10,0,6,5,0,0,0
17,29,9,6,6,8,7,10,8,5,8,0,0,7
24,28,9,7,8,7,7,10,6,5,4,5,0,0
18,30,11,8,7,8,7,9,6,6,6,0,0,4
22,27,10,10,7,7,7,10,5,7,8,0,0,0
20,25,6,9,8,8,8,11,5,6,9,0,0,5
22,26,13,4,9,8,7,9,11,7,4,0,0,0
24,28,9,7,7,9,9,11,5,5,6,0,0,0
19,28,12,6,8,8,8,9,10,6,6,0,0,0
20,30,10,5,9,8,10,10,6,7,5,0,0,0
20,25,10,7,6,8,6,12,10,5,6,5,0,0
25,25,12,5,8,8,11,9,6,6,5,0,0,0
20,26,9,8,8,8,5,12,9,5,5,5,0,0
21,29,7,7,7,8,9,11,8,7,6,0,0,0
21,28,11,9,8,7,7,10,5,6,4,4,0,0
19,31,8,4,8,8,6,10,9,7,6,4,0,0
24,28,12,6,7,7,7,10,9,6,4,0,0,0
22,28,9,5,7,7,8,10,10,6,4,4,0,0
21,25,10,7,9,11,7,11,7,5,7,0,0,0
21,26,10,7,7,6,8,9,14,7,5,0,0,0
22,27,12,6,7,7,7,10,12,6,4,0,0,0
22,24,9,8,7,9,7,10,5,6,8,5,0,0
24,24,13,5,10,8,9,12,8,7,0,0,0,0
21,27,8,5,7,10,6,10,6,6,9,5,0,0
28,24,10,0,9,10,10,10,7,7,5,0,0,0
19,23,8,17,8,7,9,11,6,6,6,0,0,0
23,28,12,0,8,9,7,10,10,7,6,0,0,0
21,25,10,8,8,8,10,13,5,5,7,0,0,0
23,34,10,5,7,8,6,8,8,6,5,0,0,0
18,31,9,7,9,8,9,12,7,5,5,0,0,0
20,28,8,5,8,7,6,11,14,6,7,0,0,0
18,33,10,0,8,8,6,11,12,5,4,5,0,0
22,27,10,8,6,7,8,7,5,7,4,5,0,4
20,30,9,7,8,9,7,9,4,7,5,5,0,0
22,32,11,0,9,7,7,13,8,5,6,0,0,0
19,27,10,8,9,9,8,10,6,9,5,0,0,0
21,27,11,7,8,7,8,9,6,6,6,4,0,0
21,26,9,8,8,7,6,11,6,7,7,4,0,0
21,29,10,0,9,8,10,11,7,5,6,0,0,4
22,28,10,0,8,8,9,11,9,5,6,0,0,4
16,23,11,10,7,8,7,10,9,6,4,4,0,5
16,22,11,10,7,7,6,10,13,6,4,4,0,4
26,28,9,0,8,8,10,9,8,6,8,0,0,0
21,25,10,6,8,8,7,9,6,5,5,5,0,5
19,28,8,7,7,8,8,12,11,8,4,0,0,0
21,31,11,0,8,8,8,8,10,5,6,4,0,0
21,31,7,0,7,9,6,11,9,6,7,0,0,6
19,36,12,5,8,7,7,9,6,6,5,0,0,0
21,32,8,6,7,7,6,10,8,5,6,0,0,4
21,31,8,6,6,8,6,10,8,7,5,0,0,4
20,31,8,7,7,7,6,11,7,6,5,0,0,5
21,25,13,6,9,8,8,10,8,5,7,0,0,0
20,26,12,5,8,7,7,10,10,6,4,5,0,0
24,26,9,5,7,10,8,9,6,7,9,0,0,0
21,27,12,5,8,8,8,11,6,6,8,0,0,0
22,26,11,5,9,10,7,12,5,6,7,0,0,0
21,25,9,9,6,7,7,10,15,5,6,0,0,0
19,28,10,0,6,9,7,11,13,6,6,5,0,0
22,26,10,7,8,7,8,10,7,6,5,4,0,0
17,25,10,8,8,8,7,10,12,5,5,5,0,0
23,29,13,0,9,7,8,11,8,6,6,0,0,0
23,27,8,7,8,8,8,10,9,6,6,0,0,0
20,26,9,7,8,9,10,9,9,5,8,0,0,0
21,28,11,0,9,9,9,11,10,5,7,0,0,0
22,28,10,0,7,8,9,10,7,6,8,5,0,0
24,25,10,8,7,8,6,10,6,6,6,4,0,0
22,28,11,9,7,7,6,10,8,6,6,0,0,0
19,25,11,6,7,8,8,9,9,5,5,4,0,4
22,25,10,5,7,7,10,9,8,6,7,4,0,0
24,30,10,0,9,8,7,9,6,6,7,4,0,0
21,29,10,0,8,8,7,13,13,6,5,0,0,0
20,29,10,15,6,7,8,8,6,5,6,0,0,0
22,26,11,4,8,8,7,11,10,7,6,0,0,0
22,22,13,5,9,9,10,11,7,6,6,0,0,0
23,24,10,9,9,7,5,12,9,6,6,0,0,0
22,23,12,4,8,8,10,9,10,5,5,0,0,4
23,20,9,4,9,9,8,10,11,6,6,5,0,0
22,24,8,15,7,7,8,10,9,5,5,0,0,0
22,25,10,11,8,6,8,10,9,5,6,0,0,0
22,30,11,0,9,10,7,12,7,7,5,0,0,0
24,25,11,6,8,6,6,9,8,6,7,4,0,0
18,28,8,8,8,8,9,11,7,6,5,0,0,4
23,28,9,5,9,8,7,10,10,5,6,0,0,0
20,29,12,5,7,7,7,11,7,6,5,4,0,0
20,25,9,12,7,8,7,9,6,6,6,5,0,0
22,30,10,6,8,9,6,9,4,6,6,0,0,4
19,33,8,4,8,7,7,10,6,7,7,4,0,0
16,29,12,13,7,7,7,10,8,5,0,6,0,0
20,28,10,6,8,8,7,12,7,6,8,0,0,0
22,29,10,6,7,7,9,9,8,5,4,4,0,0
25,36,10,0,11,8,7,10,0,7,6,0,0,0
22,33,9,7,8,8,5,10,5,6,7,0,0,0
18,37,10,5,7,6,9,10,9,5,4,0,0,0
22,33,10,6,8,9,5,9,5,6,7,0,0,0
19,31,9,5,9,7,7,10,13,5,5,0,0,0
22,26,13,6,7,8,7,10,10,6,5,0,0,0
19,27,10,6,7,7,8,10,10,5,7,0,0,4
17,28,9,5,8,7,10,9,10,5,7,0,0,5
25,21,12,9,8,8,5,11,5,7,5,4,0,0
18,23,9,6,8,8,11,9,13,5,6,0,0,4
24,24,12,7,9,8,5,10,4,5,6,6,0,0
18,21,10,6,7,8,11,10,12,6,6,0,0,5
22,20,12,6,8,8,9,10,8,6,7,4,0,0
23,21,11,9,6,8,9,11,6,8,8,0,0,0
22,23,11,5,8,8,7,10,11,5,5,5,0,0
21,26,10,8,8,9,7,11,6,7,7,0,0,0
21,23,11,6,9,9,10,11,7,6,7,0,0,0
24,23,11,8,8,11,7,12,4,6,6,0,0,0
21,24,10,7,8,6,8,10,8,9,5,4,0,0
20,23,10,7,8,11,8,9,8,5,6,0,0,5
25,26,9,5,8,7,7,12,8,6,7,0,0,0
21,27,12,6,8,8,9,10,5,5,5,4,0,0
22,25,10,9,8,9,8,10,5,5,5,4,0,0
21,20,8,20,6,6,6,8,9,6,5,5,0,0
22,26,10,4,9,9,9,10,8,6,7,0,0,0
23,22,10,13,8,7,6,10,6,6,5,4,0,0
22,26,12,0,8,9,10,12,9,6,6,0,0,0
20,29,7,10,8,7,5,9,13,5,7,0,0,0
19,30,9,6,8,7,6,10,9,5,5,6,0,0
20,31,9,4,8,8,8,9,8,6,5,4,0,0
20,30,11,7,7,7,6,8,12,6,6,0,0,0
19,31,9,6,7,8,7,12,4,5,6,6,0,0
20,33,8,5,9,9,7,11,6,6,6,0,0,0
24,36,10,6,6,7,7,10,4,5,5,0,0,0
18,31,8,6,9,8,7,9,7,6,7,4,0,0
24,30,11,5,7,9,8,11,5,6,4,0,0,0
17,28,11,18,6,7,6,8,8,6,5,0,0,0
21,27,10,5,7,7,8,13,7,5,6,4,0,0
21,28,10,7,8,8,6,9,11,7,5,0,0,0
21,26,10,5,8,8,7,11,9,4,6,5,0,0
20,27,11,6,7,8,7,9,8,8,5,0,0,4
21,25,11,9,8,6,8,10,12,5,5,0,0,0
21,29,11,6,7,9,6,9,9,6,7,0,0,0
19,29,10,8,9,8,8,11,7,5,6,0,0,0
25,25,10,0,8,9,8,9,12,7,7,0,0,0
19,28,13,9,8,8,7,12,5,5,6,0,0,0
20,26,12,9,8,7,8,11,4,5,6,0,0,4
20,26,9,9,7,8,5,11,12,5,8,0,0,0
23,23,11,13,8,9,9,9,0,6,5,0,0,4
21,24,11,4,8,8,6,11,15,6,6,0,0,0
22,23,10,8,8,6,8,10,10,6,5,4,0,0
21,26,11,8,9,8,7,10,6,5,5,4,0,0
21,28,8,7,7,8,7,10,10,7,7,0,0,0
24,28,8,7,7,8,7,11,8,6,6,0,0,0
22,29,10,0,8,8,8,10,6,6,6,7,0,0
23,30,10,0,9,9,7,10,5,6,5,6,0,0
20,25,10,8,8,7,8,9,7,6,7,0,0,5
21,25,10,8,7,8,7,8,9,6,6,0,0,5
19,31,11,5,8,9,7,13,5,6,6,0,0,0
24,29,9,4,7,8,9,10,7,7,6,0,0,0
26,29,10,6,7,8,6,10,8,6,4,0,0,0
18,25,10,7,8,8,9,11,6,5,8,5,0,0
25,21,11,4,8,9,7,8,10,7,5,0,0,5
26,23,11,0,8,9,7,8,10,8,6,0,0,4
24,25,11,5,7,10,11,8,7,6,6,0,0,0
25,25,12,0,7,9,10,9,10,6,7,0,0,0
21,26,11,9,7,8,7,10,9,7,5,0,0,0
23,25,9,5,9,8,8,10,10,6,7,0,0,0
24,28,11,6,8,8,9,11,9,6,0,0,0,0
24,28,10,6,8,9,8,9,12,6,0,0,0,0
20,31,10,12,7,6,7,9,7,5,6,0,0,0
20,25,10,6,7,8,8,12,5,6,5,4,0,4
21,28,13,8,8,7,7,10,6,7,5,0,0,0
22,25,10,0,8,9,9,12,8,5,8,4,0,0
20,23,10,8,8,8,7,10,8,6,8,4,0,0
25,20,15,10,8,7,7,11,6,6,5,0,0,0
22,21,12,9,9,9,7,10,9,6,6,0,0,0
22,22,11,12,8,6,9,12,6,6,6,0,0,0
25,21,12,0,8,10,8,10,6,6,6,4,0,4
23,24,12,0,8,9,9,13,8,7,7,0,0,0
20,27,10,13,8,8,7,9,7,6,5,0,0,0
21,33,11,0,8,8,9,9,8,6,7,0,0,0
22,33,11,0,8,7,9,9,8,6,7,0,0,0
21,25,9,12,7,8,6,11,7,5,5,4,0,0
20,28,12,5,8,8,7,10,5,6,7,0,0,4
21,26,10,5,9,9,8,11,7,6,8,0,0,0
25,25,8,0,8,5,9,12,10,7,5,6,0,0
26,27,13,0,8,10,7,11,6,6,6,0,0,0
22,28,12,4,6,9,6,10,5,6,4,4,0,4
21,28,10,6,6,8,7,10,12,5,7,0,0,0
21,29,10,0,7,8,8,10,11,5,6,5,0,0
21,27,11,0,8,8,7,10,14,7,7,0,0,0
20,28,10,17,8,7,7,10,0,5,4,0,0,4
22,28,9,12,7,8,7,10,4,5,4,0,0,4
23,25,7,6,8,7,8,12,8,6,6,0,0,4
20,27,9,6,6,8,6,11,11,6,6,4,0,0
24,26,12,6,9,8,10,9,5,6,5,0,0,0
19,30,10,7,8,8,9,11,6,6,6,0,0,0
25,23,11,7,7,8,6,9,9,5,5,5,0,0
17,26,10,11,9,8,6,12,11,5,5,0,0,0
18,25,10,14,7,7,7,12,10,5,5,0,0,0
25,26,12,5,7,9,8,9,7,7,5,0,0,0
23,26,12,5,10,8,6,10,8,7,5,0,0,0
20,31,10,8,6,8,9,11,6,5,6,0,0,0
17,33,11,4,9,7,9,9,6,6,5,4,0,0
20,30,9,10,6,7,5,10,6,5,8,4,0,0
18,28,9,5,9,7,8,8,12,7,4,0,0,5
23,31,9,10,7,9,7,11,0,5,8,0,0,0
19,28,10,4,8,7,9,9,11,7,0,4,0,4
22,31,12,0,8,8,9,11,12,7,0,0,0,0
23,30,13,4,8,9,7,10,11,5,0,0,0,0
20,30,8,9,7,9,8,10,5,6,8,0,0,0
22,25,14,5,7,8,8,11,10,6,4,0,0,0
25,23,10,4,7,9,8,11,11,6,6,0,0,0
20,23,9,8,7,8,8,9,7,6,6,5,0,4
23,29,12,0,8,9,8,10,9,6,6,0,0,0
19,25,11,0,7,8,8,9,19,7,7,0,0,0
19,24,10,4,6,8,8,9,18,7,7,0,0,0
20,30,8,8,8,8,7,12,5,5,5,0,0,4
22,26,12,5,7,8,7,10,10,6,7,0,0,0
27,30,13,0,9,9,7,9,4,7,5,0,0,0
18,26,9,12,8,8,7,11,9,5,7,0,0,0
24,37,11,0,7,10,7,9,4,6,5,0,0,0
23,35,11,4,8,9,6,9,4,6,5,0,0,0
20,31,9,6,8,7,9,10,6,5,5,0,0,4
19,32,10,6,7,8,6,9,7,6,6,4,0,0
19,37,10,0,9,8,7,9,10,6,5,0,0,0
21,30,11,14,6,6,8,10,4,5,5,0,0,0
21,31,9,6,8,9,6,10,9,6,0,0,0,5
21,30,12,6,7,7,9,11,6,5,6,0,0,0
22,29,11,7,8,7,9,11,6,5,5,0,0,0
17,27,11,6,7,8,7,8,9,6,4,4,0,6
20,25,10,6,6,8,7,9,10,5,5,4,0,5
24,23,11,4,6,7,7,8,9,6,5,6,0,4
24,25,10,0,8,7,10,9,11,6,6,4,0,0
22,22,9,11,7,8,7,12,10,6,6,0,0,0
22,22,9,8,7,8,7,10,9,7,7,4,0,0
22,29,10,4,9,8,8,11,9,5,5,0,0,0
23,28,11,6,7,8,8,11,8,6,4,0,0,0
21,24,9,8,8,8,7,8,8,5,6,4,0,4
23,24,13,5,7,8,8,13,8,6,5,0,0,0
28,24,12,0,9,8,7,11,9,6,6,0,0,0
17,24,7,11,8,8,9,10,9,7,6,4,0,0
21,26,13,0,10,8,8,12,11,5,6,0,0,0
23,26,10,0,7,9,9,9,13,7,7,0,0,0
20,23,12,4,8,8,8,12,6,5,5,5,0,4
24,20,9,12,8,8,8,9,8,6,8,0,0,0
21,21,11,5,8,9,6,11,11,6,5,6,0,0
22,27,10,7,8,7,7,11,5,6,6,0,0,4
22,25,10,9,8,7,8,9,6,6,5,0,0,5
21,28,11,5,8,8,10,11,6,6,6,0,0,0
22,27,7,11,8,7,6,11,11,6,4,0,0,0
18,27,10,6,7,9,9,10,6,6,8,4,0,0
24,31,9,5,7,7,8,11,8,5,5,0,0,0
20,26,10,8,9,9,7,11,8,6,6,0,0,0
20,26,14,5,8,9,6,9,8,5,6,0,0,4
22,25,10,8,9,8,6,11,6,6,9,0,0,0
21,26,8,15,8,7,6,10,6,6,7,0,0,0
22,23,12,8,8,8,8,10,6,6,4,0,0,5
20,25,12,6,7,8,8,10,7,6,6,0,0,5
22,26,12,0,9,8,11,11,7,6,8,0,0,0
26,26,12,4,11,8,11,10,5,7,0,0,0,0
18,24,12,8,6,7,6,12,9,5,8,0,0,5
23,25,10,5,8,8,7,11,12,6,5,0,0,0
18,23,10,15,6,8,7,8,6,5,6,4,0,4
21,24,10,11,7,8,10,10,9,5,5,0,0,0
22,25,10,8,7,8,8,9,11,6,6,0,0,0
22,25,10,8,7,8,7,9,12,6,6,0,0,0
21,29,10,5,8,9,6,12,5,5,5,0,0,5
20,28,10,6,8,9,6,11,7,5,6,4,0,0
22,28,9,10,7,9,6,10,7,6,6,0,0,0
20,29,10,11,8,7,8,9,8,5,5,0,0,0
21,31,8,0,7,8,7,10,8,6,5,4,0,5
19,25,12,16,8,7,7,10,6,5,5,0,0,0
23,30,10,5,8,8,7,12,6,6,5,0,0,0
21,30,7,4,8,8,8,13,9,7,5,0,0,0
18,29,9,9,9,8,5,10,11,6,6,0,0,0
23,26,9,10,8,8,7,7,13,5,4,0,0,0
20,25,9,11,8,9,7,8,13,5,5,0,0,0
20,26,8,7,8,9,8,8,16,5,5,0,0,0
22,28,13,6,8,7,7,12,0,6,6,5,0,0
19,28,7,5,7,9,8,12,9,6,6,0,0,4
18,27,8,6,7,9,8,12,8,6,6,0,0,5
24,22,13,8,8,7,6,9,7,5,6,5,0,0
20,25,9,6,9,9,8,11,11,6,6,0,0,0
23,26,12,6,7,7,8,10,6,6,5,4,0,0
24,26,11,4,7,9,7,9,7,6,6,4,0,0
22,21,8,15,9,8,7,10,6,6,8,0,0,0
21,26,10,4,8,7,7,12,7,7,6,5,0,0
20,24,8,12,9,9,7,9,8,6,8,0,0,0
24,26,12,0,8,9,8,9,8,7,5,4,0,0
19,22,10,13,8,7,7,12,7,5,6,0,0,4
20,23,10,10,10,7,7,12,12,5,0,0,0,4
21,22,13,9,7,8,6,14,0,6,8,6,0,0
21,22,16,9,7,7,7,12,6,5,8,0,0,0
20,24,12,8,7,10,8,11,7,7,6,0,0,0
17,21,11,15,8,6,6,9,6,6,7,4,0,4
25,23,11,0,9,10,8,11,11,6,6,0,0,0
19,25,10,12,9,7,7,8,5,7,6,5,0,0
23,23,9,0,10,9,8,8,8,6,7,4,0,5
20,25,12,11,7,8,7,11,8,6,5,0,0,0
25,23,9,4,11,8,8,10,9,7,6,0,0,0
18,22,13,15,7,8,7,12,7,5,6,0,0,0
25,30,9,0,9,9,8,10,8,6,6,0,0,0
19,27,10,8,6,7,8,10,11,5,5,4,0,0
21,31,11,0,9,8,7,11,6,6,10,0,0,0
23,27,9,7,7,9,7,9,7,5,6,4,0,0
17,25,10,4,8,7,8,12,10,6,4,4,0,5
23,25,10,0,8,8,10,12,8,6,5,5,0,0
22,23,10,5,8,7,8,10,11,7,5,4,0,0
24,25,13,0,11,8,11,10,5,7,6,0,0,0
22,24,8,11,8,8,6,11,5,6,5,6,0,0
20,30,12,6,8,8,8,8,8,6,6,0,0,0
23,28,9,10,7,7,8,10,7,5,6,0,0,0
20,27,11,5,8,9,5,13,0,7,6,4,0,5
18,25,13,8,9,8,5,12,5,8,4,0,0,5
22,23,10,6,8,8,9,11,6,6,7,4,0,0
22,25,11,5,8,8,8,10,12,6,5,0,0,0
22,24,10,13,7,7,6,9,6,6,10,0,0,0
23,27,11,0,9,9,10,10,8,6,0,7,0,0
24,27,12,0,8,9,10,10,8,6,0,6,0,0
24,28,10,0,9,8,6,12,7,6,6,4,0,0
19,25,9,11,7,8,7,12,6,8,4,4,0,0
23,31,12,0,9,8,7,10,8,6,6,0,0,0
19,25,9,8,8,9,9,13,8,6,6,0,0,0
24,29,14,5,7,8,6,9,7,6,5,0,0,0
18,26,11,10,7,8,9,9,9,8,5,0,0,0
23,26,10,4,8,8,5,11,6,5,6,4,0,4
19,24,11,13,7,7,9,10,7,7,6,0,0,0
18,23,10,11,7,8,8,10,10,5,6,4,0,0
24,26,11,7,9,8,7,11,6,6,5,0,0,0
20,29,9,6,8,8,7,10,11,5,7,0,0,0
23,27,10,8,8,8,7,11,6,7,5,0,0,0
20,28,9,5,7,7,11,10,7,6,6,4,0,0
21,30,10,5,8,7,9,11,7,6,6,0,0,0
25,32,8,0,7,8,10,12,6,6,6,0,0,0
25,34,10,0,7,8,7,11,6,6,6,0,0,0
17,31,10,18,7,7,6,8,6,5,5,0,0,0
22,33,10,0,7,8,8,11,10,5,6,0,0,0
19,34,12,0,9,9,7,10,8,6,6,0,0,0
23,27,9,15,8,6,7,10,5,5,5,0,0,0
18,34,9,0,8,9,6,10,14,6,6,0,0,0
19,33,9,8,8,7,6,9,7,5,5,0,0,4
18,32,9,16,6,7,8,9,5,4,6,0,0,0
21,36,11,0,8,8,7,11,7,6,5,0,0,0
21,30,10,5,7,8,7,9,7,4,8,4,0,0
22,24,11,8,8,8,8,10,9,7,5,0,0,0
22,28,10,4,7,9,8,11,10,5,6,0,0,0
22,24,11,9,7,6,8,8,9,6,6,0,0,4
22,26,11,6,8,7,8,8,9,8,7,0,0,0
17,29,10,6,8,7,7,12,10,5,4,5,0,0
21,29,10,4,7,7,6,9,12,6,5,4,0,0
21,30,9,8,9,9,7,11,0,6,6,0,0,4
24,25,11,5,7,8,7,10,11,6,6,0,0,0
21,28,11,6,9,9,8,10,6,6,6,0,0,0
21,21,10,9,6,9,7,10,11,6,5,5,0,0
19,25,9,11,9,8,7,12,8,7,5,0,0,0
21,33,10,5,6,8,9,10,6,5,7,0,0,0
22,29,10,7,8,7,4,10,9,6,4,4,0,0
22,30,9,0,9,9,10,12,7,6,6,0,0,0
20,28,9,12,6,7,9,9,8,6,6,0,0,0
19,32,11,0,9,8,8,12,4,6,7,4,0,0
21,25,9,14,6,7,7,9,13,5,4,0,0,0
22,25,10,11,6,8,7,9,11,6,5,0,0,0
19,29,10,7,8,8,8,13,5,5,4,4,0,0
21,30,12,6,6,8,7,9,8,7,6,0,0,0
22,32,13,5,8,8,6,8,6,6,6,0,0,0
21,31,13,7,8,8,6,9,4,6,7,0,0,0
21,28,11,15,6,7,7,9,5,5,6,0,0,0
23,26,13,0,9,9,8,12,8,7,5,0,0,0
20,26,12,0,9,9,10,12,10,6,6,0,0,0
21,27,11,0,9,8,10,12,10,6,6,0,0,0
19,27,8,25,5,6,5,8,4,4,5,0,0,4
21,30,12,0,8,8,8,13,6,6,8,0,0,0
20,27,9,16,8,8,6,8,9,5,0,4,0,0
21,26,10,6,9,9,9,10,8,6,6,0,0,0
20,22,11,6,8,7,9,11,10,6,5,5,0,0
23,23,10,10,8,10,8,11,8,4,5,0,0,0
27,24,9,0,9,8,9,12,8,7,7,0,0,0
21,22,10,6,7,9,7,9,7,7,11,4,0,0
24,22,12,7,9,9,8,12,11,6,0,0,0,0
19,28,10,6,7,8,9,9,6,6,7,5,0,0
22,30,10,6,9,8,8,9,7,6,5,0,0,0
21,26,10,7,8,8,7,12,8,6,7,0,0,0
21,30,7,7,7,8,8,11,8,6,7,0,0,0
21,24,14,9,7,7,6,9,7,6,4,6,0,0
22,23,13,11,6,7,6,8,8,6,5,5,0,0
22,24,15,12,7,7,7,9,6,6,5,0,0,0
22,24,13,7,8,8,8,8,4,6,7,5,0,0
22,21,8,8,9,10,8,12,11,5,6,0,0,0
22,25,12,4,7,8,9,9,9,8,7,0,0,0
22,21,8,8,9,8,7,11,11,5,5,5,0,0
22,20,13,5,8,7,9,8,13,5,6,4,0,0
23,24,11,10,10,10,7,12,0,7,6,0,0,0
22,22,10,6,7,7,8,9,13,5,6,5,0,0
20,24,12,9,7,8,8,12,6,7,7,0,0,0
21,28,13,6,7,8,10,9,7,6,5,0,0,0
24,20,10,7,8,9,8,10,12,5,7,0,0,0
21,22,10,0,9,9,8,10,9,8,8,6,0,0
21,22,11,16,7,7,7,10,10,5,4,0,0,0
24,27,11,0,8,9,9,10,9,7,6,0,0,0
19,19,9,22,8,7,7,10,9,5,5,0,0,0
26,22,11,4,9,8,10,12,5,7,6,0,0,0
22,22,10,11,9,8,8,11,5,7,7,0,0,0
25,21,10,4,6,8,7,12,4,6,8,4,0,5
23,22,10,0,7,8,8,13,5,6,8,4,0,6
23,19,10,6,6,7,9,10,8,6,8,4,0,4
21,25,9,5,9,8,6,11,11,6,5,0,0,4
23,25,10,4,8,7,8,12,6,6,7,4,0,0
20,24,11,12,8,8,7,9,6,6,5,0,0,4
21,24,9,14,7,8,9,9,7,6,6,0,0,0
24,26,11,7,8,7,9,12,4,6,6,0,0,0
21,23,10,8,8,9,6,10,10,6,5,4,0,0
20,24,13,0,9,9,10,11,7,6,6,5,0,0
23,21,11,11,7,9,7,11,5,5,6,4,0,0
25,22,11,0,8,8,9,13,8,6,6,4,0,0
20,25,10,0,9,9,8,13,10,6,6,0,0,4
24,25,10,16,8,7,7,8,5,5,5,0,0,0
19,27,10,0,8,8,6,12,8,6,7,4,0,5
19,28,11,0,9,8,7,10,7,6,6,4,0,5
22,29,10,12,7,8,7,10,6,5,4,0,0,0
20,29,10,8,8,8,6,10,8,5,8,0,0,0
24,28,9,7,8,8,10,9,5,5,7,0,0,0
28,28,11,0,9,7,9,10,5,6,0,7,0,0
18,26,9,7,7,9,7,11,9,5,8,0,0,4
26,29,12,5,9,6,8,9,5,6,0,5,0,0
21,31,9,9,7,8,6,9,7,5,8,0,0,0
19,30,10,5,8,8,8,10,7,7,4,0,0,4
24,23,9,7,9,9,7,9,9,5,5,4,0,0
25,23,10,6,8,8,7,9,8,6,6,4,0,0
20,25,10,6,8,9,8,11,7,7,5,4,0,0
24,24,10,7,8,9,7,9,8,6,8,0,0,0
20,27,11,6,9,7,7,11,6,7,4,5,0,0
21,29,9,7,7,8,7,9,9,5,9,0,0,0
19,34,12,0,8,8,8,9,6,7,5,4,0,0
23,24,11,0,8,7,8,12,11,4,7,5,0,0
20,26,11,9,7,10,7,10,6,8,6,0,0,0
25,29,10,4,8,7,7,12,7,5,6,0,0,0
23,28,11,5,7,7,7,11,6,5,6,0,0,4
20,30,10,10,8,9,7,10,5,6,5,0,0,0
21,27,9,4,8,8,7,10,9,6,6,5,0,0
20,32,10,5,8,9,8,11,4,6,7,0,0,0
19,33,9,0,9,8,7,10,14,6,5,0,0,0
20,25,10,11,7,8,9,10,5,5,5,5,0,0
16,28,9,16,8,8,8,9,9,5,4,0,0,0
23,27,11,6,7,7,7,13,8,6,5,0,0,0
21,26,8,6,7,8,7,9,7,5,6,5,0,5
21,26,11,9,8,9,7,10,7,6,6,0,0,0
20,28,12,0,8,7,8,11,10,5,6,5,0,0
20,26,11,6,8,7,8,9,10,6,5,4,0,0
23,29,8,7,8,9,7,12,5,6,6,0,0,0
20,28,14,0,8,7,10,9,8,6,5,5,0,0
22,26,10,6,7,7,7,8,7,7,8,5,0,0
21,27,10,7,8,8,7,8,7,8,5,4,0,0
20,26,11,6,7,8,9,11,6,6,6,0,0,4
21,28,8,6,8,8,6,9,12,6,4,4,0,0
22,30,12,7,9,8,9,11,0,6,6,0,0,0
20,22,9,5,8,8,6,9,15,6,6,6,0,0
21,24,9,7,7,8,7,10,13,5,5,4,0,0
19,25,12,7,10,8,7,11,4,6,7,4,0,0
22,26,13,6,7,8,10,10,0,6,6,6,0,0
20,29,9,4,10,7,8,12,5,6,6,0,0,4
23,25,12,8,7,8,8,9,9,5,6,0,0,0
20,24,9,7,8,8,9,12,7,6,6,4,0,0
22,26,12,7,9,9,7,8,7,6,7,0,0,0
23,26,10,4,7,7,10,13,9,6,5,0,0,0
21,23,11,0,8,9,5,12,10,6,5,4,0,6
21,22,13,8,7,7,8,9,6,6,8,5,0,0
23,27,8,5,8,9,7,13,9,6,5,0,0,0
20,26,8,5,9,9,7,12,9,6,5,0,0,4
23,28,12,0,8,8,11,8,6,5,6,5,0,0
19,32,8,10,7,8,6,11,6,7,6,0,0,0
22,26,13,4,8,8,8,9,7,5,5,5,0,0
21,27,8,6,7,8,6,11,8,8,6,0,0,4
21,23,9,11,9,7,7,10,8,6,9,0,0,0
23,26,11,4,7,8,7,13,6,6,4,5,0,0
22,27,11,11,7,7,5,12,6,7,5,0,0,0
21,25,10,0,12,9,12,10,9,5,7,0,0,0
18,26,10,6,8,9,10,9,8,5,7,4,0,0
20,26,11,6,8,9,10,9,8,5,8,0,0,0
24,29,9,4,8,8,7,13,6,7,5,0,0,0
16,32,9,9,7,8,8,7,9,4,5,6,0,0
20,32,7,5,8,8,8,9,9,5,5,4,0,0
23,25,12,5,8,8,7,12,7,6,7,0,0,0
23,24,12,6,8,8,8,13,7,6,5,0,0,0
21,25,10,8,7,8,10,9,6,6,6,4,0,0
21,25,9,12,8,7,10,9,6,6,7,0,0,0
19,25,9,6,9,8,7,11,11,6,5,4,0,0
23,31,11,7,8,7,8,8,7,5,5,0,0,0
21,28,9,7,7,8,7,10,13,5,5,0,0,0
21,28,9,7,7,7,7,11,13,5,5,0,0,0
21,31,8,8,9,7,9,10,5,7,5,0,0,0
20,29,13,0,6,8,6,11,10,5,7,5,0,0
21,20,9,15,10,8,8,10,8,7,4,0,0,0
22,22,10,9,11,8,9,11,6,7,5,0,0,0
19,24,11,8,6,8,8,10,9,6,6,5,0,0
23,25,11,0,6,8,11,11,7,6,8,4,0,0
19,21,11,17,7,8,7,8,8,5,5,0,0,4
24,33,11,0,8,8,7,12,5,6,6,0,0,0
25,32,9,0,8,8,7,11,6,7,7,0,0,0
22,30,7,6,7,7,7,11,7,6,6,0,0,4
21,30,7,6,7,8,7,10,6,6,8,0,0,4
21,27,13,10,8,8,8,11,4,6,4,0,0,0
21,25,7,7,6,7,7,10,12,6,7,0,0,5
21,33,13,5,9,8,6,9,5,5,6,0,0,0
17,37,7,12,7,7,7,8,8,5,5,0,0,0
20,33,11,0,6,8,6,9,8,5,5,4,0,5
21,36,9,4,7,7,6,9,7,6,4,0,0,4
19,32,8,10,8,7,8,7,6,5,6,4,0,0
24,32,10,7,7,9,6,10,4,6,5,0,0,0
17,27,11,7,8,7,8,11,9,5,6,4,0,0
23,33,8,8,8,8,6,9,6,6,5,0,0,0
20,34,8,4,7,8,5,8,9,5,7,5,0,0
23,22,11,8,8,8,8,13,4,6,4,5,0,0
20,25,9,14,9,9,7,13,0,6,4,0,0,4
22,24,10,7,8,8,7,10,5,6,7,0,0,6
24,24,11,0,7,9,9,12,14,5,5,0,0,0
21,23,8,7,7,7,8,10,9,7,5,4,0,4
21,23,8,8,6,7,8,10,9,5,6,4,0,5
20,25,10,6,9,9,7,12,11,6,5,0,0,0
22,26,11,5,7,7,9,10,7,5,7,0,0,4
17,21,7,27,8,7,5,9,6,5,4,4,0,0
22,30,12,5,5,7,8,11,4,5,7,4,0,0
20,27,8,11,8,8,5,10,11,7,5,0,0,0
21,24,11,8,7,7,6,10,11,6,5,4,0,0
22,24,11,6,7,8,6,9,12,6,5,4,0,0
23,27,11,0,8,9,9,11,9,7,6,0,0,0
20,24,11,12,9,8,7,9,6,5,5,0,0,4
23,29,9,4,7,8,7,12,5,6,6,4,0,0
19,30,12,10,8,7,8,9,11,6,0,0,0,0
24,28,8,5,7,9,8,12,5,6,8,0,0,0
21,26,10,4,9,8,9,10,7,7,5,4,0,0
23,27,10,9,8,7,9,10,6,5,6,0,0,0
20,29,10,5,8,9,6,9,9,6,5,4,0,0
19,29,10,6,7,7,6,9,4,6,5,6,0,6
21,31,9,8,7,8,7,10,8,6,5,0,0,0
19,29,10,5,7,8,6,10,4,6,6,6,0,4
21,28,11,0,8,8,9,10,14,6,5,0,0,0
20,31,9,9,8,8,6,10,5,6,4,4,0,0
23,28,9,6,8,9,5,9,11,6,6,0,0,0
20,28,11,7,7,8,10,11,4,5,5,0,0,4
17,27,10,10,9,5,8,10,6,6,4,4,0,4
23,27,9,5,7,9,7,10,11,6,6,0,0,0
25,27,8,4,7,9,7,10,12,6,5,0,0,0
23,25,9,5,7,10,7,11,11,6,6,0,0,0
19,30,10,8,8,9,8,10,6,6,6,0,0,0
23,27,10,6,7,7,7,10,7,6,6,0,0,4
15,33,8,16,7,8,5,9,8,5,6,0,0,0
22,31,8,7,7,7,8,10,11,5,4,0,0,0
21,26,12,6,8,9,6,11,4,6,7,0,0,4
23,28,9,4,8,7,6,9,6,5,7,4,0,4
18,22,13,12,7,9,10,11,8,6,4,0,0,0
25,25,9,4,9,7,6,10,5,5,7,4,0,4
19,23,11,6,7,9,10,11,11,8,5,0,0,0
20,22,11,4,8,8,9,10,17,5,6,0,0,0
21,23,10,8,8,7,7,11,4,6,6,5,0,4
21,24,10,8,8,7,8,11,6,6,6,5,0,0
18,27,12,0,8,7,8,11,5,6,5,7,0,6
22,25,8,15,6,7,7,9,10,5,6,0,0,0
22,25,12,0,8,9,8,10,4,6,5,4,0,7
20,24,11,15,7,6,6,11,10,4,6,0,0,0
22,29,10,0,8,9,7,10,5,6,5,4,0,5
22,28,10,9,7,6,6,10,7,5,6,4,0,0
19,30,12,7,7,9,7,11,7,6,5,0,0,0
21,24,9,7,8,7,8,10,10,5,6,5,0,0
23,25,12,5,7,8,7,12,8,6,7,0,0,0
20,27,9,6,8,7,7,8,7,5,0,10,0,6
23,25,10,7,8,9,8,12,5,6,7,0,0,0
20,23,9,9,7,8,6,9,13,6,6,0,0,4
19,23,11,5,7,7,9,10,8,6,6,5,0,4
24,27,12,4,8,8,6,11,8,6,6,0,0,0
21,29,12,4,8,8,8,11,9,5,5,0,0,0
20,24,9,13,7,9,5,10,7,7,5,4,0,0
21,28,11,7,7,8,8,10,8,6,6,0,0,0
23,23,10,8,8,7,8,10,7,6,5,0,0,5
19,24,12,6,8,9,8,11,6,6,7,4,0,0
22,22,8,15,7,7,7,10,6,6,6,4,0,0
20,26,14,0,8,9,8,11,8,6,6,0,0,4
23,24,14,5,9,8,10,10,7,5,5,0,0,0
20,27,9,4,8,9,7,11,12,7,6,0,0,0
23,31,12,4,9,7,10,8,6,5,5,0,0,0
22,28,12,5,8,7,6,9,12,6,5,0,0,0
20,30,11,7,7,7,7,9,11,6,5,0,0,0
21,27,10,4,8,7,9,11,6,6,6,5,0,0
22,31,11,6,9,8,10,12,0,6,5,0,0,0
20,29,10,5,9,8,8,10,5,5,7,4,0,0
19,26,9,11,7,8,10,9,9,6,6,0,0,0
22,24,11,4,8,8,6,9,8,5,7,4,0,4
21,23,10,0,8,10,10,11,9,7,7,4,0,0
19,24,10,0,8,11,10,11,10,7,6,4,0,0
23,24,11,12,8,7,6,8,7,5,5,0,0,4
21,27,9,0,7,10,11,11,7,7,6,4,0,0
23,27,10,7,11,7,9,9,7,5,5,0,0,0
18,26,8,7,6,8,9,10,11,6,7,0,0,4
23,25,11,5,9,8,8,9,7,6,5,4,0,0
22,34,9,0,9,8,10,13,4,6,5,0,0,0
20,37,12,0,9,8,8,12,4,6,4,0,0,0
22,30,10,8,8,7,5,12,5,5,4,4,0,0
22,32,10,7,8,7,7,13,5,5,0,4,0,0
18,28,12,5,7,8,6,8,11,6,7,4,0,0
25,28,10,0,9,8,7,11,5,6,6,5,0,0
24,28,10,4,8,7,7,11,5,7,5,4,0,0
20,28,9,5,9,9,7,12,8,7,6,0,0,0
24,27,13,6,6,8,8,11,6,5,6,0,0,0
21,29,8,7,7,10,8,9,9,7,5,0,0,0
20,26,11,10,8,7,7,9,7,6,5,0,0,4
21,26,11,5,8,7,9,10,7,6,6,0,0,4
23,26,13,0,10,8,7,13,9,7,4,0,0,0
22,26,11,7,7,9,8,13,7,6,4,0,0,0
23,26,9,10,9,7,8,10,6,7,5,0,0,0
19,26,12,5,7,9,6,10,11,5,6,4,0,0
20,33,9,5,8,7,8,10,6,7,7,0,0,0
21,32,10,6,9,8,8,9,5,6,6,0,0,0
20,34,11,0,8,8,9,10,6,7,7,0,0,0
22,32,11,0,10,7,9,11,6,6,6,0,0,0
22,29,12,6,9,8,8,9,6,6,5,0,0,0
23,25,10,7,7,9,8,11,8,6,6,0,0,0
23,26,13,6,7,7,9,10,7,5,7,0,0,0
21,26,12,4,9,8,7,11,9,8,5,0,0,0
21,28,12,0,9,10,9,11,8,6,6,0,0,0
16,23,7,39,5,5,4,7,5,4,5,0,0,0
21,32,12,0,10,9,6,10,10,6,4,0,0,0
19,25,8,20,7,6,8,8,6,4,5,4,0,0
23,29,12,0,9,10,7,12,5,8,5,0,0,0
25,27,13,4,9,9,8,12,7,6,0,0,0,0
19,27,9,9,8,8,9,9,5,6,6,5,0,0
25,26,13,4,8,9,7,12,9,7,0,0,0,0
19,25,9,10,8,8,10,9,7,5,6,4,0,0
18,23,8,13,8,8,8,13,6,6,5,4,0,0
20,22,10,11,7,8,9,12,7,5,5,4,0,0
21,20,9,17,8,8,6,9,8,6,8,0,0,0
22,21,9,16,8,8,6,8,10,5,7,0,0,0
22,25,12,4,7,9,8,11,6,7,5,0,0,4
23,26,12,5,8,9,6,10,9,5,7,0,0,0
20,30,12,6,7,7,8,9,6,6,5,0,0,4
23,27,9,6,8,8,7,11,10,5,6,0,0,0
20,27,10,7,7,8,8,10,7,6,5,5,0,0
19,26,11,11,8,9,7,9,6,6,4,0,0,4
19,23,10,12,8,7,8,10,9,6,4,4,0,0
25,28,10,0,8,10,7,11,4,6,7,4,0,0
22,30,10,4,6,6,6,10,10,5,5,6,0,0
21,27,10,10,9,9,7,10,6,7,4,0,0,0
22,22,11,5,8,8,9,11,8,5,6,5,0,0
21,24,10,10,10,8,7,12,6,6,6,0,0,0
22,23,12,0,8,9,8,12,11,6,5,4,0,0
23,28,11,8,9,8,7,13,0,6,7,0,0,0
23,30,8,8,8,8,6,11,8,6,4,0,0,0
21,31,12,5,8,7,9,10,6,5,6,0,0,0
22,23,8,9,8,8,7,14,9,7,5,0,0,0
22,29,16,0,7,10,9,9,6,5,7,0,0,0
20,26,8,12,9,7,7,13,8,5,5,0,0,0
21,32,11,0,8,10,11,9,5,7,6,0,0,0
23,27,10,11,7,7,4,11,11,5,4,0,0,0
20,27,10,0,8,9,12,10,5,6,8,5,0,0
20,25,9,17,7,7,7,9,7,6,6,0,0,0
24,25,15,4,8,8,7,12,7,5,5,0,0,0
19,28,8,11,6,8,7,8,9,6,6,4,0,0
24,30,12,4,8,6,8,11,8,5,4,0,0,0
19,29,11,0,8,9,7,8,8,7,9,0,0,5
21,23,10,15,7,7,7,10,11,5,4,0,0,0
22,29,11,0,8,9,8,9,9,9,6,0,0,0
22,29,11,0,8,9,8,11,8,8,6,0,0,0
22,31,10,0,8,7,9,9,13,6,5,0,0,0
21,30,9,4,8,7,8,9,12,6,6,0,0,0
22,31,9,0,9,7,9,11,12,6,4,0,0,0
19,27,12,7,8,9,9,9,8,6,6,0,0,0
22,25,9,4,8,7,10,11,7,5,8,4,0,0
22,20,12,5,9,8,7,12,12,7,6,0,0,0
22,24,11,8,9,7,7,11,9,7,5,0,0,0
21,22,10,9,7,8,8,11,12,6,6,0,0,0
20,23,11,5,8,8,7,10,5,6,6,6,0,5
23,24,11,9,7,8,7,10,5,5,5,6,0,0
22,26,9,11,8,7,8,11,8,5,5,0,0,0
20,25,14,6,7,9,8,9,7,6,5,4,0,0
21,28,9,6,8,8,8,12,6,6,8,0,0,0
24,30,10,0,7,8,9,11,7,7,7,0,0,0
24,27,9,5,10,8,9,11,6,6,5,0,0,0
19,25,11,8,7,7,6,9,11,6,6,5,0,0
18,25,11,9,7,7,6,12,10,5,5,5,0,0
19,22,9,13,7,7,6,11,13,5,4,0,0,4
21,26,9,6,7,8,7,10,4,7,7,8,0,0
22,27,11,5,8,9,7,10,0,8,6,7,0,0
22,22,10,4,8,8,8,11,15,6,6,0,0,0
19,26,10,10,8,8,6,9,5,5,5,4,0,5
21,24,9,4,8,7,8,12,15,6,6,0,0,0
20,31,11,6,9,7,7,11,5,6,7,0,0,0
21,32,9,7,7,8,7,9,11,5,4,0,0,0
20,31,9,4,7,9,9,10,6,5,6,0,0,4
20,27,9,6,10,8,8,11,10,6,5,0,0,0
26,20,10,6,8,8,7,11,6,6,6,6,0,0
19,23,10,7,8,8,9,11,10,6,5,0,0,4
20,26,9,5,8,8,9,12,9,5,5,0,0,4
24,24,11,4,7,8,5,9,8,6,9,5,0,0
21,25,11,11,8,7,7,10,9,5,6,0,0,0
22,30,9,0,8,8,9,10,7,6,7,0,0,4
24,27,11,0,8,10,9,11,8,7,5,0,0,0
18,30,10,14,7,7,6,10,7,5,6,0,0,0
21,34,12,0,8,7,7,10,9,5,7,0,0,0
19,22,9,19,6,8,9,10,7,6,5,0,0,0
23,31,12,0,9,7,7,10,8,6,7,0,0,0
20,27,9,11,7,8,7,9,12,5,5,0,0,0
20,29,10,4,8,8,8,12,5,6,6,4,0,0
22,22,11,8,7,8,8,9,14,6,5,0,0,0
24,23,9,8,8,8,7,9,12,6,6,0,0,0
22,28,10,0,8,8,9,12,7,7,5,4,0,0
24,26,13,0,8,10,7,9,8,7,8,0,0,0
20,28,8,11,8,7,8,11,6,5,4,4,0,0
21,24,12,6,8,8,6,10,12,5,8,0,0,0
22,27,9,7,9,8,9,11,6,8,0,4,0,0
21,25,13,6,7,8,8,10,10,5,7,0,0,0
22,25,9,8,8,8,8,11,5,7,5,0,0,4
23,23,8,9,7,7,8,11,6,6,4,4,0,4
24,23,10,5,7,9,7,11,7,6,6,5,0,0
20,22,11,14,8,8,9,10,7,6,5,0,0,0
19,22,11,7,9,10,9,10,7,6,6,4,0,0
24,26,9,7,8,8,7,11,8,6,6,0,0,0
26,27,10,0,8,7,7,14,8,6,7,0,0,0
21,25,9,7,6,9,9,10,8,6,6,0,0,4
21,27,12,5,7,9,7,11,7,7,7,0,0,0
22,27,10,7,8,8,8,8,8,5,5,4,0,0
21,31,10,6,7,8,6,11,7,7,6,0,0,0
22,28,10,12,8,8,9,8,4,6,5,0,0,0
19,28,10,0,8,8,6,12,8,6,6,4,0,5
18,25,10,5,8,7,6,12,8,6,7,4,0,4
27,29,11,0,8,10,9,12,0,6,8,0,0,0
25,27,10,0,10,10,9,11,0,6,8,4,0,0
20,24,12,8,7,8,9,12,6,5,5,0,0,4
20,27,10,6,9,7,6,10,12,5,8,0,0,0
19,29,10,9,6,9,7,9,11,6,5,0,0,0
21,27,12,4,7,8,7,10,8,5,7,4,0,0
26,25,8,13,8,7,9,10,4,5,5,0,0,0
24,23,9,17,7,7,9,9,5,5,5,0,0,0
20,27,11,0,8,8,6,12,10,6,7,0,0,5
20,25,9,13,7,7,9,10,5,5,5,5,0,0
22,27,9,0,10,8,8,9,12,7,8,0,0,0
23,24,11,8,7,8,8,10,6,5,5,0,0,5
19,25,9,5,8,8,7,10,12,6,7,4,0,0
21,23,11,6,6,8,11,9,8,6,7,4,0,0
21,22,10,7,8,8,5,12,9,7,5,0,0,6
21,23,11,7,8,7,12,10,4,6,7,4,0,0
24,23,15,0,9,8,11,12,5,7,6,0,0,0
20,26,6,16,8,8,5,9,11,5,6,0,0,0
22,28,15,0,9,8,8,11,4,6,5,4,0,0
20,25,9,10,7,9,7,10,7,7,5,0,0,4
23,28,14,4,8,8,7,10,6,5,7,0,0,0
18,26,11,14,6,8,7,10,8,7,5,0,0,0
17,26,12,15,6,7,6,9,8,6,4,4,0,0
26,29,9,0,9,8,9,12,6,5,7,0,0,0
23,25,12,4,7,8,7,10,7,6,7,4,0,0
21,26,10,11,8,9,7,12,5,5,6,0,0,0
21,26,11,0,8,7,9,12,10,6,6,0,0,4
21,27,10,13,8,9,7,10,0,5,5,5,0,0
22,26,12,0,8,8,7,11,12,8,6,0,0,0
23,25,9,9,8,9,7,9,6,5,6,4,0,0
21,27,12,6,8,9,8,10,8,6,5,0,0,0
22,26,10,6,8,10,8,8,9,6,7,0,0,0
20,25,10,8,7,7,7,11,6,5,4,5,0,5
22,28,10,4,10,9,7,8,8,6,8,0,0,0
20,30,9,11,6,7,9,10,9,5,4,0,0,0
22,36,11,0,10,8,7,9,5,6,6,0,0,0
22,28,10,12,6,7,7,10,8,5,5,0,0,0
20,29,11,10,8,7,6,9,7,5,8,0,0,0
21,31,8,13,7,8,7,9,7,5,4,0,0,0
17,33,8,6,8,7,7,12,6,6,6,0,0,4
22,33,14,0,6,8,7,10,7,7,6,0,0,0
18,25,8,18,8,7,7,10,9,5,5,0,0,0
21,32,10,0,8,9,8,11,6,6,5,4,0,0
20,26,12,10,8,7,7,10,6,5,5,0,0,4
23,29,12,0,7,10,5,13,5,6,6,4,0,0
20,26,10,12,9,7,7,10,9,6,4,0,0,0
21,24,10,11,7,6,7,10,9,6,5,4,0,0
20,24,11,8,7,8,7,11,12,6,6,0,0,0
25,21,11,13,7,9,7,10,5,5,7,0,0,0
26,21,10,11,7,8,6,9,8,6,8,0,0,0
18,19,11,6,8,7,10,12,7,6,5,6,0,5
22,20,12,10,7,9,7,11,9,6,7,0,0,0
18,24,9,4,9,6,6,12,11,5,6,5,0,5
25,22,10,10,8,8,8,10,6,7,6,0,0,0
22,26,13,0,7,9,5,9,10,6,7,0,0,6
21,24,9,5,8,8,8,11,9,6,7,4,0,0
20,28,13,9,8,7,7,10,7,6,5,0,0,0
21,25,12,7,8,8,7,10,4,7,7,4,0,0
23,29,10,5,9,9,8,9,5,7,6,0,0,0
22,22,9,6,7,7,8,13,16,5,5,0,0,0
21,25,10,7,7,7,7,11,6,6,5,4,0,4
21,24,11,5,9,9,9,10,6,6,6,4,0,0
19,26,10,11,7,8,6,10,7,7,5,4,0,0
21,28,11,9,7,8,7,10,4,6,5,4,0,0
24,30,10,6,7,9,8,10,4,7,5,0,0,0
27,28,10,7,7,8,7,9,5,6,6,0,0,0
16,26,11,6,7,7,8,10,13,6,6,4,0,0
26,30,10,0,9,8,6,9,11,6,5,0,0,0
18,30,12,11,7,8,8,8,4,6,8,0,0,0
20,32,11,6,8,8,5,12,8,6,4,0,0,0
20,29,10,10,7,8,7,9,8,6,6,0,0,0
20,27,8,7,8,8,9,11,6,6,6,4,0,0
19,26,14,6,8,7,7,12,10,7,4,0,0,0
20,23,13,6,8,7,7,11,10,6,5,0,0,4
20,23,13,7,8,7,8,12,10,7,5,0,0,0
28,21,10,8,8,9,7,9,7,5,8,0,0,0
19,24,11,7,9,7,8,11,9,7,4,0,0,4
23,26,10,0,8,10,5,12,9,5,8,4,0,0
18,26,11,14,8,7,10,9,6,5,6,0,0,0
23,25,8,7,7,8,6,13,5,7,7,4,0,0
27,24,8,4,8,8,7,13,5,6,6,0,0,4
18,21,11,6,8,8,12,9,15,5,7,0,0,0
23,23,13,0,9,9,10,10,9,7,7,0,0,0
24,21,11,13,8,8,7,11,5,6,6,0,0,0
22,22,10,13,6,8,9,11,8,5,6,0,0,0
19,31,12,5,10,8,6,10,7,6,6,0,0,0
20,29,9,7,6,7,10,11,10,6,5,0,0,0
21,23,12,6,10,8,8,9,8,6,5,4,0,0
19,23,12,12,10,9,6,10,7,6,6,0,0,0
22,27,10,0,11,9,9,9,6,6,7,0,0,4
19,24,10,6,8,7,9,13,7,6,6,5,0,0
20,23,12,11,8,7,7,11,6,6,5,0,0,4
19,23,9,4,8,8,10,10,11,6,8,4,0,0
24,21,11,10,8,8,8,11,5,5,5,0,0,4
25,21,11,9,8,8,8,11,5,5,5,0,0,4
21,26,10,0,8,8,9,12,8,7,6,5,0,0
18,23,12,9,6,8,8,9,7,6,6,4,0,4
26,24,10,5,9,8,8,12,7,5,6,0,0,0
19,24,11,12,8,9,8,10,7,6,6,0,0,0
25,29,10,4,8,8,7,10,8,6,5,0,0,0
21,29,11,10,7,8,6,9,8,5,6,0,0,0
17,32,10,0,7,7,10,10,11,6,5,5,0,0
23,26,9,13,7,7,5,11,5,4,5,0,0,5
18,28,12,5,7,7,9,10,8,6,6,4,0,0
18,27,11,6,8,7,9,10,8,6,6,4,0,0
22,31,10,5,8,8,5,13,6,5,7,0,0,0
18,25,12,9,7,8,10,9,11,6,5,0,0,0
23,25,10,6,9,8,6,12,6,6,5,4,0,0
20,22,11,8,7,8,9,9,10,6,6,0,0,4
23,23,12,6,9,8,9,10,9,5,6,0,0,0
19,28,10,7,7,8,6,11,7,7,6,4,0,0
19,30,11,5,10,8,7,9,6,6,5,4,0,0
19,32,12,7,9,7,7,9,6,6,6,0,0,0
22,23,7,7,7,8,8,9,9,5,6,5,0,4
21,30,11,0,8,8,9,10,9,7,7,0,0,0
18,27,9,13,7,7,7,10,7,5,5,5,0,0
18,28,9,13,8,7,6,10,7,5,5,4,0,0
21,36,10,0,8,8,8,9,10,5,5,0,0,0
21,35,9,5,7,7,7,10,7,6,6,0,0,0
19,31,8,6,6,7,7,10,9,5,4,4,0,4
19,30,13,6,8,8,7,9,7,6,7,0,0,0
20,31,9,5,7,7,6,10,7,5,4,4,0,5
21,24,10,6,8,8,8,10,11,6,8,0,0,0
23,24,11,9,8,7,7,11,4,6,5,5,0,0
20,24,10,5,9,8,9,11,11,6,7,0,0,0
21,22,11,10,7,8,7,10,5,6,5,4,0,4
23,23,9,0,10,8,7,13,14,6,7,0,0,0
21,23,11,0,8,8,9,10,13,6,7,4,0,0
21,23,11,5,10,7,9,10,10,5,5,4,0,0
19,26,10,0,6,8,8,10,16,6,6,5,0,0
20,25,11,11,8,8,6,11,5,6,5,0,0,4
21,26,12,11,8,9,6,10,7,6,4,0,0,0
22,28,9,7,9,8,8,7,5,6,6,5,0,0
21,24,11,5,7,8,9,13,4,6,7,5,0,0
23,22,11,8,8,8,6,10,7,7,6,4,0,0
24,22,8,9,8,8,6,12,9,7,7,0,0,0
20,22,11,6,8,8,8,12,10,6,5,0,0,4
24,28,11,7,6,8,8,11,5,6,6,0,0,0
26,28,12,0,9,9,8,10,7,6,5,0,0,0
21,28,11,7,8,8,7,12,0,7,7,4,0,0
20,28,10,8,8,10,6,11,6,6,7,0,0,0
21,23,10,8,7,8,8,11,8,6,6,4,0,0
21,23,12,5,8,8,7,10,6,6,6,4,0,4
23,27,10,5,8,9,7,8,8,7,8,0,0,0
23,26,9,7,8,11,5,9,9,7,6,0,0,0
23,24,9,8,8,8,9,9,7,6,5,4,0,0
21,24,12,5,7,8,5,10,13,6,5,0,0,4
22,22,9,8,8,9,9,10,6,6,7,4,0,0
21,28,12,6,7,8,8,11,9,6,4,0,0,0
18,29,11,9,8,9,7,8,9,6,6,0,0,0
17,28,11,15,7,7,6,8,8,7,6,0,0,0
23,26,10,4,7,8,8,12,6,6,6,0,0,4
23,27,10,5,8,9,6,13,8,6,5,0,0,0
21,20,11,9,8,7,9,10,8,5,8,4,0,0
24,29,10,4,9,8,6,12,7,6,5,0,0,0
22,26,9,8,7,8,8,9,6,5,8,4,0,0
20,33,11,7,9,8,8,12,6,6,0,0,0,0
21,33,11,0,7,8,7,11,6,6,6,4,0,0
22,32,11,4,7,7,9,11,6,6,5,0,0,0
18,27,11,11,6,8,5,11,11,6,6,0,0,0
19,32,12,7,7,7,6,10,8,6,6,0,0,0
20,27,10,7,8,7,7,10,9,6,5,4,0,0
19,35,10,5,8,9,7,9,4,6,8,0,0,0
21,32,12,6,7,8,6,9,7,6,6,0,0,0
20,31,9,8,7,7,7,11,7,5,4,4,0,0
21,28,11,0,7,8,10,10,13,7,5,0,0,0
20,29,10,16,7,8,5,9,0,4,8,4,0,0
21,28,11,0,7,8,11,10,14,5,5,0,0,0
22,29,9,9,8,8,8,9,5,6,7,0,0,0
19,30,11,0,8,7,7,11,7,6,5,5,0,4
21,24,11,10,8,9,7,9,8,6,7,0,0,0
23,23,9,13,8,8,7,9,8,6,6,0,0,0
21,29,13,0,8,8,8,12,9,6,6,0,0,0
23,28,9,10,8,8,7,9,7,6,5,0,0,0
21,28,11,4,9,7,8,11,8,6,7,0,0,0
22,18,10,10,7,9,7,10,8,5,6,4,0,4
20,22,11,5,9,8,9,10,8,7,7,4,0,0
20,22,12,4,9,7,10,11,7,7,7,4,0,0
23,22,11,8,7,10,6,9,8,6,6,0,0,4
24,22,13,7,7,10,5,9,6,6,6,0,0,5
24,22,12,9,7,10,5,9,7,6,4,0,0,5
24,25,8,6,8,8,9,10,10,6,6,0,0,0
21,25,8,8,8,9,7,12,8,5,9,0,0,0
26,24,11,10,7,7,6,9,5,7,4,4,0,0
20,22,9,5,8,10,8,12,12,6,8,0,0,0
24,28,11,8,7,7,6,8,5,7,5,4,0,0
22,29,12,12,7,9,6,8,4,6,5,0,0,0
20,25,11,10,8,6,9,11,6,5,5,4,0,0
22,30,10,4,8,9,7,9,9,6,6,0,0,0
21,32,10,0,9,9,7,9,9,7,7,0,0,0
19,24,12,7,8,9,7,11,5,6,4,4,0,4
20,25,9,5,8,8,9,9,13,6,8,0,0,0
22,25,12,14,8,9,7,12,0,6,5,0,0,0
25,25,12,0,8,9,11,10,7,6,7,0,0,0
22,22,11,4,8,7,9,10,6,5,8,4,0,4
20,24,9,9,9,10,8,11,8,7,5,0,0,0
24,26,9,5,8,7,7,9,5,4,7,5,0,4
20,26,13,8,7,8,8,11,8,7,4,0,0,0
23,25,8,5,7,7,8,10,8,5,6,4,0,4
21,28,11,7,8,7,7,10,9,6,6,0,0,0
21,27,9,5,9,8,9,10,7,6,5,4,0,0
21,24,8,8,8,7,7,11,12,6,4,4,0,0
23,22,13,5,8,9,7,9,6,6,7,0,0,5
22,20,9,9,8,8,8,11,10,6,5,4,0,0
20,27,14,5,8,7,6,9,5,5,6,4,0,4
24,19,9,9,7,8,8,12,10,6,4,4,0,0
20,24,10,0,9,9,8,9,12,6,9,4,0,0
25,27,10,12,7,7,8,11,4,5,0,0,0,4
17,28,10,12,9,9,6,12,6,6,5,0,0,0
25,28,12,0,7,7,8,9,12,6,6,0,0,0
20,27,12,5,7,8,7,9,13,6,6,0,0,0
19,25,14,6,7,8,8,9,12,6,6,0,0,0
20,26,14,6,7,8,8,8,11,6,6,0,0,0
18,23,10,9,8,8,6,8,12,5,5,4,0,4
22,21,10,6,7,9,6,11,11,8,5,0,0,4
22,21,11,8,7,9,8,11,7,7,5,0,0,4
20,28,9,10,7,6,8,9,6,5,6,6,0,0
25,29,9,0,7,9,6,10,8,8,4,0,0,5
18,25,12,10,9,7,7,11,8,6,7,0,0,0
19,27,8,10,8,9,9,10,7,6,7,0,0,0
23,24,11,4,8,7,8,10,11,5,5,0,0,4
18,26,10,13,9,8,8,10,6,6,6,0,0,0
20,26,11,0,7,9,9,9,7,6,7,5,0,4
21,27,11,0,8,7,10,11,9,6,4,0,0,6
21,23,9,6,7,9,7,11,8,6,7,6,0,0
23,23,11,8,9,7,9,10,10,5,5,0,0,0
21,22,9,5,8,8,8,9,10,6,7,7,0,0
21,21,12,5,7,9,9,9,7,7,5,8,0,0
24,22,9,9,9,8,6,12,10,5,6,0,0,0
19,25,12,6,8,8,8,9,5,6,6,8,0,0
20,24,8,9,8,8,9,9,7,6,7,0,0,5
20,24,10,7,9,7,9,10,7,5,7,0,0,5
20,27,13,7,7,9,7,10,8,7,5,0,0,0
20,27,13,10,7,8,7,13,5,6,0,4,0,0
21,25,9,9,7,7,6,10,13,5,8,0,0,0
23,24,9,9,9,8,7,10,10,5,6,0,0,0
22,21,12,7,6,8,7,10,8,7,8,4,0,0
25,23,8,9,7,8,8,11,7,5,9,0,0,0
21,23,12,7,9,8,7,10,11,7,5,0,0,0
20,23,13,7,7,10,7,10,8,5,6,0,0,4
22,23,8,9,8,8,8,9,7,6,8,0,0,4
23,30,12,0,7,8,10,12,8,6,4,0,0,0
21,31,11,5,8,8,6,10,7,6,7,0,0,0
20,32,12,0,8,9,5,9,9,5,6,5,0,0
19,26,9,15,6,8,11,9,6,6,5,0,0,0
22,28,11,5,8,8,5,10,9,5,5,4,0,0
19,33,9,6,7,8,9,10,7,6,6,0,0,0
22,26,11,7,9,8,6,9,6,5,5,6,0,0
21,24,11,5,6,8,8,12,6,7,7,0,0,5
26,25,11,7,8,8,8,10,4,7,6,0,0,0
14,30,9,10,9,7,6,9,11,5,5,0,0,5
26,27,10,0,7,8,9,11,6,7,5,4,0,0
17,23,11,10,8,8,6,10,11,6,6,0,0,4
18,24,12,10,8,9,7,11,8,5,8,0,0,0
19,26,9,10,9,8,9,9,9,5,7,0,0,0
23,24,9,6,8,8,9,10,11,6,6,0,0,0
22,23,11,7,9,8,11,9,10,5,5,0,0,0
20,27,9,6,7,9,6,12,5,7,8,0,0,4
25,27,10,6,8,7,8,11,6,6,6,0,0,0
21,21,11,6,9,10,7,11,7,5,6,6,0,0
24,25,10,6,8,7,9,11,7,7,6,0,0,0
23,24,11,9,8,7,8,9,8,6,7,0,0,0
20,26,11,0,8,12,8,11,9,5,0,5,0,5
26,25,12,8,7,7,7,11,6,6,5,0,0,0
17,24,11,6,8,10,7,10,11,6,6,0,0,4
22,26,11,0,8,8,8,11,9,6,6,0,0,5
20,29,8,9,7,7,6,9,10,5,6,4,0,0
20,30,9,5,7,7,6,12,4,6,6,4,0,4
20,27,8,10,8,8,7,11,11,5,5,0,0,0
21,24,12,6,8,7,8,10,6,7,6,5,0,0
21,24,10,6,8,8,8,11,12,6,6,0,0,0
21,26,12,10,7,7,7,9,4,5,6,6,0,0
21,29,10,4,9,8,8,11,9,6,5,0,0,0
20,27,8,9,8,7,11,12,7,6,5,0,0,0
20,27,9,9,8,7,11,12,6,6,5,0,0,0
22,30,11,5,7,8,5,8,7,5,6,6,0,0
20,31,10,6,8,8,8,10,6,7,6,0,0,0
23,31,10,4,8,10,9,10,6,5,4,0,0,0
18,32,9,11,7,6,5,10,11,5,6,0,0,0
22,28,9,8,7,8,9,8,7,6,4,4,0,0
21,26,8,12,9,8,6,10,8,6,6,0,0,0
21,24,9,13,8,7,6,9,12,5,6,0,0,0
22,24,11,4,9,9,10,12,7,6,6,0,0,0
24,19,11,8,8,8,6,11,9,7,5,4,0,0
18,27,10,6,9,8,9,10,9,6,8,0,0,0
22,26,10,10,6,7,6,9,6,6,4,4,0,4
17,31,12,0,8,7,7,8,11,7,4,4,0,4
19,29,10,9,6,8,7,9,10,6,7,0,0,0
22,32,10,4,8,8,8,11,7,5,5,0,0,0
19,31,11,10,6,8,6,8,5,5,6,5,0,0
18,29,10,13,8,7,7,10,8,5,5,0,0,0
23,23,9,4,8,9,8,10,8,6,7,0,0,5
22,24,11,0,8,9,7,10,6,6,8,4,0,5
23,23,10,5,9,9,7,10,6,6,8,4,0,0
18,26,11,9,7,7,8,12,7,6,5,0,0,4
25,26,10,5,9,8,8,11,5,6,7,0,0,0
22,23,12,0,9,9,10,11,11,7,6,0,0,0
24,24,10,9,7,8,6,10,7,5,6,4,0,0
20,31,10,5,7,8,9,10,6,7,7,0,0,0
23,25,10,7,7,7,5,9,9,5,5,4,0,4
23,27,10,9,8,8,6,9,9,5,6,0,0,0
24,26,8,7,7,7,6,8,9,6,4,4,0,4
19,26,9,16,9,7,7,9,8,5,5,0,0,0
21,22,9,6,7,9,7,10,14,5,6,4,0,0
19,24,12,5,7,10,7,11,8,6,6,5,0,0
22,25,12,0,8,11,7,11,8,6,6,4,0,0
22,28,10,13,8,6,6,9,9,5,4,0,0,0
21,27,9,7,7,7,6,10,9,6,6,5,0,0
24,30,10,7,9,7,7,10,7,5,4,0,0,0
21,29,8,5,7,9,7,9,8,6,7,4,0,0
22,26,8,10,8,8,8,11,5,7,7,0,0,0
21,24,12,6,8,8,8,10,13,5,5,0,0,0
22,27,10,5,8,8,7,11,9,7,6,0,0,0
18,25,11,9,9,7,7,10,7,7,6,4,0,0
18,29,9,0,7,10,8,12,10,5,7,5,0,0
19,28,9,4,7,6,7,9,10,5,6,5,0,5
20,26,7,5,9,8,9,9,10,5,4,4,0,4
23,27,11,4,6,8,6,10,10,6,9,0,0,0
21,25,10,6,9,8,8,9,8,6,5,5,0,0
19,30,12,0,8,8,8,11,11,6,7,0,0,0
23,23,10,13,8,8,7,11,6,6,5,0,0,0
21,22,10,0,9,9,8,12,11,6,6,6,0,0
19,24,10,9,8,7,8,11,7,6,6,5,0,0
24,29,9,0,7,8,8,9,9,7,6,0,0,4
15,30,8,18,7,6,7,11,8,5,5,0,0,0
25,30,10,0,8,8,8,9,5,7,5,5,0,0
16,25,12,17,7,8,7,11,6,5,6,0,0,0
26,28,9,0,8,8,7,10,10,8,6,0,0,0
20,27,9,5,8,7,8,10,7,7,7,0,0,5
20,29,10,0,7,8,10,11,11,6,8,0,0,0
22,30,9,6,9,8,8,9,8,6,5,0,0,0
18,29,11,5,7,6,7,10,14,5,4,4,0,0
24,28,10,8,9,9,7,9,5,5,6,0,0,0
22,26,9,13,8,8,5,9,7,7,6,0,0,0
23,24,9,10,8,7,7,9,8,8,7,0,0,0
19,26,11,7,8,9,9,10,9,6,6,0,0,0
21,27,10,7,10,7,9,10,8,6,5,0,0,0
23,28,10,7,7,9,6,11,7,6,6,0,0,0
22,30,9,6,8,8,9,12,4,6,6,0,0,0
21,26,13,6,7,8,7,8,12,6,6,0,0,0
20,27,9,8,7,6,9,11,8,6,5,4,0,0
18,25,10,15,6,8,10,9,7,6,6,0,0,0
22,25,11,0,8,8,6,11,7,6,6,6,0,4
24,26,12,5,7,8,7,9,5,7,5,5,0,0
20,23,10,8,8,7,9,10,7,5,5,4,0,4
25,25,9,9,9,7,7,11,7,6,5,0,0,0
20,27,10,6,8,8,8,11,6,5,6,5,0,0
26,24,9,7,9,8,7,11,6,6,7,0,0,0
19,22,14,5,7,7,8,11,11,6,5,5,0,0
19,23,14,5,7,7,8,11,11,6,5,4,0,0
26,25,9,6,10,9,7,9,6,6,7,0,0,0
25,25,9,6,10,8,7,10,6,6,8,0,0,0
25,24,9,6,8,7,10,13,6,5,7,0,0,0
23,23,14,7,9,9,6,9,9,6,5,0,0,0
26,23,8,6,8,8,10,12,6,7,6,0,0,0
18,28,12,9,8,8,8,10,5,6,8,0,0,0
24,24,10,0,8,7,7,10,17,5,4,4,0,0
17,27,8,22,7,7,7,10,4,5,6,0,0,0
21,27,12,10,8,9,7,10,5,6,5,0,0,0
21,31,12,8,8,8,7,9,5,5,6,0,0,0
23,26,11,7,8,9,6,10,6,6,4,0,0,4
22,26,10,7,9,8,6,11,6,6,5,0,0,4
21,25,13,6,8,8,9,10,8,5,7,0,0,0
18,26,8,9,8,9,6,10,7,6,5,4,0,4
24,23,13,4,7,7,9,11,8,7,7,0,0,0
18,22,10,10,9,10,7,10,11,7,6,0,0,0
24,23,12,5,7,7,10,11,5,5,6,5,0,0
19,23,10,14,8,8,7,10,9,7,5,0,0,0
21,28,10,0,8,9,9,11,9,5,6,4,0,0
19,32,10,7,8,8,7,9,6,5,5,4,0,0
18,35,10,10,8,6,6,10,8,5,4,0,0,0
19,32,9,0,7,8,8,11,4,6,6,6,0,4
22,30,10,0,7,8,7,9,4,6,6,6,0,5
19,27,8,6,7,8,7,10,12,6,6,4,0,0
19,27,13,10,8,8,8,10,5,6,6,0,0,0
23,27,10,4,7,8,7,10,9,5,6,0,0,4
21,27,9,0,8,9,6,10,13,7,5,5,0,0
20,23,13,6,7,8,9,12,5,5,8,0,0,4
25,24,8,7,10,8,7,9,7,7,4,4,0,0
18,24,10,7,8,9,9,12,7,5,7,4,0,0
24,30,9,7,7,7,6,8,7,6,5,0,0,4
17,31,10,10,8,9,7,12,7,5,4,0,0,0
20,31,11,6,8,9,7,12,7,5,4,0,0,0
24,32,9,5,10,7,9,10,4,5,5,0,0,0
21,32,11,9,7,8,8,10,0,5,5,4,0,0
20,27,9,5,8,7,7,10,15,6,6,0,0,0
22,24,13,7,6,8,8,10,6,6,6,4,0,0
21,27,9,6,9,7,7,11,10,6,7,0,0,0
20,25,12,8,6,9,6,10,6,7,6,5,0,0
23,23,9,7,10,7,11,12,8,5,5,0,0,0
22,19,11,7,7,9,7,12,6,8,7,5,0,0
20,19,14,7,7,10,9,12,7,6,5,0,0,4
25,22,9,6,8,8,6,10,7,5,6,4,0,4
24,23,10,10,7,8,8,11,5,5,5,0,0,4
19,32,9,5,7,8,7,12,10,6,5,0,0,0
21,27,11,9,8,8,8,11,4,6,7,0,0,0
24,24,11,5,8,9,7,9,12,6,5,0,0,0
20,23,11,10,7,9,6,9,10,6,5,4,0,0
23,25,9,6,9,8,10,12,5,6,7,0,0,0
20,21,11,7,7,9,6,8,14,5,4,4,0,4
22,26,9,7,8,7,8,12,5,6,6,4,0,0
20,26,11,0,8,10,6,9,14,6,6,4,0,0
19,26,12,0,9,10,7,10,14,6,7,0,0,0
20,20,10,13,7,7,8,10,6,6,4,4,0,5
23,20,9,12,8,9,8,10,6,6,5,4,0,0
23,20,9,12,8,9,8,10,6,5,5,5,0,0
24,25,9,0,9,9,8,12,6,6,8,0,0,4
21,29,11,5,9,9,8,10,5,5,4,0,0,4
23,28,12,5,9,8,8,9,7,6,5,0,0,0
20,27,9,10,7,9,8,10,8,6,6,0,0,0
17,24,8,15,7,8,8,11,7,6,5,4,0,0
24,23,12,0,10,8,7,11,12,7,6,0,0,0
24,21,10,0,8,9,7,10,10,6,6,5,0,4
19,21,9,19,8,8,9,10,6,5,6,0,0,0
22,27,11,0,7,8,6,11,9,5,5,5,0,4
24,26,11,0,7,8,7,9,11,6,7,4,0,0
23,24,12,4,9,7,5,10,6,6,4,6,0,4
19,27,10,10,7,8,9,11,5,6,8,0,0,0
19,28,11,9,7,8,9,10,5,6,8,0,0,0
22,29,11,0,7,9,9,13,8,6,6,0,0,0
21,27,10,11,8,7,6,9,7,5,5,4,0,0
20,30,11,5,6,9,8,10,10,5,6,0,0,0
20,27,9,12,8,6,6,11,5,6,5,5,0,0
20,25,11,4,8,8,9,10,9,6,6,0,0,4
22,28,10,8,7,7,6,10,7,6,4,5,0,0
23,26,9,8,8,9,6,11,8,6,6,0,0,0
20,26,13,5,8,7,8,10,7,6,6,0,0,4
22,26,10,7,8,9,7,11,9,6,5,0,0,0
20,23,11,5,7,7,9,12,10,6,6,0,0,4
21,25,11,5,8,7,9,11,10,7,6,0,0,0
23,26,11,9,10,7,7,12,5,6,4,0,0,0
21,23,12,6,7,9,6,12,6,7,7,4,0,0
20,23,10,11,10,7,8,10,6,5,5,0,0,5
20,27,10,4,7,10,6,11,8,7,6,4,0,0
25,27,8,0,7,8,6,12,9,7,7,4,0,0
17,29,11,8,7,7,8,12,9,6,6,0,0,0
21,23,9,19,8,7,9,10,5,5,4,0,0,0
21,27,11,0,7,10,7,10,9,7,7,4,0,0
19,26,12,0,8,10,6,9,10,6,5,5,0,4
19,19,6,34,6,5,6,10,5,4,6,0,0,0
20,23,11,4,8,7,8,11,18,5,5,0,0,0
19,24,9,13,8,8,7,10,11,6,5,0,0,0
22,23,9,4,9,7,6,12,6,6,7,5,0,4
18,24,11,8,7,9,7,11,12,7,6,0,0,0
19,24,11,7,9,7,7,12,10,5,5,4,0,0
23,26,10,5,8,9,9,11,5,7,7,0,0,0
21,25,11,0,8,8,6,9,10,6,6,6,0,4
22,25,12,0,8,9,7,10,10,6,7,4,0,0
20,27,12,6,9,9,8,10,7,7,5,0,0,0
25,25,9,9,7,7,7,12,8,5,6,0,0,0
18,34,12,0,8,8,8,10,6,7,5,4,0,0
21,28,8,8,8,7,9,11,8,5,7,0,0,0
25,28,10,5,7,7,6,12,9,5,6,0,0,0
23,28,9,4,6,7,6,12,13,6,6,0,0,0
16,24,7,26,5,7,6,8,7,4,5,5,0,0
22,31,10,5,9,8,9,10,5,7,4,0,0,0
24,30,9,0,9,9,8,10,5,8,4,4,0,0
22,25,12,13,8,6,7,10,7,5,5,0,0,0
22,25,13,14,8,6,7,9,6,5,5,0,0,0
22,26,9,0,8,10,9,11,6,7,7,5,0,0
23,26,10,0,8,9,9,12,7,6,6,4,0,0
18,24,13,8,8,7,6,11,16,5,4,0,0,0
18,24,10,6,7,9,7,12,13,4,6,0,0,4
22,24,13,6,7,7,8,10,5,7,6,5,0,0
22,24,9,9,8,10,8,11,7,5,7,0,0,0
17,23,10,13,7,8,8,12,10,5,7,0,0,0
24,25,11,0,8,7,7,10,8,7,5,4,0,4
24,24,12,0,7,7,7,10,7,8,5,5,0,4
19,25,9,11,9,9,7,10,9,5,7,0,0,0
23,26,12,4,6,7,9,12,8,6,7,0,0,0
22,24,12,10,6,8,7,9,7,6,5,4,0,0
21,28,10,5,9,9,7,12,8,5,6,0,0,0
24,18,10,10,7,7,7,9,8,6,6,4,0,4
21,26,10,0,10,10,9,12,9,6,7,0,0,0
20,24,11,0,8,10,9,11,9,6,7,5,0,0
20,25,11,0,8,9,10,9,11,6,6,0,0,5
24,21,10,9,8,8,8,11,4,7,5,5,0,0
18,28,12,0,8,8,7,9,11,6,8,0,0,5
23,30,10,8,6,8,7,11,4,5,4,0,0,4
20,23,9,7,9,8,8,9,13,7,7,0,0,0
23,30,12,6,8,8,7,11,4,5,6,0,0,0
19,26,10,5,8,8,9,8,10,6,7,4,0,0
20,23,11,12,7,8,6,11,4,5,5,4,0,4
21,29,10,0,9,8,6,9,10,5,7,0,0,6
20,27,8,9,9,7,7,8,8,6,7,0,0,4
21,27,8,6,9,7,6,8,7,6,7,4,0,4
19,29,9,5,9,9,6,9,9,7,5,0,0,4
21,26,11,5,7,7,9,11,5,5,8,5,0,0
21,26,10,0,7,9,10,12,11,7,7,0,0,0
22,25,12,11,7,8,5,10,5,5,5,5,0,0
22,34,10,0,7,8,9,9,7,7,7,0,0,0
20,33,10,7,7,8,8,9,8,5,5,0,0,0
18,30,10,9,7,7,8,9,8,4,6,0,0,4
23,29,10,4,8,8,7,11,8,6,6,0,0,0
20,24,11,9,7,8,7,11,7,5,5,0,0,6
23,31,9,5,8,7,6,10,8,7,6,0,0,0
21,30,11,7,8,8,7,10,8,5,5,0,0,0
21,33,10,5,7,9,8,10,5,7,5,0,0,0
20,26,10,7,9,7,7,10,8,5,6,5,0,0
19,30,10,0,8,8,9,12,9,6,5,0,0,4
21,24,10,14,7,7,7,10,9,6,5,0,0,0
21,25,12,8,7,8,7,8,7,6,6,5,0,0
22,25,8,6,8,7,9,12,8,6,5,0,0,4
21,22,10,9,8,8,7,10,8,6,7,4,0,0
22,22,10,9,8,8,7,10,9,6,5,0,0,4
20,29,11,4,7,9,8,11,9,6,6,0,0,0
21,30,10,0,8,8,10,10,7,6,6,4,0,0
23,28,10,5,9,8,7,9,9,6,6,0,0,0
19,26,9,8,7,7,8,13,8,5,4,6,0,0
20,28,11,0,9,9,7,11,6,7,7,5,0,0
19,28,12,0,9,9,7,11,7,6,7,5,0,0
23,21,10,16,7,8,9,9,6,6,5,0,0,0
20,22,11,7,9,9,8,12,7,5,6,4,0,0
20,20,13,10,8,9,7,10,7,6,5,5,0,0
23,23,9,5,8,8,8,12,5,6,8,0,0,5
21,23,11,9,8,9,8,9,10,6,6,0,0,0
21,24,13,14,8,7,6,11,7,5,4,0,0,0
19,30,8,0,8,9,10,10,9,6,6,5,0,0
23,27,10,15,9,7,7,12,0,5,5,0,0,0
20,27,10,13,9,8,6,11,6,5,5,0,0,0
19,28,12,5,7,8,8,10,9,6,8,0,0,0
24,27,10,5,8,8,8,11,9,6,4,0,0,0
20,27,10,8,7,9,8,10,7,6,8,0,0,0
21,27,12,6,8,8,10,9,5,5,4,0,0,5
21,22,8,8,7,8,6,12,10,7,7,4,0,0
21,22,14,4,9,7,8,10,11,5,5,0,0,4
20,24,10,0,6,9,9,10,8,7,6,4,0,7
24,28,10,4,10,8,7,12,6,6,5,0,0,0
23,29,8,0,9,10,6,13,8,6,8,0,0,0
22,23,10,5,8,6,12,8,11,5,6,4,0,0
22,21,8,14,8,9,5,10,8,6,9,0,0,0
19,19,11,7,7,11,7,10,8,6,7,4,0,4
24,24,10,8,10,7,8,11,6,6,6,0,0,0
20,23,10,10,7,8,7,9,7,7,4,4,0,4
23,25,9,0,9,10,10,11,11,6,6,0,0,0
20,29,12,13,7,6,5,9,7,4,4,4,0,0
22,30,10,6,8,8,8,11,6,6,5,0,0,0
21,25,11,5,7,8,7,9,9,6,7,0,0,5
19,20,10,6,9,8,8,11,8,5,6,4,0,6
23,25,10,9,8,8,7,12,7,7,0,4,0,0
21,25,10,8,7,8,8,12,6,5,5,5,0,0
21,26,9,7,9,8,10,9,5,6,6,0,0,4
19,31,11,6,8,7,6,11,10,6,5,0,0,0
25,26,12,0,7,10,9,10,6,5,6,4,0,0
17,28,10,11,8,6,6,12,11,6,5,0,0,0
20,27,10,10,8,9,8,7,6,5,6,0,0,4
20,31,10,7,8,7,7,9,9,6,6,0,0,0
20,25,11,5,9,8,7,12,7,6,6,4,0,0
21,25,11,9,7,8,7,9,12,5,6,0,0,0
24,29,10,6,7,8,8,12,4,6,6,0,0,0
19,28,9,6,8,9,7,11,7,6,6,0,0,4
23,27,13,7,8,7,7,9,7,6,6,0,0,0
25,27,12,6,8,9,8,8,6,5,6,0,0,0
19,25,9,6,7,8,9,13,8,6,6,4,0,0
19,23,12,7,7,7,9,11,9,6,6,4,0,0
23,28,9,6,8,8,7,9,6,6,5,0,0,5
18,24,14,10,7,8,8,13,7,6,5,0,0,0
27,25,9,0,10,10,9,11,7,6,6,0,0,0
17,22,12,12,6,7,8,11,9,6,6,4,0,0
17,22,11,11,7,8,8,11,9,6,6,4,0,0
27,31,11,0,9,8,8,10,6,5,5,0,0,0
16,19,8,16,7,8,8,11,6,6,6,4,0,5
26,20,9,12,8,7,6,10,6,6,6,4,0,0
20,26,14,5,6,10,8,11,7,7,6,0,0,0
22,24,9,9,9,7,8,11,5,6,6,0,0,4
21,20,11,5,8,10,8,9,15,7,6,0,0,0
21,21,13,14,8,8,8,8,9,5,5,0,0,0
22,23,10,10,8,8,9,11,7,6,6,0,0,0
22,24,9,4,6,9,8,10,9,6,8,5,0,0
18,24,9,15,10,7,6,9,8,5,4,0,0,5
24,28,11,0,6,9,7,12,6,6,6,5,0,0
25,25,14,5,8,7,6,13,8,5,0,4,0,0
22,29,9,4,10,9,8,10,5,6,8,0,0,0
20,26,15,5,8,8,9,9,5,5,6,0,0,4
22,26,12,7,7,10,7,8,7,6,4,4,0,0
23,29,11,0,7,7,7,11,10,6,9,0,0,0
21,23,10,20,8,9,7,9,4,5,4,0,0,0
22,29,10,0,7,7,8,11,13,6,7,0,0,0
21,27,11,0,7,8,8,10,10,6,8,0,0,4
21,28,11,11,8,8,7,10,6,6,0,4,0,0
19,25,7,12,7,8,5,9,7,6,6,4,0,5
23,29,12,0,8,10,9,11,7,6,5,0,0,0
25,24,12,6,7,7,7,10,11,6,5,0,0,0
18,22,10,7,8,9,7,11,5,6,7,4,0,6
25,21,10,10,8,8,8,9,5,7,5,4,0,0
23,22,10,16,7,8,7,12,6,5,4,0,0,0
23,21,9,6,8,9,8,10,8,6,4,4,0,4
21,26,10,5,9,9,8,10,8,6,8,0,0,0
21,25,9,14,7,7,7,9,7,5,4,5,0,0
20,29,9,6,9,9,8,11,6,6,7,0,0,0
21,32,12,10,7,7,7,9,5,5,5,0,0,0
24,30,10,7,7,8,7,11,5,6,5,0,0,0
19,23,9,7,8,7,8,10,14,5,6,4,0,0
21,28,11,4,7,7,8,9,9,5,6,0,0,5
21,29,10,9,8,10,7,11,5,6,4,0,0,0
20,29,10,9,8,11,7,12,5,5,4,0,0,0
21,24,11,4,7,6,7,9,11,5,7,4,0,4
22,25,10,9,7,10,8,11,4,5,5,4,0,0
21,28,11,11,7,6,8,10,5,6,7,0,0,0
21,26,10,12,8,9,9,8,7,5,5,0,0,0
19,33,9,8,7,8,9,11,4,6,6,0,0,0
21,31,12,0,8,9,6,9,13,6,5,0,0,0
18,32,10,13,6,7,8,9,6,5,6,0,0,0
17,30,8,20,7,6,8,8,5,5,6,0,0,0
23,30,9,6,9,10,6,11,6,5,5,0,0,0
23,29,10,4,7,10,6,11,6,6,4,0,0,4
21,29,9,9,8,8,7,9,8,6,6,0,0,0
23,22,13,6,8,8,8,10,6,6,6,4,0,0
21,24,8,12,8,8,7,9,10,6,7,0,0,0
20,26,9,15,6,5,7,8,9,4,6,5,0,0
22,30,11,0,10,10,8,10,7,7,5,0,0,0
22,26,9,9,6,6,7,10,11,4,6,4,0,0
20,27,11,9,6,8,5,10,9,6,5,4,0,0
22,25,9,6,9,7,10,11,4,6,7,0,0,4
24,25,13,6,8,7,6,10,5,6,6,4,0,0
19,33,9,5,9,10,9,9,4,6,7,0,0,0
21,29,7,8,8,7,8,10,7,6,4,5,0,0
21,29,12,4,7,8,7,9,7,6,6,4,0,0
20,22,9,12,8,7,5,12,7,6,4,4,0,4
22,27,11,0,8,8,9,9,8,6,8,4,0,0
22,20,10,12,7,8,7,12,6,6,5,0,0,5
21,24,11,5,8,7,7,10,8,6,8,5,0,0
21,22,12,13,7,7,8,11,7,6,6,0,0,0
24,20,11,0,8,10,8,10,8,6,6,5,0,4
19,22,12,16,7,7,7,10,8,6,6,0,0,0
22,23,11,8,7,8,6,11,9,8,7,0,0,0
23,22,11,6,10,8,9,10,5,5,6,5,0,0
23,21,9,8,8,10,10,11,6,5,5,4,0,0
18,20,10,13,7,9,6,11,8,5,5,4,0,4
22,18,10,16,9,8,6,11,6,6,0,4,0,4
19,20,11,5,7,9,10,10,4,6,10,5,0,4
24,28,11,8,7,8,5,10,14,5,0,0,0,0
18,29,7,4,8,8,10,11,7,6,8,4,0,0
21,31,8,6,6,7,9,11,10,6,5,0,0,0
18,37,12,0,9,8,6,11,7,5,7,0,0,0
17,32,11,0,9,8,7,10,7,6,9,4,0,0
24,25,9,7,7,8,11,8,5,6,4,0,0,6
19,21,11,6,9,8,7,13,8,6,8,4,0,0
19,22,11,7,9,8,7,11,9,6,6,5,0,0
23,23,12,6,7,8,8,9,7,6,6,0,0,5
21,25,9,12,8,7,5,13,8,6,6,0,0,0
17,24,9,9,8,8,6,11,12,5,6,5,0,0
19,25,11,9,6,9,7,9,12,5,4,4,0,0
21,26,10,9,7,9,8,9,11,5,5,0,0,0
22,25,10,9,9,7,9,10,5,5,5,4,0,0
19,25,12,7,6,9,7,9,14,5,7,0,0,0
23,22,11,7,8,7,6,9,8,6,5,4,0,4
20,24,9,7,8,10,10,12,7,6,7,0,0,0
22,22,7,7,9,8,7,11,11,6,6,4,0,0
24,24,14,0,8,9,8,13,7,7,6,0,0,0
21,22,9,9,10,8,6,10,10,6,5,4,0,0
24,23,11,11,7,8,6,11,9,5,5,0,0,0
20,25,9,7,8,7,8,13,8,5,5,5,0,0
24,23,10,9,8,9,7,10,7,7,6,0,0,0
20,28,13,0,8,7,8,12,9,5,6,0,0,4
21,27,9,11,8,8,7,10,7,7,5,0,0,0
21,32,12,0,8,6,7,12,11,5,6,0,0,0
21,27,7,10,8,8,7,9,6,5,7,0,0,5
20,23,11,7,9,9,6,10,7,6,8,4,0,0
22,34,9,5,8,7,8,11,6,6,4,0,0,0
18,33,9,7,7,8,8,11,8,5,6,0,0,0
24,25,11,6,8,8,7,10,8,7,6,0,0,0
19,23,9,17,8,8,8,8,10,5,5,0,0,0
18,24,10,15,7,7,6,9,8,6,6,4,0,0
23,28,11,8,9,7,8,11,5,5,5,0,0,0
20,26,11,6,7,9,7,11,7,6,6,4,0,0
25,26,10,0,8,8,7,10,8,5,5,4,0,4
18,22,9,18,7,8,8,9,8,6,7,0,0,0
24,24,12,5,9,8,6,12,9,6,0,0,0,5
20,25,9,0,7,9,9,10,9,5,9,4,0,4
20,26,9,0,7,8,9,9,9,5,9,4,0,5
21,26,9,0,7,9,11,10,9,5,8,0,0,5
19,26,9,5,7,6,9,10,10,6,7,6,0,0
24,26,9,6,9,9,9,10,6,6,6,0,0,0
20,26,10,0,8,8,5,11,10,6,5,5,0,6
24,30,10,4,9,8,9,11,4,6,5,0,0,0
21,32,10,5,6,7,8,9,8,7,7,0,0,0
21,31,10,7,6,8,8,10,5,6,8,0,0,0
23,31,9,8,7,8,8,10,6,5,5,0,0,0
21,28,11,5,8,7,8,10,7,6,5,4,0,0
19,27,9,10,7,7,6,11,10,5,5,4,0,0
17,26,11,8,7,9,7,9,15,5,6,0,0,0
20,29,9,7,8,7,8,12,8,5,7,0,0,0
25,28,11,0,8,8,7,9,9,7,4,0,0,4
23,27,12,0,8,8,7,9,10,7,5,0,0,4
23,28,10,0,7,9,9,10,14,6,4,0,0,0
22,23,12,15,8,8,7,10,0,6,9,0,0,0
22,26,10,0,7,8,8,10,15,6,4,0,0,4
21,27,11,0,8,8,9,10,15,6,0,5,0,0
20,27,9,12,7,7,7,10,4,6,11,0,0,0
22,30,8,5,8,8,8,11,4,6,4,0,0,6
20,27,10,8,8,8,6,10,9,6,8,0,0,0
24,29,9,9,8,8,7,10,6,6,4,0,0,0
24,30,9,8,9,8,7,10,5,6,4,0,0,0
20,25,10,12,7,8,6,12,5,5,6,0,0,4
21,27,10,0,9,7,8,9,12,6,6,5,0,0
21,32,10,12,7,9,7,11,5,6,0,0,0,0
19,34,9,6,8,7,8,8,8,5,8,0,0,0
20,35,10,7,7,7,6,10,8,5,5,0,0,0
20,29,10,7,9,8,8,9,7,6,7,0,0,0
19,28,13,8,6,9,7,11,5,5,5,0,0,4
21,25,10,8,8,9,7,9,6,7,6,0,0,4
22,29,11,10,7,8,10,10,4,5,4,0,0,0
21,28,12,6,8,9,10,11,0,5,5,5,0,0
20,28,11,8,9,9,10,11,0,5,5,4,0,0
20,28,13,5,10,9,8,12,4,6,5,0,0,0
20,24,14,9,6,6,8,10,8,5,6,4,0,0
22,29,12,7,8,8,10,10,9,5,0,0,0,0
20,26,11,7,8,8,6,10,8,6,6,4,0,0
22,23,9,6,9,9,9,11,6,5,6,0,0,5
21,21,10,6,9,8,7,9,7,6,7,4,0,5
23,27,10,9,6,8,8,10,8,6,5,0,0,0
22,22,8,10,8,10,6,11,5,8,5,0,0,5
17,28,15,5,7,7,9,9,13,5,5,0,0,0
24,22,9,7,8,10,6,11,7,6,5,5,0,0
17,26,10,7,7,8,6,9,14,6,6,4,0,0
21,25,11,8,9,8,8,11,7,5,7,0,0,0
23,22,8,7,8,8,8,11,11,5,4,5,0,0
21,25,8,8,8,8,8,11,8,6,5,4,0,0
21,24,13,7,9,9,6,10,7,6,8,0,0,0
21,28,9,8,7,8,8,11,8,6,6,0,0,0
23,30,9,0,9,9,9,11,5,7,4,4,0,0
20,31,11,8,7,7,6,9,9,5,7,0,0,0
22,25,9,4,10,9,8,10,7,7,5,0,0,4
24,26,8,0,9,8,9,11,10,5,5,0,0,5
21,27,11,10,8,8,6,11,5,6,7,0,0,0
19,29,7,6,9,8,10,13,6,6,7,0,0,0
23,30,9,0,7,7,9,12,5,6,4,4,0,4
23,30,11,5,8,8,7,11,0,6,6,0,0,5
23,27,11,4,9,7,7,13,7,7,5,0,0,0
21,25,11,8,10,8,8,11,8,5,5,0,0,0
25,26,11,5,6,8,7,12,7,7,6,0,0,0
19,25,12,12,8,8,8,11,6,5,6,0,0,0
23,29,8,0,8,8,7,10,9,8,6,4,0,0
23,29,8,0,8,8,7,10,9,7,7,4,0,0
20,33,12,6,7,8,9,10,6,4,5,0,0,0
23,29,8,9,9,8,7,9,6,6,6,0,0,0
20,32,14,5,8,8,7,10,6,5,5,0,0,0
21,30,9,4,9,7,9,8,8,6,5,4,0,0
20,30,11,8,7,8,6,10,9,5,6,0,0,0
25,22,10,9,10,7,9,10,5,6,7,0,0,0
21,22,10,10,7,10,6,10,9,8,7,0,0,0
20,21,10,10,7,8,6,9,8,7,5,4,0,5
21,21,9,9,7,8,6,11,8,6,6,4,0,4
23,23,13,4,8,8,8,11,11,6,5,0,0,0
22,23,8,9,9,8,9,11,8,6,7,0,0,0
20,21,10,9,10,7,7,12,7,6,6,5,0,0
24,19,11,0,7,9,10,11,12,6,5,0,0,6
24,19,12,4,7,8,10,11,11,5,4,0,0,5
20,21,11,5,9,8,7,11,7,7,8,6,0,0
22,26,10,8,8,8,9,10,10,5,4,0,0,0
23,22,9,10,9,11,7,10,5,5,9,0,0,0
23,23,12,0,8,7,11,10,11,6,4,5,0,0
18,21,12,10,8,10,8,10,6,6,7,0,0,4
25,24,11,5,7,8,8,11,10,5,6,0,0,0
19,29,9,4,9,9,7,10,7,7,6,4,0,0
23,24,9,11,6,7,7,10,11,5,7,0,0,0
22,25,10,9,9,6,7,10,11,5,6,0,0,0
16,26,10,12,8,9,6,12,11,5,5,0,0,0
23,27,11,4,7,8,9,11,8,7,5,0,0,0
20,26,10,11,10,9,6,10,7,6,5,0,0,0
21,25,10,7,8,8,6,12,6,6,7,0,0,4
24,27,9,5,8,7,6,13,6,7,8,0,0,0
23,28,12,6,8,9,7,9,6,6,6,0,0,0
18,26,8,6,8,7,7,11,10,7,7,5,0,0
17,27,8,5,8,8,6,11,13,6,7,4,0,0
21,29,7,0,8,8,6,10,12,6,5,4,0,4
22,27,11,6,9,7,8,11,8,6,5,0,0,0
20,32,9,5,6,9,7,11,7,6,8,0,0,0
24,29,11,0,11,8,9,12,5,6,5,0,0,0
21,30,12,4,9,8,8,10,7,6,5,0,0,0
22,31,10,7,8,9,7,10,6,5,5,0,0,0
20,29,10,11,7,7,7,9,5,6,5,0,0,4
22,25,11,12,8,9,7,10,5,5,6,0,0,0
20,28,10,0,8,8,9,11,12,5,5,0,0,4
20,28,8,8,6,7,6,11,8,5,5,4,0,4
17,29,9,10,7,8,6,10,13,6,5,0,0,0
24,30,12,4,7,8,8,10,5,6,6,0,0,0
24,29,12,0,9,9,9,11,5,7,5,0,0,0
19,28,9,10,7,7,7,10,13,5,5,0,0,0
23,34,10,0,7,8,11,10,5,7,5,0,0,0
19,27,11,13,7,8,5,8,12,5,5,0,0,0
20,26,9,4,8,7,9,11,9,6,7,4,0,0
22,24,12,6,7,9,9,9,8,5,5,0,0,4
20,28,7,8,8,7,6,12,7,6,7,4,0,0
23,25,9,7,9,7,7,9,11,7,6,0,0,0
19,24,13,6,7,9,8,12,7,5,5,5,0,0
23,23,11,8,8,7,7,10,5,6,7,0,0,5
21,22,12,6,9,9,7,11,6,6,7,4,0,0
24,20,12,4,7,7,11,10,5,5,7,4,0,4
20,25,9,11,9,8,7,11,10,6,4,0,0,0
25,29,13,0,7,9,9,9,6,5,8,0,0,0
21,21,10,10,8,9,7,12,9,8,5,0,0,0
21,24,10,0,8,8,10,12,10,7,6,0,0,4
20,22,10,0,7,7,10,11,11,7,6,4,0,5
24,28,10,7,10,8,6,11,5,5,6,0,0,0
24,28,10,7,9,8,7,11,5,5,6,0,0,0
22,27,10,9,8,8,7,10,7,6,6,0,0,0
20,26,11,4,6,8,8,10,8,5,6,4,0,4
19,29,10,8,10,6,6,11,6,6,5,0,0,4
18,28,10,6,6,9,6,10,12,6,5,4,0,0
23,28,11,6,8,8,7,11,0,6,8,4,0,0
20,29,10,4,8,8,9,9,9,6,4,0,0,4
22,24,11,0,9,9,7,10,5,7,6,5,0,5
19,26,10,13,7,7,7,11,8,5,7,0,0,0
24,25,12,5,10,9,8,9,7,6,0,0,0,5
22,25,11,6,8,8,7,12,10,6,5,0,0,0
21,22,12,7,8,9,9,10,5,6,7,4,0,0
22,25,9,0,10,9,11,10,7,7,5,5,0,0
22,27,11,6,12,9,8,10,5,6,4,0,0,0
23,21,10,6,5,8,6,11,13,5,8,4,0,0
20,28,11,5,9,6,8,9,10,5,5,4,0,0
19,30,10,0,10,8,10,10,13,6,4,0,0,0
24,24,10,12,7,8,6,11,6,6,6,0,0,0
21,24,11,13,6,9,6,12,6,6,6,0,0,0
22,29,8,7,9,8,8,9,8,5,7,0,0,0
19,29,12,13,7,7,8,9,5,6,5,0,0,0
23,27,11,10,6,9,7,9,5,5,4,4,0,0
18,27,8,7,8,7,7,11,10,7,6,0,0,4
22,25,12,9,7,8,6,10,7,5,5,0,0,4
19,27,10,0,10,8,7,14,11,7,7,0,0,0
21,28,11,0,9,9,7,12,10,6,7,0,0,0
22,26,12,7,8,7,9,9,5,6,4,5,0,0
21,23,10,6,8,9,8,8,16,5,6,0,0,0
20,23,13,5,8,7,7,11,5,5,5,6,0,5
20,27,9,13,9,8,7,9,6,6,6,0,0,0
22,22,12,4,7,8,8,11,10,6,6,4,0,0
20,25,10,8,10,7,9,10,5,6,6,0,0,4
22,24,10,7,9,7,10,11,4,6,6,0,0,4
19,26,10,9,6,8,5,10,12,5,5,5,0,0
22,23,9,5,9,7,9,10,6,6,6,4,0,4
22,27,12,6,7,8,6,10,8,5,5,0,0,4
22,23,9,7,9,9,10,10,5,6,6,4,0,0
19,33,12,7,7,9,5,9,8,5,6,0,0,0
22,23,10,9,8,7,11,11,9,6,4,0,0,0
19,25,14,11,8,8,6,10,4,6,5,0,0,4
23,23,11,5,8,8,8,12,7,6,9,0,0,0
19,22,10,12,8,8,8,9,6,6,4,4,0,4
21,21,9,13,7,9,9,12,5,6,8,0,0,0
19,22,9,12,7,9,9,12,8,6,7,0,0,0
25,28,11,5,8,8,7,9,8,6,5,0,0,0
22,27,12,0,8,9,7,12,9,7,7,0,0,0
21,27,9,6,6,8,8,11,13,6,5,0,0,0
22,30,9,7,9,8,7,10,5,6,7,0,0,0
20,31,10,8,7,8,8,11,8,5,4,0,0,0
21,29,10,9,8,8,7,9,4,6,5,4,0,0
23,28,12,8,6,8,7,10,6,6,6,0,0,0
21,29,10,0,8,8,8,12,14,5,0,5,0,0
18,22,9,18,7,5,7,10,5,7,8,0,0,4
18,22,9,19,7,5,7,10,4,7,8,0,0,4
24,26,11,0,9,11,6,10,10,5,4,4,0,0
19,23,11,8,8,7,8,11,6,7,6,0,0,6
23,27,9,6,7,8,9,10,7,5,5,0,0,4
24,28,8,7,9,9,9,11,6,5,4,0,0,0
19,28,12,7,7,8,6,9,5,6,7,6,0,0
24,29,8,0,8,10,9,11,10,6,5,0,0,0
20,25,10,7,8,7,6,10,7,5,6,5,0,4
20,25,10,6,7,9,7,10,7,5,6,4,0,4
25,25,10,6,8,8,9,10,7,7,5,0,0,0
22,25,10,4,9,10,5,12,6,6,7,0,0,4
21,23,12,10,6,7,10,9,9,5,4,4,0,0
19,28,11,7,7,7,7,10,12,6,6,0,0,0
22,31,10,4,9,8,9,10,5,6,6,0,0,0
23,28,9,7,7,9,10,11,6,5,5,0,0,0
22,27,9,8,7,7,6,10,7,6,6,5,0,0
21,28,9,4,9,9,9,10,9,6,6,0,0,0
21,21,11,9,7,8,7,11,8,6,6,5,0,0
21,26,8,10,6,9,8,11,10,5,6,0,0,0
20,26,15,0,9,8,7,11,9,6,4,5,0,0
21,29,7,9,7,9,8,10,8,5,7,0,0,0
20,30,8,11,7,6,7,9,7,5,6,4,0,0
22,29,12,5,9,9,8,11,0,6,5,4,0,0
24,27,9,0,11,7,9,12,6,6,5,4,0,0
18,28,10,12,6,9,6,8,8,5,6,4,0,0
21,29,10,9,8,7,8,11,6,5,6,0,0,0
19,27,9,11,8,8,7,11,6,5,5,4,0,0
23,26,9,5,9,8,6,11,11,6,6,0,0,0
19,33,12,6,6,8,9,9,8,6,4,0,0,0
23,32,10,4,8,7,6,10,6,7,7,0,0,0
19,32,8,6,8,8,6,11,8,5,5,4,0,0
24,25,13,4,7,8,8,9,7,6,5,4,0,0
24,25,10,0,9,8,9,11,7,6,6,5,0,0
24,24,10,7,8,10,7,11,6,5,8,0,0,0
21,24,13,4,7,8,6,13,5,6,5,4,0,4
23,22,10,8,8,8,8,8,8,6,7,4,0,0
23,23,9,7,8,8,8,8,7,7,7,5,0,0
20,26,11,14,8,7,7,8,5,5,5,4,0,0
21,24,12,4,6,9,8,9,12,6,5,4,0,0
21,24,12,5,9,7,8,11,11,6,6,0,0,0
22,23,13,4,9,8,7,10,8,6,5,5,0,0
21,26,9,9,7,8,8,9,7,5,6,0,0,5
22,22,11,5,8,8,8,11,4,6,7,4,0,4
23,26,12,8,8,8,8,10,6,5,6,0,0,0
22,26,11,8,8,9,7,9,7,6,7,0,0,0
23,26,10,9,8,8,7,9,7,6,7,0,0,0
20,27,10,7,8,8,7,12,4,5,8,4,0,0
18,24,11,17,6,8,6,8,10,6,6,0,0,0
21,25,11,5,6,8,8,11,7,5,5,4,0,4
21,24,11,6,7,8,10,9,5,6,5,4,0,4
22,27,11,4,10,8,7,10,9,6,6,0,0,0
19,24,10,8,7,7,8,9,10,6,4,4,0,4
20,25,13,4,8,9,9,11,9,7,5,0,0,0
21,20,10,14,8,7,8,10,5,6,5,0,0,6
22,30,11,0,7,8,6,12,6,5,7,6,0,0
20,25,11,6,7,8,7,10,10,6,5,5,0,0
20,24,10,5,8,10,6,10,12,5,6,4,0,0
21,24,11,8,8,7,9,10,9,7,6,0,0,0
24,21,10,9,8,7,7,13,6,4,7,4,0,0
20,27,12,5,8,8,6,10,9,7,4,0,0,4
23,26,8,8,7,7,8,10,7,4,7,5,0,0
20,33,13,0,8,9,8,9,4,7,5,0,0,4
22,22,9,13,7,7,8,10,7,4,6,5,0,0
18,27,16,0,8,9,6,9,7,8,7,0,0,5
24,21,9,16,8,8,7,10,6,5,6,0,0,0
17,25,9,9,8,7,7,10,7,6,6,5,0,4
16,26,9,5,9,8,7,10,7,6,7,6,0,4
24,22,9,10,8,7,6,9,5,5,6,4,0,5
19,27,11,10,8,9,6,11,8,6,5,0,0,0
22,27,10,4,6,7,7,10,8,5,5,4,0,5
20,28,9,11,9,8,7,10,6,6,6,0,0,0
22,28,9,11,7,8,7,10,7,6,5,0,0,0
20,28,9,12,6,6,7,10,7,5,5,0,0,5
21,27,11,9,9,8,8,10,8,5,0,0,0,4
23,25,9,6,6,8,7,10,9,5,7,5,0,0
20,27,10,4,8,8,7,9,13,5,5,0,0,4
21,32,10,6,9,8,7,11,5,6,5,0,0,0
23,31,10,4,8,8,8,10,6,6,6,0,0,0
21,23,10,12,8,8,8,9,5,5,6,0,0,5
22,22,11,0,9,8,6,9,7,7,7,4,0,8
23,21,11,7,8,10,9,13,5,7,6,0,0,0
24,21,10,6,8,9,7,15,7,7,6,0,0,0
20,23,11,5,9,9,8,13,8,7,7,0,0,0
20,19,11,13,7,7,8,9,11,5,6,4,0,0
23,22,10,0,9,10,9,14,6,7,6,4,0,0
21,22,11,0,7,9,8,10,15,6,7,4,0,0
21,31,11,12,8,8,6,10,4,5,4,0,0,0
19,30,8,13,8,8,7,11,6,5,5,0,0,0
19,28,10,0,6,7,11,10,11,7,7,4,0,0
24,29,9,8,9,8,6,9,5,5,4,0,0,4
19,29,11,6,7,8,8,9,10,5,4,4,0,0
22,26,12,5,7,7,9,11,9,7,5,0,0,0
20,31,9,11,8,9,8,9,4,5,6,0,0,0
20,29,10,4,8,7,7,11,4,6,5,4,0,5
21,30,10,0,8,6,8,11,6,6,4,4,0,6
21,27,10,5,6,9,6,10,9,6,5,0,0,6
24,29,10,5,8,8,6,9,10,5,6,0,0,0
21,30,12,0,9,7,7,13,6,5,6,4,0,0
25,23,8,10,7,8,5,9,14,5,6,0,0,0
17,29,12,6,7,7,8,11,7,6,6,4,0,0
24,38,8,6,7,7,6,10,4,5,5,0,0,0
17,36,10,8,7,7,9,8,8,5,5,0,0,0
18,37,9,5,8,8,6,9,7,5,4,4,0,0
22,31,9,8,7,7,8,9,6,7,6,0,0,0
20,29,11,4,8,8,8,10,6,6,5,5,0,0
18,26,10,16,8,8,7,8,5,5,5,4,0,0
24,31,10,0,7,8,7,11,8,7,7,0,0,0
17,28,8,15,9,8,7,9,6,5,4,4,0,0
17,23,8,27,6,7,6,8,7,5,6,0,0,0
22,26,9,8,10,10,7,9,9,6,4,0,0,0
20,26,11,11,7,6,6,11,5,5,6,6,0,0
23,22,10,0,9,9,8,10,16,7,6,0,0,0
21,22,9,5,9,9,8,9,15,7,6,0,0,0
20,26,11,9,8,8,7,11,4,5,5,6,0,0
21,26,12,8,7,6,6,10,10,5,5,4,0,0
20,27,13,10,7,6,7,9,11,5,5,0,0,0
20,30,8,10,7,8,10,9,4,6,4,4,0,0
21,35,10,9,7,6,6,10,5,6,5,0,0,0
21,26,10,5,9,11,9,10,8,6,5,0,0,0
22,29,11,8,7,6,7,11,7,6,6,0,0,0
21,29,11,8,7,7,7,11,6,7,6,0,0,0
21,29,11,0,10,9,7,9,11,6,7,0,0,0
23,26,10,7,8,7,8,9,8,6,8,0,0,0
19,28,9,10,8,9,6,11,8,6,6,0,0,0
22,35,9,0,7,7,10,13,5,6,6,0,0,0
21,31,8,15,8,8,6,8,4,6,5,0,0,0
19,31,11,8,6,8,9,9,7,6,6,0,0,0
24,25,8,12,9,7,6,10,4,5,5,5,0,0
21,28,9,10,7,8,6,8,12,6,5,0,0,0
21,34,11,0,9,7,9,12,0,6,5,6,0,0
23,32,10,0,9,9,8,10,7,6,6,0,0,0
20,25,9,5,7,7,8,12,5,7,5,5,0,5
21,24,11,8,8,8,8,10,11,5,6,0,0,0
21,24,12,0,8,8,7,9,12,7,7,0,0,5
21,23,12,0,8,8,7,9,13,7,7,0,0,5
21,25,8,11,7,8,8,11,4,6,7,4,0,0
21,26,10,13,7,6,8,11,4,6,8,0,0,0
20,30,9,4,8,9,8,11,5,5,6,5,0,0
22,27,9,7,7,9,9,9,7,5,4,5,0,0
19,28,9,6,12,7,7,11,8,7,6,0,0,0
24,24,11,7,6,9,6,11,7,6,5,0,0,4
17,24,8,7,10,8,9,9,7,6,7,4,0,4
28,25,14,0,7,8,7,11,6,6,4,0,0,4
15,24,8,10,10,7,7,9,11,6,5,4,0,4
22,27,10,6,8,7,6,11,9,6,4,4,0,0
18,26,9,7,8,8,9,10,6,6,8,0,0,5
22,22,10,12,8,8,7,10,7,6,4,4,0,0
20,25,11,6,8,8,8,10,11,6,7,0,0,0
22,31,9,7,8,8,7,12,5,6,0,5,0,0
20,29,10,6,8,8,6,9,12,5,7,0,0,0
21,29,10,5,8,7,9,12,4,6,5,4,0,0
20,30,8,5,8,9,6,11,11,5,7,0,0,0
20,26,12,13,8,6,8,11,6,6,4,0,0,0
18,28,11,14,7,8,10,9,6,5,4,0,0,0
21,29,12,13,8,8,8,11,4,6,0,0,0,0
20,27,9,11,8,7,7,11,5,6,4,5,0,0
21,27,11,7,8,8,8,9,8,5,8,0,0,0
21,24,8,12,7,7,11,11,10,5,4,0,0,0
23,28,12,0,8,8,4,11,5,6,7,4,0,4
18,27,8,10,8,8,12,9,9,6,5,0,0,0
25,27,12,7,6,8,5,11,6,6,7,0,0,0
20,24,9,11,9,7,10,10,5,6,5,4,0,0
22,25,9,8,9,8,9,10,5,6,5,4,0,0
21,23,11,4,7,8,8,10,7,5,7,4,0,5
20,25,9,7,7,8,8,9,12,5,6,4,0,0
20,24,11,10,8,7,9,8,8,5,5,5,0,0
22,26,9,6,7,9,6,11,8,6,6,0,0,4
21,25,12,5,8,8,9,8,9,6,5,4,0,0
22,22,9,10,8,8,6,12,8,6,5,0,0,4
22,26,11,0,9,8,9,10,8,6,6,5,0,0
23,27,16,0,8,8,8,10,5,6,9,0,0,0
21,28,9,5,8,8,11,10,6,6,4,0,0,4
20,25,9,12,9,8,9,11,6,6,5,0,0,0
24,24,13,5,8,8,7,10,4,5,7,0,0,5
19,24,8,5,8,9,10,11,9,6,5,6,0,0
21,22,14,7,7,9,6,10,12,6,6,0,0,0
22,25,8,8,9,7,9,11,5,5,6,5,0,0
23,24,11,5,7,8,7,10,10,7,8,0,0,0
22,23,11,5,7,8,8,10,8,6,8,4,0,0
21,28,10,6,9,8,8,9,6,5,6,0,0,4
22,27,10,9,7,7,8,9,7,5,5,0,0,4
19,24,10,24,9,8,5,8,0,7,6,0,0,0
19,24,8,20,8,8,4,8,5,6,6,4,0,0
19,24,8,18,8,7,5,8,8,6,5,4,0,0
21,27,13,4,7,8,8,12,8,6,6,0,0,0
25,29,10,5,10,9,8,9,0,8,7,0,0,0
20,29,11,8,7,8,8,13,11,5,0,0,0,0
24,25,9,5,9,8,7,9,5,7,8,4,0,0
19,26,11,4,7,8,8,12,9,5,5,0,0,6
20,22,10,0,10,8,9,10,8,6,6,6,0,5
21,24,11,11,7,9,7,11,7,6,6,0,0,0
21,22,10,5,9,7,9,11,7,6,6,7,0,0
23,26,12,4,8,10,7,11,7,6,6,0,0,0
22,26,13,6,7,9,6,12,7,5,7,0,0,0
18,25,7,13,9,6,8,9,8,6,5,6,0,0
21,31,13,6,6,8,6,11,8,5,5,0,0,0
23,30,13,7,7,7,6,12,6,4,5,0,0,0
16,30,8,6,9,8,9,10,7,7,6,4,0,0
16,30,8,6,9,8,9,10,7,7,6,4,0,0
22,27,9,7,6,7,9,11,7,5,6,0,0,4
21,33,11,5,8,8,8,8,5,5,4,4,0,0
21,34,11,5,7,8,8,8,5,5,4,4,0,0
21,30,9,4,6,7,8,10,6,7,8,0,0,4
16,31,10,10,8,9,7,10,5,5,5,4,0,0
24,25,9,8,6,7,8,12,7,6,8,0,0,0
17,23,11,6,9,8,8,9,13,6,5,5,0,0
17,24,9,15,8,7,7,10,8,5,6,4,0,0
27,28,8,5,7,8,9,12,10,6,0,0,0,0
22,31,12,0,9,9,8,10,0,6,8,5,0,0
18,25,8,22,6,7,6,10,12,6,0,0,0,0
22,24,11,4,9,9,9,10,4,6,8,0,0,4
23,23,9,7,8,8,10,10,6,6,6,4,0,0
20,27,10,6,8,9,9,13,7,6,5,0,0,0
23,24,12,8,7,8,6,9,11,5,7,0,0,0
20,25,9,5,9,8,9,12,7,7,5,0,0,4
23,27,12,6,7,8,6,10,7,5,5,4,0,0
19,34,10,5,8,8,8,10,7,6,5,0,0,0
21,32,9,6,7,8,6,10,6,5,5,0,0,5
22,33,8,0,8,7,7,12,9,5,5,0,0,4
23,29,9,0,7,7,7,10,10,5,5,4,0,4
17,28,10,24,7,8,6,9,0,5,6,0,0,0
23,25,10,9,7,8,7,9,8,5,5,0,0,4
20,32,10,0,8,8,7,12,4,7,8,4,0,0
20,30,14,0,8,9,6,12,5,6,6,4,0,0
21,28,9,7,8,9,8,10,8,6,6,0,0,0
22,34,9,0,8,7,9,11,8,6,6,0,0,0
18,31,11,8,8,9,6,11,5,6,7,0,0,0
22,33,10,0,9,8,7,11,7,6,7,0,0,0
20,25,10,14,7,8,8,10,7,6,5,0,0,0
18,25,10,5,7,7,6,10,14,5,5,4,0,4
21,31,9,10,8,8,8,9,4,6,6,0,0,0
20,25,13,0,8,9,7,9,5,6,6,5,0,7
24,24,9,6,8,8,8,13,8,6,6,0,0,0
22,25,10,9,8,8,7,10,10,6,5,0,0,0
21,27,8,6,7,8,7,9,11,6,6,4,0,0
18,28,9,9,7,8,6,10,10,6,5,4,0,0
19,25,9,8,7,9,9,11,9,6,4,4,0,0
26,24,11,5,9,7,6,9,6,6,7,0,0,4
19,29,10,5,8,10,9,12,6,6,6,0,0,0
23,27,12,11,8,6,6,9,7,5,6,0,0,0
18,31,10,5,7,9,7,11,9,5,4,0,0,4
24,21,9,8,8,8,8,9,7,6,7,5,0,0
21,22,12,0,8,9,6,11,12,6,8,5,0,0
22,20,12,11,8,8,7,10,10,7,5,0,0,0
20,20,11,15,10,7,8,9,8,6,6,0,0,0
23,21,9,15,7,8,8,9,10,5,5,0,0,0
19,25,10,8,7,8,7,11,5,6,6,4,0,4
24,24,9,7,7,8,7,10,14,5,5,0,0,0
24,25,11,0,7,9,8,11,13,7,5,0,0,0
22,24,11,6,7,7,9,9,10,4,7,4,0,0
24,22,11,6,6,10,8,14,7,7,5,0,0,0
23,23,12,7,7,8,8,8,13,5,6,0,0,0
20,28,9,9,8,8,6,14,6,7,5,0,0,0
22,26,11,4,7,8,8,8,10,5,7,0,0,4
20,29,8,11,9,7,6,13,6,6,5,0,0,0
21,29,9,0,8,8,6,10,7,6,7,4,0,5
24,31,9,5,8,8,7,10,6,5,7,0,0,0
20,25,11,0,8,7,9,12,7,6,6,5,0,4
20,29,10,6,8,8,10,9,8,6,6,0,0,0
22,29,11,5,8,8,8,8,9,6,6,0,0,0
20,31,8,0,8,8,7,13,8,6,6,5,0,0
25,29,13,0,8,7,8,10,7,7,6,0,0,0
19,29,8,5,8,8,7,9,11,6,6,4,0,0
22,28,10,5,8,10,6,11,9,6,5,0,0,0
22,27,12,5,9,10,6,11,8,5,5,0,0,0
20,27,9,8,8,8,7,11,8,5,5,0,0,4
19,29,11,9,7,7,6,11,11,6,4,0,0,0
23,29,8,6,7,8,7,11,6,5,10,0,0,0
18,24,14,4,8,8,7,10,10,6,0,5,0,6
23,26,8,14,7,7,6,9,8,6,6,0,0,0
19,26,12,11,8,8,8,11,5,6,6,0,0,0
25,26,9,0,8,7,7,11,12,6,5,0,0,4
22,28,9,0,8,9,7,9,12,6,6,4,0,0
24,27,10,0,8,8,9,10,12,6,6,0,0,0
21,26,11,7,8,8,5,11,7,6,6,4,0,0
23,24,10,8,8,8,9,10,9,5,6,0,0,0
23,24,10,7,8,8,10,10,8,6,6,0,0,0
22,26,7,11,8,8,8,9,7,5,5,0,0,4
21,31,13,0,8,7,8,10,7,5,6,4,0,0
22,24,9,13,7,8,7,12,7,6,5,0,0,0
20,25,12,5,10,9,8,9,6,5,7,0,0,4
23,26,10,9,7,7,8,11,8,6,5,0,0,0
21,24,9,7,7,8,7,10,6,6,7,4,0,4
23,25,9,12,7,8,7,11,0,6,6,0,0,6
23,23,9,4,10,9,7,11,11,6,7,0,0,0
25,27,10,0,6,8,8,10,11,6,5,4,0,0
16,30,9,14,10,8,7,10,5,5,6,0,0,0
24,26,10,12,6,8,5,8,6,6,4,0,0,5
17,34,10,0,9,8,10,13,7,5,7,0,0,0
17,34,10,0,10,8,9,13,7,5,7,0,0,0
21,27,8,5,8,7,9,13,4,6,8,4,0,0
21,28,15,0,8,9,9,8,11,6,5,0,0,0
21,24,7,12,8,7,7,12,5,6,7,4,0,0
21,26,8,10,7,7,7,12,5,6,7,4,0,0
20,29,13,4,9,9,8,8,9,6,5,0,0,0
21,30,10,5,7,9,7,8,9,5,5,0,0,4
21,29,10,7,7,9,6,7,9,6,5,0,0,4
20,27,8,9,7,7,6,9,15,7,5,0,0,0
19,28,8,12,7,8,5,10,13,5,5,0,0,0
20,33,10,0,8,7,9,11,4,6,5,7,0,0
21,31,11,0,8,7,11,11,5,5,5,5,0,0
20,26,9,11,8,8,6,10,10,6,6,0,0,0
24,28,10,6,8,9,7,8,6,6,8,0,0,0
24,26,12,7,6,8,8,9,8,5,7,0,0,0
25,25,11,8,6,8,7,9,8,5,8,0,0,0
20,24,10,4,9,8,7,12,7,6,5,4,0,4
20,25,13,4,8,8,9,14,7,6,6,0,0,0
23,24,8,11,8,7,6,8,9,6,5,5,0,0
19,25,13,5,8,8,9,11,11,5,6,0,0,0
20,26,9,6,8,7,8,11,11,5,4,5,0,0
21,26,10,9,9,9,7,9,5,5,6,0,0,4
21,26,9,0,6,7,5,12,12,6,7,4,0,5
23,27,8,10,8,8,10,9,4,5,4,4,0,0
23,24,10,10,8,7,7,11,6,5,5,0,0,4
22,24,11,6,8,7,8,10,8,6,6,4,0,0
20,28,11,5,9,8,10,10,9,6,4,0,0,0
22,28,10,5,10,10,10,9,6,5,5,0,0,0
21,32,10,0,6,7,9,11,5,7,7,0,0,5
19,26,10,14,9,7,5,9,7,5,4,5,0,0
21,29,8,4,7,7,9,11,11,6,7,0,0,0
20,29,12,0,8,8,8,9,7,5,6,4,0,4
20,30,8,4,9,8,10,10,8,7,6,0,0,0
21,26,13,10,7,8,5,11,6,6,7,0,0,0
22,23,6,4,11,8,9,10,8,6,5,4,0,4
21,23,15,7,6,7,5,12,6,7,7,4,0,0
19,29,7,6,9,8,11,8,12,5,6,0,0,0
22,31,13,0,7,7,6,13,8,7,6,0,0,0
20,29,10,5,8,8,5,13,10,5,7,0,0,0
21,25,10,8,7,8,11,8,6,6,5,5,0,0
20,27,11,6,7,8,5,12,12,6,6,0,0,0
21,27,10,6,8,7,10,9,5,7,5,5,0,0
21,25,9,12,8,7,7,11,7,6,7,0,0,0
19,24,9,9,8,7,9,9,10,6,5,5,0,0
19,24,8,9,8,7,10,9,11,6,5,4,0,0
18,23,11,6,7,8,13,9,11,6,4,4,0,0
21,30,9,6,8,7,6,12,5,5,5,0,0,6
23,31,13,0,8,8,8,9,4,7,5,4,0,0
23,29,11,0,10,8,8,11,5,6,5,0,0,4
20,27,10,11,6,8,8,12,5,6,7,0,0,0
21,26,10,6,9,8,8,11,7,7,7,0,0,0
19,24,9,6,7,8,9,9,10,7,6,0,0,6
23,23,8,7,7,9,7,8,6,7,6,4,0,5
24,29,7,0,9,7,7,13,7,7,5,0,0,5
20,25,9,4,8,9,7,10,9,7,7,0,0,5
22,23,14,11,7,8,8,10,6,5,6,0,0,0
19,26,7,5,9,7,7,10,10,6,5,5,0,4
23,25,14,0,8,10,9,13,4,6,8,0,0,0
19,24,13,4,8,8,7,11,9,6,5,6,0,0
22,28,8,6,7,8,9,9,6,6,7,0,0,4
20,22,10,15,8,7,7,8,9,5,5,0,0,4
20,22,8,10,7,8,7,12,8,6,7,0,0,5
25,26,10,6,9,9,9,9,7,5,5,0,0,0
20,24,11,8,8,7,8,10,9,5,6,0,0,4
22,28,10,6,8,9,7,11,7,7,5,0,0,0
23,27,13,4,8,6,8,10,6,5,6,4,0,0
19,30,9,12,7,8,6,10,7,7,5,0,0,0
20,27,10,13,7,8,6,10,7,7,5,0,0,0
20,29,13,5,8,8,8,10,7,6,6,0,0,0
18,32,9,9,8,10,7,9,8,5,5,0,0,0
19,27,10,13,7,7,6,11,8,6,6,0,0,0
21,28,9,5,8,9,7,11,8,5,5,4,0,0
21,31,9,4,9,8,7,11,10,5,5,0,0,0
22,32,9,0,8,9,9,10,10,5,6,0,0,0
21,29,9,5,8,9,8,11,9,5,6,0,0,0
21,26,12,0,8,7,8,11,9,7,6,5,0,0
21,25,11,0,7,7,6,10,10,7,7,5,0,4
21,22,10,11,8,9,9,11,8,6,5,0,0,0
22,20,13,6,7,7,9,11,14,6,5,0,0,0
23,20,11,6,9,8,9,12,9,6,7,0,0,0
19,21,13,4,7,10,9,10,12,6,9,0,0,0
24,24,10,0,9,7,8,13,6,7,0,6,0,6
17,25,11,9,7,10,10,10,6,6,9,0,0,0
20,23,8,20,8,7,6,9,4,6,5,0,0,4
23,30,10,0,8,9,8,9,12,5,6,0,0,0
20,26,12,8,7,6,8,10,10,5,8,0,0,0
23,24,10,12,8,9,8,10,5,6,0,5,0,0
22,25,8,8,9,8,7,12,6,5,6,4,0,0
22,28,13,0,8,8,9,10,9,7,6,0,0,0
22,30,10,7,8,9,8,11,5,5,5,0,0,0
20,26,16,4,8,11,7,12,5,7,4,0,0,0
23,24,10,6,8,8,6,10,7,6,6,6,0,0
19,27,12,6,8,9,8,13,6,6,6,0,0,0
19,28,11,0,8,7,10,11,7,5,6,4,0,4
22,22,10,13,8,9,5,9,11,6,5,0,0,0
21,25,11,4,7,7,11,12,4,6,6,0,0,6
21,22,13,9,9,8,7,10,5,7,5,4,0,0
21,27,10,0,8,8,8,12,12,5,5,0,0,4
25,27,10,0,8,8,7,12,12,6,5,0,0,0
21,31,13,0,7,8,10,9,4,6,7,0,0,4
16,31,11,5,8,8,8,12,4,6,7,4,0,0
25,31,11,0,8,8,9,11,0,7,5,0,0,5
20,31,12,0,8,9,7,11,6,6,6,4,0,0
17,31,12,0,9,9,7,11,4,5,7,4,0,4
26,26,8,10,8,7,6,10,9,6,4,0,0,0
25,26,8,11,8,7,6,9,10,6,4,0,0,0
17,26,12,5,8,9,9,11,6,6,6,5,0,0
25,27,9,7,8,8,6,8,6,6,5,0,0,5
20,30,10,9,9,8,6,11,6,5,6,0,0,0
24,25,11,4,8,8,9,10,9,5,7,0,0,0
21,25,11,12,8,8,7,11,0,7,5,5,0,0
22,27,12,5,8,8,8,8,9,5,8,0,0,0
18,27,8,9,9,8,7,13,7,6,4,4,0,0
25,23,12,6,7,8,10,9,6,5,9,0,0,0
19,21,10,5,9,9,7,13,10,7,5,5,0,0
20,23,10,17,8,8,8,10,6,5,0,5,0,0
20,24,8,10,7,8,8,8,9,6,8,0,0,4
21,24,7,9,7,8,8,11,11,5,9,0,0,0
26,27,10,4,9,8,8,13,9,6,0,0,0,0
20,29,10,6,8,9,8,11,7,6,6,0,0,0
21,29,12,4,8,9,7,10,6,6,8,0,0,0
21,26,11,10,7,8,6,11,10,6,4,0,0,0
20,24,10,11,8,8,8,11,5,7,8,0,0,0
23,26,14,5,8,8,8,10,8,6,4,0,0,0
24,25,11,10,8,7,6,9,7,5,4,0,0,4
19,30,9,0,8,9,8,11,12,7,7,0,0,0
24,29,12,7,10,7,7,10,8,6,0,0,0,0
21,28,9,5,6,10,8,11,7,6,9,0,0,0
22,27,9,5,6,9,9,11,7,6,9,0,0,0
19,28,12,9,9,8,7,10,8,6,0,4,0,0
24,25,11,5,7,8,7,12,9,6,6,0,0,0
22,25,13,8,7,9,5,10,5,6,5,5,0,0
22,27,12,8,8,7,6,9,6,5,6,0,0,4
20,31,9,4,8,11,7,14,4,7,5,0,0,0
23,26,14,0,7,7,9,11,10,6,7,0,0,0
18,24,7,26,7,8,5,9,6,5,5,0,0,0
23,27,14,0,7,7,8,11,7,6,5,0,0,5
23,27,15,0,9,9,10,11,0,6,6,4,0,0
21,25,9,8,8,8,6,11,12,6,6,0,0,0
24,23,10,5,8,9,6,10,7,7,6,5,0,0
21,24,12,5,8,7,10,10,7,5,7,4,0,0
24,23,8,8,8,10,7,12,9,6,5,0,0,0
20,21,13,14,8,8,9,10,7,5,5,0,0,0
19,24,9,13,9,9,9,9,7,6,6,0,0,0
23,23,11,6,7,7,9,10,11,6,7,0,0,0
24,22,11,0,8,8,7,12,6,6,6,5,0,5
20,22,11,6,9,8,8,9,14,6,7,0,0,0
18,23,13,7,8,8,8,9,13,6,7,0,0,0
26,28,8,7,8,9,7,12,5,6,4,0,0,0
19,24,10,15,6,8,9,9,4,6,6,4,0,0
20,28,10,7,9,6,7,10,9,5,5,4,0,0
20,25,10,19,6,7,6,10,5,6,6,0,0,0
21,26,9,15,7,7,6,12,5,6,6,0,0,0
20,25,11,0,8,9,9,7,9,5,5,5,0,7
22,25,10,9,8,8,6,14,5,6,7,0,0,0
18,24,9,8,7,8,7,8,9,5,5,4,0,8
21,25,9,5,7,8,8,10,12,6,5,0,0,4
25,27,12,5,8,7,7,11,7,5,6,0,0,0
18,26,9,6,7,9,8,11,6,6,6,4,0,4
22,27,12,9,9,7,9,10,10,5,0,0,0,0
19,23,11,10,8,8,8,9,9,6,5,4,0,0
25,24,10,5,8,8,9,11,6,7,7,0,0,0
25,20,9,7,7,8,9,11,9,7,4,4,0,0
20,24,10,6,8,8,8,11,5,5,6,4,0,5
25,25,9,7,7,8,9,11,6,7,6,0,0,0
20,25,11,7,9,9,7,11,5,6,6,4,0,0
23,29,9,4,7,7,9,9,12,6,5,0,0,0
26,27,11,4,7,8,9,8,9,6,5,0,0,0
16,22,10,9,8,8,8,13,7,6,8,5,0,0
21,25,11,4,9,10,8,12,6,6,4,4,0,0
23,26,9,6,6,8,6,9,9,6,8,0,0,4
26,24,12,6,8,9,7,9,9,5,5,0,0,0
21,25,9,6,8,7,9,13,6,6,6,0,0,4
20,29,11,10,7,8,6,9,8,6,6,0,0,0
20,25,7,6,8,6,8,11,9,6,6,4,0,4
23,27,13,5,8,10,6,10,7,6,5,0,0,0
21,23,8,9,7,7,9,11,8,6,7,4,0,0
21,34,12,5,7,7,7,9,7,6,5,0,0,0
20,31,12,4,7,8,10,9,7,6,6,0,0,0
21,24,9,9,8,8,5,11,9,6,5,0,0,5
20,27,11,0,10,8,5,11,8,7,7,0,0,6
20,26,9,15,7,7,9,9,9,4,5,0,0,0
20,28,11,0,9,8,8,10,6,6,6,4,0,4
21,26,9,6,7,8,7,10,9,6,6,0,0,5
21,34,8,10,8,7,7,10,5,5,5,0,0,0
19,31,10,5,8,9,6,9,7,5,7,4,0,0
22,29,9,6,7,7,7,11,8,5,5,4,0,0
21,31,9,4,9,9,7,9,5,5,6,5,0,0
22,35,10,0,9,8,7,11,6,5,7,0,0,0
20,29,10,8,8,7,8,10,9,7,4,0,0,0
23,32,10,5,9,8,5,11,5,5,7,0,0,0
19,30,11,5,6,6,10,10,6,6,6,0,0,5
25,29,9,6,8,8,5,8,9,6,7,0,0,0
18,28,13,0,7,7,11,12,7,6,7,4,0,0
26,27,10,6,9,9,5,8,9,6,5,0,0,0
22,23,9,9,6,7,7,9,11,5,6,0,0,6
19,24,11,7,9,9,7,12,7,6,5,4,0,0
20,24,9,10,7,7,7,9,7,6,6,4,0,4
21,24,10,9,8,8,9,12,8,6,5,0,0,0
21,25,11,8,8,8,7,9,7,5,7,4,0,0
20,29,11,8,8,8,7,10,9,6,4,0,0,0
21,29,10,9,9,8,6,11,5,7,5,0,0,0
22,27,11,6,7,8,7,11,5,5,7,0,0,4
21,25,8,7,11,8,7,11,10,7,5,0,0,0
21,24,10,7,5,8,8,12,4,6,6,4,0,5
23,23,12,7,9,9,8,13,4,5,7,0,0,0
22,24,9,5,9,10,9,9,0,6,8,5,0,4
22,25,11,7,8,7,7,11,8,5,5,0,0,4
20,30,9,6,8,8,7,9,8,5,5,5,0,0
21,23,11,12,8,8,8,11,8,5,5,0,0,0
21,20,11,5,9,8,8,11,6,6,6,4,0,5
21,22,12,8,7,8,7,12,11,6,6,0,0,0
25,21,10,6,8,8,7,11,8,6,6,4,0,0
19,25,12,0,9,9,9,11,8,6,7,0,0,5
22,27,9,8,7,7,6,10,7,5,4,4,0,4
20,24,12,5,8,8,8,10,11,6,8,0,0,0
20,29,10,6,8,8,8,10,7,6,8,0,0,0
21,29,11,7,6,7,7,11,5,7,4,5,0,0
22,26,9,5,9,8,10,11,8,6,6,0,0,0
22,29,11,5,7,8,6,9,7,6,5,5,0,0
23,28,11,5,7,8,6,9,7,6,5,5,0,0
21,26,13,6,8,8,7,10,4,6,6,5,0,0
23,22,9,6,7,9,9,12,11,6,6,0,0,0
20,24,12,7,9,7,8,11,10,5,7,0,0,0
24,23,9,5,7,9,7,12,9,6,4,5,0,0
18,26,12,10,9,7,9,9,8,5,7,0,0,0
24,26,9,6,7,9,7,10,10,7,0,5,0,0
18,23,12,11,8,7,8,10,5,5,8,0,0,5
25,24,10,5,7,9,7,10,7,7,5,4,0,0
19,24,10,6,9,6,9,10,9,5,8,0,0,5
22,24,10,7,8,9,8,12,10,6,4,0,0,0
21,23,11,6,8,8,6,14,6,6,7,4,0,0
22,23,11,6,8,8,10,9,13,6,4,0,0,0
20,23,14,11,7,7,8,9,5,6,6,4,0,0
24,20,11,0,9,10,9,11,11,7,8,0,0,0
23,27,12,6,7,8,8,11,7,6,5,0,0,0
21,27,9,6,9,9,8,9,9,6,7,0,0,0
21,36,9,4,7,7,7,12,5,6,6,0,0,0
21,34,9,5,7,7,8,12,5,6,6,0,0,0
21,37,10,0,7,8,8,10,6,6,7,0,0,0
20,36,11,0,7,8,8,11,6,6,7,0,0,0
21,24,8,11,8,8,6,11,6,6,6,5,0,0
22,26,10,6,7,8,7,10,7,6,6,5,0,0
22,27,9,5,9,8,8,10,5,6,5,6,0,0
26,27,11,0,9,8,7,12,7,7,6,0,0,0
21,22,10,8,7,9,9,8,10,5,5,0,0,6
25,22,10,0,11,8,8,11,6,7,7,0,0,5
16,19,12,24,6,8,7,8,10,5,5,0,0,0
26,26,11,0,10,9,7,11,6,7,7,0,0,0
19,25,13,10,6,8,8,10,6,5,4,0,0,6
24,27,9,0,10,9,7,10,8,6,10,0,0,0
21,22,13,6,7,9,7,11,8,6,5,0,0,5
20,24,9,6,9,8,8,10,9,6,6,5,0,0
21,27,12,7,7,9,6,10,6,6,5,0,0,4
21,24,7,6,8,8,9,10,11,6,6,4,0,0
21,29,13,0,7,8,7,12,10,6,7,0,0,0
27,24,10,0,8,7,7,14,7,6,5,0,0,5
19,21,10,5,8,7,10,8,11,5,7,5,0,4
25,24,10,11,7,9,6,11,6,6,5,0,0,0
20,28,11,0,7,8,9,9,9,5,6,4,0,4
23,25,10,8,8,10,7,12,4,7,6,0,0,0
22,25,13,6,9,10,8,10,5,6,6,0,0,0
22,23,12,6,8,9,7,14,5,5,5,0,0,4
19,23,11,25,6,8,6,8,4,5,5,0,0,0
19,26,8,0,10,7,7,11,11,6,5,5,0,5
20,28,9,0,7,9,6,11,12,5,5,8,0,0
21,23,11,17,8,7,8,9,5,6,5,0,0,0
17,27,10,12,7,8,5,10,8,5,5,6,0,0
20,30,11,4,7,7,7,11,9,5,9,0,0,0
21,31,9,6,8,7,10,8,9,6,5,0,0,0
20,29,8,9,7,8,6,9,6,5,8,5,0,0
22,30,9,6,9,6,5,9,6,6,8,4,0,0
19,27,11,5,7,9,11,11,10,6,4,0,0,0
24,27,9,9,8,7,6,9,7,6,8,0,0,0
23,27,10,8,9,7,6,9,7,6,8,0,0,0
23,25,9,11,9,7,6,9,7,7,7,0,0,0
20,29,10,0,8,8,10,13,7,6,4,5,0,0
23,26,11,8,7,7,7,9,9,6,7,0,0,0
21,27,8,7,8,10,6,10,9,6,8,0,0,0
20,25,12,8,8,6,9,10,7,5,5,5,0,0
20,30,8,7,8,9,7,10,6,5,6,0,0,4
19,28,10,7,9,7,6,11,6,6,6,5,0,0
19,29,7,11,7,8,7,11,8,6,7,0,0,0
23,27,14,0,8,8,8,9,9,6,4,0,0,4
19,30,7,13,8,8,7,10,6,6,6,0,0,0
21,30,9,12,7,7,6,11,7,5,5,0,0,0
20,30,8,9,8,7,7,12,9,5,5,0,0,0
23,29,10,5,8,9,6,10,8,6,6,0,0,0
21,30,10,5,8,7,8,13,6,6,6,0,0,0
24,29,10,5,8,8,9,9,7,6,5,0,0,0
19,26,9,10,8,7,7,11,9,6,8,0,0,0
19,23,9,16,8,8,7,9,6,6,5,4,0,0
19,22,10,0,10,7,7,11,10,7,7,4,0,6
24,20,13,11,7,8,8,10,8,5,6,0,0,0
22,24,9,0,9,8,7,12,12,7,6,0,0,4
22,24,9,5,8,8,7,13,7,7,5,0,0,5
22,26,9,5,8,8,7,10,9,6,6,0,0,4
22,28,10,7,8,8,11,9,4,5,4,4,0,0
20,28,9,9,8,8,11,8,5,6,4,4,0,0
20,28,11,9,8,8,7,11,8,5,5,0,0,0
23,28,9,0,9,8,9,10,5,7,7,5,0,0
17,28,12,15,8,8,5,11,6,5,5,0,0,0
22,32,7,0,8,8,8,9,10,6,5,5,0,0
19,29,13,8,8,8,7,11,7,5,5,0,0,0
20,24,8,7,7,7,9,10,10,5,6,7,0,0
20,25,9,16,8,8,8,10,5,6,5,0,0,0
22,27,12,0,8,8,7,10,10,6,6,4,0,0
19,27,9,14,8,8,8,11,6,5,5,0,0,0
23,25,9,7,8,8,9,11,9,6,0,5,0,0
24,29,10,5,8,9,6,10,6,6,7,0,0,0
23,30,9,8,7,7,6,12,6,7,5,0,0,0
23,30,8,8,8,8,6,11,6,7,5,0,0,0
23,29,11,6,8,8,10,8,7,5,5,0,0,0
26,30,8,5,10,7,7,10,6,5,6,0,0,0
17,30,11,6,7,9,6,10,8,6,5,5,0,0
30,24,10,0,9,9,7,10,9,7,5,0,0,0
22,24,11,6,6,9,9,10,7,6,6,0,0,4
23,26,10,5,10,8,7,11,7,7,6,0,0,0
20,34,9,7,6,8,7,9,6,5,5,0,0,4
19,32,10,9,9,8,8,8,5,6,6,0,0,0
19,34,11,0,6,7,7,10,9,6,6,5,0,0
18,38,10,0,8,8,9,11,7,6,5,0,0,0
22,32,9,10,7,7,6,9,8,6,4,0,0,0
17,40,12,0,7,8,8,10,7,5,6,0,0,0
21,38,9,0,7,7,10,10,7,6,5,0,0,0
23,29,8,8,7,9,7,10,7,5,7,0,0,0
22,23,10,12,9,8,8,9,7,7,5,0,0,0
20,26,10,4,7,10,7,12,7,6,6,5,0,0
22,23,14,14,8,6,7,8,7,6,5,0,0,0
19,25,9,0,8,10,7,13,11,6,7,5,0,0
20,25,9,0,8,11,7,14,9,6,7,4,0,0
24,22,13,6,9,7,7,9,6,5,8,4,0,0
21,22,8,4,7,8,11,11,13,6,5,4,0,0
20,27,11,11,7,8,5,10,5,6,6,0,0,4
21,30,8,9,9,7,8,10,7,6,5,0,0,0
23,29,7,10,8,7,7,10,7,6,6,0,0,0
18,30,10,14,7,8,6,11,7,5,4,0,0,0
18,30,10,12,7,8,6,10,10,5,4,0,0,0
25,26,12,0,8,8,10,11,6,6,8,0,0,0
23,28,9,6,8,8,8,10,9,6,5,0,0,0
22,28,12,0,7,7,9,11,6,6,8,0,0,4
22,27,8,8,9,7,8,12,7,6,6,0,0,0
20,28,11,0,8,10,8,10,12,6,7,0,0,0
22,32,11,5,9,7,7,12,6,5,4,0,0,0
20,34,10,0,9,9,10,9,5,7,7,0,0,0
19,30,11,10,7,7,6,10,8,6,6,0,0,0
21,29,9,7,8,7,8,10,5,7,5,4,0,0
20,28,9,4,8,8,9,11,8,6,5,0,0,4
24,27,11,4,8,9,7,10,8,6,6,0,0,0
20,30,8,8,7,8,8,9,8,5,5,0,0,4
19,22,11,7,8,8,7,11,9,6,7,5,0,0
24,33,9,0,8,8,7,9,7,5,4,0,0,6
19,27,9,7,7,7,8,11,13,5,7,0,0,0
19,28,8,16,7,7,10,9,6,5,5,0,0,0
19,28,8,8,8,8,8,9,9,6,5,0,0,4
21,23,10,11,8,7,7,10,5,6,6,6,0,0
22,24,12,0,8,9,8,12,7,6,7,0,0,5
21,23,10,14,6,7,8,9,7,6,4,5,0,0
22,22,10,6,10,9,8,11,9,6,7,0,0,0
22,24,10,7,8,7,6,10,9,6,7,4,0,0
19,29,13,4,8,9,7,11,8,7,5,0,0,0
24,23,10,6,7,8,6,9,12,5,6,4,0,0
20,30,9,6,9,9,7,11,6,7,6,0,0,0
20,28,9,0,9,7,7,12,5,7,9,0,0,7
21,29,10,0,9,8,7,10,5,6,8,0,0,7
20,28,12,5,7,8,10,9,6,5,5,5,0,0
22,30,12,4,9,8,7,11,7,5,5,0,0,0
23,30,9,4,8,8,8,9,4,7,6,4,0,0
22,30,13,0,7,8,8,10,5,7,6,0,0,4
19,33,11,0,9,8,8,11,5,8,8,0,0,0
23,32,10,0,7,8,8,10,7,6,5,4,0,0
17,27,9,10,9,8,6,10,8,6,6,0,0,4
24,34,10,0,8,8,8,10,7,5,6,0,0,0
19,28,10,15,7,7,6,11,6,6,5,0,0,0
23,23,7,7,8,8,7,11,16,6,4,0,0,0
18,22,15,8,7,8,8,9,4,5,8,4,0,4
19,27,14,6,8,9,9,11,4,6,7,0,0,0
23,27,7,7,7,8,7,11,9,5,4,5,0,0
18,29,10,5,8,8,9,10,11,5,7,0,0,0
19,27,10,0,8,7,6,8,14,6,7,4,0,4
19,26,11,4,8,8,7,9,16,5,7,0,0,0
25,29,9,7,8,8,8,12,0,6,4,4,0,0
19,25,11,6,8,8,7,9,15,5,7,0,0,0
22,29,12,5,7,8,9,9,8,6,5,0,0,0
19,32,7,6,9,8,5,11,8,5,6,0,0,4
21,24,11,12,8,8,9,10,6,6,5,0,0,0
19,31,9,5,9,8,5,9,7,6,8,4,0,0
19,26,12,5,8,7,10,14,7,6,6,0,0,0
22,29,11,4,11,8,5,11,8,5,6,0,0,0
20,25,9,9,6,7,9,10,12,7,6,0,0,0
22,27,10,0,10,10,7,12,12,5,5,0,0,0
22,25,10,4,9,9,7,10,14,5,5,0,0,0
20,28,10,8,7,7,7,10,0,6,8,5,0,4
21,29,11,5,7,8,8,9,5,5,4,4,0,4
26,26,10,6,8,8,7,9,6,6,4,0,0,4
27,24,11,5,9,9,8,10,7,6,0,0,0,4
24,27,11,5,8,7,8,12,5,9,4,0,0,0
21,30,10,8,7,8,7,11,8,5,5,0,0,0
20,27,9,9,8,6,7,9,8,7,5,0,0,5
22,30,10,8,6,8,6,8,6,6,6,4,0,0
19,30,9,5,8,8,6,10,14,6,5,0,0,0
24,27,11,8,6,7,8,9,6,6,8,0,0,0
20,23,10,0,8,9,7,12,13,5,5,4,0,4
21,21,9,8,9,8,10,11,9,7,7,0,0,0
23,19,10,10,9,9,9,10,8,7,6,0,0,0
20,21,10,9,8,8,8,9,9,5,5,4,0,4
24,25,13,0,8,9,8,13,5,7,8,0,0,0
20,25,11,6,8,8,8,9,11,5,5,4,0,0
19,23,8,8,8,7,7,10,11,5,5,4,0,5
23,28,10,4,9,9,7,11,7,6,6,0,0,0
23,29,11,0,10,9,7,10,6,7,8,0,0,0
21,24,9,9,6,7,8,12,9,5,5,5,0,0
21,29,12,0,9,8,6,10,12,6,7,0,0,0
22,27,9,9,8,8,6,9,8,5,5,0,0,4
22,28,10,6,9,7,6,9,9,5,5,0,0,4
26,29,10,5,8,9,6,10,7,5,5,0,0,0
18,21,10,6,8,8,9,11,10,7,8,4,0,0
20,23,12,9,8,9,8,10,8,6,7,0,0,0
24,24,11,6,7,9,8,11,7,5,4,4,0,0
21,30,11,0,10,8,9,10,6,7,8,0,0,0
22,28,8,5,8,7,8,9,7,7,7,4,0,0
24,27,11,5,9,8,7,11,5,7,6,0,0,0
21,28,10,7,10,7,6,11,4,6,6,4,0,0
20,31,10,5,9,7,6,11,9,6,6,0,0,0
25,21,11,11,7,7,9,9,8,6,6,0,0,0
18,22,10,9,9,8,9,11,11,5,8,0,0,0
23,25,11,9,7,8,8,10,5,7,7,0,0,0
22,22,9,7,11,10,5,9,9,5,6,0,0,5
22,22,11,8,9,9,6,10,10,6,7,0,0,0
22,23,11,11,7,8,10,11,5,7,5,0,0,0
21,29,11,5,8,8,6,10,9,6,7,0,0,0
18,24,11,8,7,7,5,10,19,5,6,0,0,0
24,28,9,0,9,8,10,11,0,7,5,5,0,4
20,25,11,8,7,8,7,10,14,5,5,0,0,0
23,26,10,0,8,9,11,10,5,6,7,5,0,0
21,25,13,0,9,8,7,11,6,7,7,0,0,6
21,30,9,6,7,9,9,10,7,6,6,0,0,0
18,29,9,11,7,7,8,10,5,5,5,6,0,0
24,27,15,0,8,9,8,9,9,6,5,0,0,0
23,27,14,0,8,8,7,9,8,6,6,4,0,0
21,30,13,0,7,8,7,10,7,6,6,0,0,5
20,27,8,5,8,7,7,10,6,6,8,4,0,4
21,27,13,10,7,8,7,11,6,5,5,0,0,0
20,28,7,4,8,7,7,9,10,6,6,4,0,4
22,26,12,10,7,8,9,11,4,6,5,0,0,0
22,25,9,5,8,7,6,10,10,7,7,0,0,4
20,26,10,5,8,9,7,10,11,5,5,4,0,0
20,22,11,6,9,8,7,11,10,6,6,4,0,0
23,31,9,7,7,9,8,10,5,6,5,0,0,0
15,32,9,15,8,7,7,9,8,5,5,0,0,0
19,28,9,11,8,7,10,10,9,5,4,0,0,0
20,29,10,11,7,7,9,10,8,5,4,0,0,0
20,31,9,9,8,8,7,11,7,6,4,0,0,0
23,31,11,0,6,9,8,9,6,6,7,4,0,0
17,33,10,0,8,10,9,9,8,6,6,4,0,0
21,34,9,0,7,8,9,10,5,6,7,4,0,0
17,31,9,0,9,10,9,11,8,5,6,5,0,0
24,27,11,8,7,7,8,10,6,6,6,0,0,0
19,25,10,8,9,9,6,11,7,5,5,0,0,6
22,24,12,6,5,7,9,11,8,6,6,4,0,0
23,26,9,7,8,8,7,10,6,6,6,0,0,4
22,28,12,7,8,9,7,8,0,6,5,4,0,4
19,25,8,4,7,7,8,11,15,5,7,0,0,4
21,25,9,4,8,7,8,11,15,5,7,0,0,0
21,28,12,6,8,9,6,9,9,6,6,0,0,0
17,27,11,8,6,7,8,9,9,6,4,4,0,4
23,31,9,6,8,9,6,11,5,6,6,0,0,0
20,23,11,9,7,8,10,9,8,6,5,4,0,0
23,23,13,9,9,8,7,10,7,7,4,0,0,0
20,28,9,4,8,8,8,11,10,5,9,0,0,0
20,26,10,5,7,8,7,11,9,5,8,4,0,0
20,27,9,10,8,7,6,9,11,5,8,0,0,0
24,32,12,0,8,8,9,10,5,8,4,0,0,0
24,29,9,4,9,9,8,9,7,7,5,0,0,0
16,27,10,13,7,7,6,10,7,5,8,4,0,0
19,23,12,13,9,8,8,8,7,5,4,0,0,4
19,23,8,13,6,8,9,9,10,6,5,0,0,4
24,24,11,5,10,9,8,11,5,6,7,0,0,0
19,20,10,13,6,8,7,10,13,5,5,0,0,4
20,22,11,11,6,9,7,9,10,5,5,5,0,0
22,25,10,6,10,8,7,11,7,7,7,0,0,0
23,25,11,6,7,8,6,10,12,5,7,0,0,0
20,24,9,14,9,7,7,11,8,6,5,0,0,0
21,24,10,9,8,7,8,11,9,5,4,0,0,4
21,24,10,13,8,8,9,11,6,6,4,0,0,0
19,27,12,7,8,7,6,9,5,6,6,4,0,4
23,28,8,6,8,9,8,12,8,5,5,0,0,0
24,28,9,6,7,8,8,11,5,7,7,0,0,0
19,28,15,6,8,8,5,11,8,6,6,0,0,0
25,28,8,5,7,8,10,9,5,5,5,5,0,0
21,27,8,5,7,9,8,11,6,8,6,0,0,4
19,32,11,7,7,7,6,8,7,5,5,6,0,0
18,32,12,5,9,7,6,8,8,5,5,5,0,0
22,31,13,6,7,8,8,10,5,4,6,0,0,0
19,29,11,12,7,7,7,9,5,4,5,0,0,5
17,24,10,15,5,7,8,9,6,5,4,5,0,5
23,28,8,0,10,9,7,10,12,7,6,0,0,0
19,26,9,9,7,7,8,11,9,5,6,4,0,0
22,26,10,12,8,8,6,11,6,5,6,0,0,0
22,25,11,5,8,8,9,10,10,7,5,0,0,0
22,22,9,7,6,6,7,9,12,5,6,4,0,5
20,26,11,5,9,10,8,10,6,7,8,0,0,0
20,27,13,5,7,7,7,10,7,5,6,0,0,6
22,25,8,10,8,10,7,9,10,5,6,0,0,0
22,25,8,9,8,9,7,9,11,6,6,0,0,0
19,27,7,8,9,9,8,9,10,5,5,4,0,0
19,27,9,14,7,7,7,10,8,6,6,0,0,0
23,28,11,0,8,7,8,11,9,5,6,0,0,4
20,22,11,11,8,9,7,12,8,6,6,0,0,0
23,25,9,5,9,8,9,10,8,6,8,0,0,0
23,24,10,5,7,8,10,11,10,6,6,0,0,0
21,26,11,0,8,8,8,12,10,7,0,5,0,4
22,25,9,12,9,9,7,9,5,5,8,0,0,0
24,27,12,8,8,7,6,9,7,6,6,0,0,0
19,29,10,8,7,8,7,10,9,5,4,0,0,4
19,30,10,6,7,9,7,10,8,5,5,0,0,4
24,28,10,5,7,6,6,7,7,7,4,4,0,5
19,23,9,7,8,9,8,12,9,6,6,4,0,0
25,24,10,6,9,7,7,9,8,6,5,4,0,0
21,21,9,5,9,8,9,13,11,6,8,0,0,0
23,21,11,4,8,9,10,13,8,7,6,0,0,0
23,23,10,0,7,10,9,11,6,6,5,6,0,4
21,26,12,10,8,6,7,10,4,7,5,0,0,4
23,23,11,6,8,9,8,10,8,5,5,4,0,0
22,24,12,9,7,8,8,11,9,5,5,0,0,0
23,24,11,0,9,8,8,12,8,6,6,5,0,0
21,27,14,0,9,9,6,10,7,6,6,0,0,5
19,24,8,25,6,7,7,9,5,5,5,0,0,0
21,25,11,5,8,8,7,10,9,6,6,4,0,0
18,26,13,0,9,7,8,9,14,6,4,6,0,0
19,29,9,15,7,8,7,10,4,5,7,0,0,0
20,27,11,0,8,8,7,11,13,6,5,4,0,0
22,31,10,14,7,7,8,10,0,5,6,0,0,0
20,30,10,4,8,9,7,9,12,6,5,0,0,0
22,30,8,10,7,7,8,11,5,6,6,0,0,0
21,25,12,0,8,10,7,8,9,6,5,5,0,4
21,32,8,10,7,7,7,11,6,5,6,0,0,0
21,35,7,7,9,8,6,10,7,5,5,0,0,0
23,24,11,5,7,7,8,12,5,6,7,5,0,0
19,28,9,7,11,8,7,10,5,6,5,0,0,5
23,27,10,0,8,8,8,9,7,5,7,4,0,4
20,26,11,7,8,8,8,12,5,6,9,0,0,0
24,27,11,5,8,8,9,10,7,6,5,0,0,0
19,26,9,10,7,8,7,11,7,6,5,0,0,5
20,25,10,11,6,9,6,11,7,6,5,0,0,4
20,38,10,0,10,7,8,9,8,5,5,0,0,0
24,27,8,14,6,7,6,11,6,6,5,0,0,0
19,26,9,18,9,9,7,9,9,5,0,0,0,0
21,23,10,7,6,7,8,11,7,6,6,4,0,4
23,28,12,0,10,10,7,12,8,6,4,0,0,0
24,25,10,6,8,8,7,9,13,5,5,0,0,0
19,29,13,4,7,9,7,11,10,5,6,0,0,0
22,27,8,4,10,8,11,11,6,6,7,0,0,0
19,25,11,15,7,8,5,10,9,5,6,0,0,0
20,25,13,11,7,9,5,10,9,5,6,0,0,0
25,26,9,0,9,8,12,12,6,7,6,0,0,0
22,26,10,4,9,9,7,12,7,4,6,4,0,0
24,26,11,6,9,7,6,11,7,6,7,0,0,0
22,26,10,5,7,10,9,9,7,6,5,4,0,0
22,23,11,9,8,7,7,10,7,6,6,4,0,0
19,27,13,9,7,8,7,11,7,6,6,0,0,0
23,24,10,8,8,8,8,9,9,7,6,0,0,0
17,27,10,5,8,7,6,12,11,6,5,6,0,0
24,23,11,11,8,8,10,9,0,6,6,0,0,4
25,22,13,8,8,9,7,10,5,7,6,0,0,0
18,28,8,6,8,7,8,10,11,5,7,4,0,0
23,25,13,6,8,11,7,10,5,7,5,0,0,0
18,22,9,8,7,7,8,10,11,5,7,4,0,4
22,24,8,0,7,8,8,12,13,6,7,5,0,0
22,24,9,0,6,8,9,11,10,4,7,5,0,5
20,33,9,12,8,7,6,9,6,6,4,0,0,0
25,29,13,0,8,9,9,8,7,5,7,0,0,0
18,23,8,32,8,7,5,9,0,6,4,0,0,0
22,28,11,6,7,7,7,11,8,5,8,0,0,0
19,28,11,5,8,8,5,11,7,6,7,5,0,0
22,28,11,5,9,8,5,11,5,6,6,4,0,0
23,26,11,10,8,8,7,9,0,6,7,5,0,0
19,29,9,0,6,8,9,12,17,6,5,0,0,0
22,23,13,14,10,9,7,9,0,6,7,0,0,0
24,23,15,12,9,9,7,9,0,5,7,0,0,0
20,22,13,12,7,8,7,10,5,7,5,4,0,0
24,33,10,0,11,8,7,10,7,5,5,0,0,0
20,25,9,9,8,9,6,10,9,7,4,4,0,0
24,26,11,5,8,8,8,11,7,5,7,0,0,0
17,21,9,24,6,7,6,9,7,6,4,4,0,0
22,26,11,0,10,10,7,9,7,6,7,0,0,5
20,22,11,16,7,7,9,11,7,5,5,0,0,0
21,26,8,4,8,8,8,10,6,6,7,4,0,4
23,28,9,0,9,9,8,10,7,6,7,4,0,0
21,29,8,0,9,9,8,11,7,6,8,4,0,0
20,25,8,4,8,9,6,11,9,8,7,5,0,0
24,23,10,5,9,9,5,10,7,7,7,4,0,0
21,25,10,5,7,7,8,11,9,5,4,4,0,4
24,22,10,10,7,7,7,10,8,5,4,0,0,6
24,23,10,11,6,9,7,9,10,6,0,0,0,5
22,26,10,9,8,7,8,9,5,6,6,0,0,4
23,34,10,0,8,9,8,10,5,5,4,4,0,0
19,23,10,19,7,7,7,9,8,5,6,0,0,0
22,25,11,6,8,8,9,11,4,6,5,5,0,0
20,24,12,8,7,9,7,12,8,6,7,0,0,0
23,24,9,7,8,7,6,11,12,6,7,0,0,0
21,26,10,7,6,9,6,12,10,5,8,0,0,0
20,26,11,6,9,7,9,8,8,7,5,0,0,4
24,25,10,6,8,10,7,14,5,5,6,0,0,0
20,25,12,0,8,7,8,9,11,7,5,4,0,4
23,22,10,10,6,9,6,11,6,5,8,0,0,4
22,22,10,7,8,7,7,10,5,7,6,5,0,4
20,23,10,12,7,8,10,9,5,6,6,4,0,0
23,23,12,5,8,9,7,10,11,6,6,0,0,0
20,25,11,10,6,7,10,10,10,5,6,0,0,0
20,30,7,9,9,8,7,10,5,7,4,4,0,0
21,27,10,0,7,8,7,11,8,6,7,4,0,4
21,23,11,12,9,8,8,11,7,6,4,0,0,0
20,27,10,10,6,8,9,12,6,6,6,0,0,0
19,27,11,8,6,8,9,12,7,6,7,0,0,0
24,22,10,7,10,7,6,9,10,6,5,0,0,4
19,21,10,7,7,8,7,12,13,5,4,0,0,7
23,23,11,6,9,9,8,9,5,6,7,4,0,0
21,23,10,4,8,7,9,10,11,6,7,4,0,0
23,25,11,11,8,8,7,9,8,5,5,0,0,0
18,32,9,5,9,8,8,9,6,5,6,5,0,0
21,28,10,9,6,8,8,11,9,6,4,0,0,0
22,34,11,0,7,8,8,10,7,6,7,0,0,0
21,28,10,9,8,8,8,11,8,5,4,0,0,0
23,28,10,7,8,8,8,11,7,6,4,0,0,0
24,23,9,8,8,8,7,9,7,6,7,0,0,4
23,25,10,6,7,7,5,9,6,7,7,4,0,4
19,23,8,12,8,8,6,8,10,6,7,5,0,0
20,25,12,6,9,8,11,13,5,6,5,0,0,0
23,25,10,4,8,8,5,9,13,5,6,4,0,0
22,25,10,10,7,10,11,10,4,5,6,0,0,0
22,26,11,10,9,6,7,11,6,7,5,0,0,0
22,24,9,10,9,6,8,12,8,7,5,0,0,0
21,26,12,5,7,9,6,11,9,5,5,4,0,0
23,25,11,5,8,9,6,10,7,5,6,5,0,0
19,26,10,9,8,7,10,10,9,6,6,0,0,0
22,28,12,4,8,8,5,10,7,5,6,5,0,0
20,28,11,0,9,8,7,12,12,7,6,0,0,0
23,25,12,4,7,7,9,10,8,5,5,5,0,0
23,26,12,5,9,7,9,10,8,5,6,0,0,0
22,25,12,6,7,6,8,9,10,5,5,5,0,0
22,28,8,10,9,7,6,8,5,6,6,5,0,0
18,27,12,0,7,8,8,12,14,5,5,0,0,4
19,24,7,20,8,7,7,11,4,5,0,4,0,4
22,26,9,19,6,7,5,8,6,4,4,0,0,4
19,28,10,0,8,9,8,11,15,6,6,0,0,0
23,29,10,8,7,7,7,9,5,5,5,0,0,5
19,30,11,6,7,7,10,11,5,7,7,0,0,0
21,27,9,7,7,8,6,10,11,5,5,4,0,0
20,26,10,4,8,7,9,12,9,7,8,0,0,0
22,23,11,5,8,9,6,8,9,5,4,4,0,6
22,24,13,5,6,8,7,10,10,6,5,4,0,0
20,26,8,14,9,8,8,10,6,5,6,0,0,0
23,27,12,0,8,8,6,11,8,7,5,5,0,0
21,26,12,0,8,8,6,11,9,7,4,4,0,4
21,26,11,0,9,10,5,11,13,4,0,5,0,5
22,25,11,5,8,7,6,11,11,5,4,5,0,0
21,36,10,8,7,8,10,8,0,6,6,0,0,0
22,29,10,8,7,9,6,10,6,6,7,0,0,0
20,30,10,7,9,8,9,9,7,6,5,0,0,0
22,26,11,7,8,8,6,11,7,6,8,0,0,0
21,33,10,7,8,8,9,9,6,5,4,0,0,0
21,24,12,4,8,7,7,11,8,6,7,5,0,0
20,31,8,9,8,8,8,10,7,6,5,0,0,0
21,30,11,4,7,8,6,10,9,5,5,4,0,0
22,29,9,10,9,8,7,10,5,6,5,0,0,0
19,31,11,7,7,7,6,9,7,6,6,4,0,0
25,27,9,6,8,8,9,10,7,5,6,0,0,0
19,24,12,6,7,7,6,11,8,7,5,4,0,4
23,24,9,9,8,9,7,10,9,5,7,0,0,0
21,25,12,6,8,8,9,12,6,7,6,0,0,0
22,22,9,15,8,8,8,11,6,5,6,0,0,0
23,21,9,13,8,8,8,11,4,5,6,0,0,4
22,26,12,0,8,8,9,12,8,7,8,0,0,0
22,28,10,6,8,8,7,9,9,5,4,4,0,0
20,26,11,7,6,7,7,11,10,7,8,0,0,0
22,26,10,9,8,8,5,10,10,6,6,0,0,0
22,25,10,10,8,8,5,10,10,6,6,0,0,0
19,25,11,6,9,8,7,8,15,5,7,0,0,0
23,25,10,0,8,8,8,11,10,5,8,0,0,4
20,28,11,0,8,8,9,10,13,7,6,0,0,0
23,24,12,10,7,9,6,11,5,5,4,4,0,0
19,24,12,9,7,9,7,9,10,5,5,4,0,0
22,30,8,7,10,8,8,10,5,6,6,0,0,0
19,22,13,6,6,8,7,10,19,5,5,0,0,0
21,25,8,7,9,7,8,10,5,6,6,4,0,4
21,29,12,0,7,9,8,10,11,7,6,0,0,0
23,21,9,15,7,8,6,10,5,6,5,5,0,0
21,22,12,7,10,8,9,11,6,7,7,0,0,0
23,26,11,0,8,10,9,10,7,7,5,4,0,0
20,24,11,8,8,7,9,10,13,5,5,0,0,0
19,24,11,8,7,11,7,12,8,7,6,0,0,0
22,30,11,0,8,7,8,11,7,5,6,5,0,0
22,28,12,0,8,7,9,11,7,6,6,4,0,0
21,29,10,4,8,7,8,10,8,5,5,5,0,0
21,27,11,5,8,9,6,10,11,6,6,0,0,0
19,25,10,8,6,8,7,11,14,5,7,0,0,0
21,27,9,7,8,8,7,9,6,6,6,6,0,0
22,27,11,0,8,8,11,15,6,5,7,0,0,0
19,28,8,13,6,7,5,6,9,5,5,4,0,5
17,26,7,13,6,7,5,7,14,5,5,4,0,4
17,27,8,13,7,6,6,10,12,5,5,0,0,4
21,32,10,0,7,9,6,11,6,6,7,5,0,0
21,27,10,11,9,8,8,9,6,6,5,0,0,0
22,27,10,11,9,7,8,9,5,7,5,0,0,0
21,26,10,7,7,9,7,11,11,5,6,0,0,0
21,23,10,5,8,6,6,10,9,8,4,5,0,5
21,29,9,4,8,9,10,10,8,5,7,0,0,0
19,30,9,5,8,7,5,9,8,8,4,4,0,4
19,23,9,15,8,8,7,10,11,5,5,0,0,0
20,29,9,8,8,9,7,9,11,5,5,0,0,0
21,31,10,8,7,8,8,9,7,5,6,0,0,0
20,29,11,10,6,9,7,8,8,6,6,0,0,0
19,27,12,12,6,8,6,11,7,4,8,0,0,0
19,29,9,11,8,8,6,7,7,7,4,5,0,0
20,30,10,17,6,6,6,10,5,5,5,0,0,0
20,27,10,19,8,9,8,8,0,5,6,0,0,0
22,27,11,7,8,7,7,11,9,6,5,0,0,0
20,26,11,10,9,9,7,10,8,6,0,4,0,0
22,27,11,5,6,7,8,11,7,6,10,0,0,0
20,28,11,7,8,9,7,10,6,6,4,4,0,0
22,30,9,4,7,7,8,10,9,6,8,0,0,0
22,27,11,6,11,9,8,10,6,6,4,0,0,0
22,25,10,6,5,7,7,10,18,5,5,0,0,0
20,25,10,7,9,9,8,10,5,7,5,0,0,5
23,25,11,5,6,8,8,9,9,6,5,5,0,0
22,25,13,0,7,8,9,10,10,6,5,5,0,0
22,23,8,17,9,9,6,11,4,5,6,0,0,0
19,23,8,19,9,8,6,11,5,6,6,0,0,0
18,21,10,14,7,7,6,11,10,5,7,4,0,0
25,25,9,4,9,9,7,8,9,6,4,0,0,5
19,27,11,6,6,7,9,10,7,5,5,8,0,0
18,28,11,6,7,8,7,11,7,5,7,5,0,0
19,23,10,6,6,8,8,9,11,6,6,4,0,4
19,27,10,5,6,9,7,12,6,6,7,6,0,0
19,27,10,6,6,8,8,12,5,6,9,4,0,0
25,29,11,0,7,7,8,11,6,6,6,0,0,4
16,27,9,13,8,8,8,8,7,6,5,5,0,0
21,28,9,12,8,7,6,10,8,6,5,0,0,0
21,28,10,11,8,7,6,10,8,6,5,0,0,0
20,32,9,7,7,8,9,9,5,5,5,4,0,0
19,32,11,5,7,8,8,10,8,6,6,0,0,0
24,25,9,12,8,8,8,10,5,5,6,0,0,0
21,30,10,6,8,9,8,10,5,6,7,0,0,0
25,23,9,7,8,7,8,10,5,5,5,4,0,4
22,24,9,10,9,7,8,12,4,6,5,0,0,4
21,25,8,19,7,7,7,8,4,5,5,4,0,0
20,25,12,4,8,8,6,12,8,7,6,0,0,4
23,28,9,0,8,8,10,10,8,5,6,5,0,0
21,26,12,8,8,8,6,12,7,7,5,0,0,0
22,26,10,7,9,8,10,10,7,5,6,0,0,0
19,31,11,6,9,7,5,11,7,6,4,0,0,4
21,37,11,4,6,8,8,9,5,5,6,0,0,0
18,37,8,10,8,6,6,11,7,5,4,0,0,0
24,30,11,0,7,10,7,10,7,6,8,0,0,0
20,27,9,5,9,8,7,10,8,6,6,5,0,0
21,25,13,5,7,7,9,13,9,5,6,0,0,0
25,27,13,0,10,8,7,10,7,7,6,0,0,0
25,26,10,5,7,8,9,14,4,6,6,0,0,0
21,27,10,0,9,10,6,11,11,5,6,0,0,4
23,24,12,9,6,7,9,11,7,6,6,0,0,0
23,23,12,7,6,8,8,11,6,6,6,0,0,4
19,26,11,5,11,9,6,9,9,6,5,4,0,0
18,28,11,0,11,8,8,9,10,7,5,5,0,0
24,23,12,11,7,9,7,10,7,6,4,0,0,0
21,23,12,6,8,7,10,10,6,7,6,4,0,0
21,25,10,15,7,9,9,10,4,6,4,0,0,0
19,28,10,6,6,7,7,9,7,6,6,5,0,4
22,25,8,11,8,8,6,10,11,5,6,0,0,0
20,23,12,0,7,8,10,10,6,6,6,6,0,6
22,22,10,0,7,7,11,12,7,6,6,4,0,6
22,22,10,16,9,8,5,10,8,5,5,0,0,0
23,23,10,4,8,8,9,10,6,6,7,0,0,6
19,23,12,12,7,7,6,11,9,5,5,4,0,0
22,30,8,0,8,7,8,10,6,7,8,0,0,6
25,29,8,0,8,8,9,10,5,6,7,0,0,5
21,27,8,4,9,7,7,11,5,6,6,4,0,5
23,21,12,11,8,8,9,10,8,6,4,0,0,0
21,19,14,9,7,7,8,10,4,5,6,5,0,5
23,20,15,4,8,9,10,12,5,6,8,0,0,0
21,22,13,6,10,9,9,12,8,5,5,0,0,0
21,21,10,5,8,8,8,10,8,6,5,6,0,4
23,23,10,9,9,8,10,10,6,5,7,0,0,0
22,22,10,0,8,9,7,11,14,7,5,5,0,0
22,22,10,15,9,8,8,10,5,5,6,0,0,0
22,22,16,0,8,9,7,13,7,6,6,4,0,0
22,26,11,5,9,8,8,8,5,7,7,0,0,4
22,26,12,5,7,9,8,13,7,5,6,0,0,0
20,24,10,12,7,7,7,9,8,5,6,5,0,0
23,26,11,0,9,11,8,12,6,7,7,0,0,0
19,19,10,16,6,6,7,9,10,5,5,4,0,4
24,23,11,7,9,9,7,9,5,5,6,5,0,0
20,21,10,9,7,7,8,11,11,6,6,0,0,4
22,29,11,4,8,9,7,9,5,5,6,5,0,0
24,28,12,4,6,7,8,9,8,5,5,4,0,0
22,29,14,0,9,9,7,10,6,7,7,0,0,0
24,26,12,5,7,7,7,10,8,5,9,0,0,0
20,26,9,5,10,10,7,12,6,6,5,4,0,0
19,26,9,6,10,10,6,12,6,7,5,4,0,0
18,27,9,7,7,9,8,11,11,6,7,0,0,0
23,25,12,6,9,7,7,9,7,5,5,0,0,5
22,25,12,8,8,7,8,10,5,5,4,0,0,6
19,29,9,6,8,9,7,12,7,6,8,0,0,0
21,32,11,9,7,6,8,9,12,5,0,0,0,0
20,31,11,10,6,6,7,8,11,5,0,0,0,5
19,37,9,0,8,9,7,10,6,6,9,0,0,0
25,30,9,6,8,7,6,10,6,6,7,0,0,0
18,29,11,7,6,7,9,9,10,5,4,5,0,0
22,30,11,4,7,7,7,10,12,6,4,0,0,0
20,25,9,9,7,7,6,10,13,5,5,0,0,4
21,27,9,4,8,8,8,11,6,5,4,5,0,4
22,26,11,8,8,8,7,9,9,5,7,0,0,0
20,27,10,9,8,8,8,12,4,6,4,4,0,0
24,27,10,0,8,8,7,12,8,6,6,0,0,4
19,20,11,16,6,6,8,10,8,6,6,4,0,0
23,24,10,0,9,9,8,10,10,6,7,4,0,0
18,23,10,21,7,7,7,11,5,6,5,0,0,0
20,25,11,18,6,8,7,9,6,5,5,0,0,0
15,20,8,39,6,6,6,7,5,4,4,0,0,0
25,25,10,0,10,9,6,13,9,6,7,0,0,0
13,15,9,49,5,5,7,7,6,4,0,0,0,0
25,22,11,0,9,10,6,12,8,5,8,4,0,0
23,25,10,7,8,7,9,12,4,7,8,0,0,0
21,24,9,4,9,9,7,11,6,6,5,5,0,4
22,28,10,10,7,8,7,10,6,6,6,0,0,0
23,26,9,10,8,8,7,12,7,5,5,0,0,0
20,23,10,8,8,7,7,9,10,6,6,0,0,6
21,19,11,12,7,8,8,9,5,6,6,4,0,4
25,22,9,7,8,8,8,10,7,6,6,4,0,0
23,29,10,0,10,8,11,12,5,6,6,0,0,0
25,28,14,0,8,9,6,9,5,7,4,0,0,5
19,34,8,0,8,8,8,11,11,6,7,0,0,0
21,23,14,12,9,8,7,10,6,6,4,0,0,0
24,29,8,6,7,7,9,11,8,6,5,0,0,0
19,26,12,7,9,8,7,9,9,5,5,4,0,0
22,28,11,5,7,7,8,11,5,6,5,0,0,5
21,25,10,6,9,9,6,8,14,6,6,0,0,0
25,24,10,4,8,7,7,9,6,10,6,4,0,0
18,23,10,11,7,7,7,11,9,4,5,4,0,4
24,29,10,4,8,7,7,9,7,8,7,0,0,0
18,29,11,7,7,7,9,10,11,5,6,0,0,0
17,29,10,10,8,8,9,10,9,5,5,0,0,0
18,30,10,8,9,8,8,10,9,5,5,0,0,0
16,32,12,5,9,8,7,9,7,6,5,4,0,0
22,34,10,0,6,8,11,9,10,6,4,0,0,0
16,36,10,6,8,8,6,10,4,6,6,4,0,0
21,35,11,0,8,7,9,10,6,6,7,0,0,0
20,35,11,0,7,7,10,10,7,6,7,0,0,0
20,33,10,7,8,8,8,10,6,5,5,0,0,0
19,29,11,9,7,8,7,9,8,7,6,0,0,0
22,20,9,10,9,8,8,11,6,5,6,6,0,0
20,28,14,0,8,8,7,10,11,8,6,0,0,0
18,28,13,4,9,8,7,11,10,7,5,0,0,0
23,23,7,9,7,8,9,11,6,5,7,5,0,0
21,25,14,5,9,8,6,10,11,6,5,0,0,0
23,25,11,7,7,8,7,12,7,5,4,4,0,0
20,28,9,7,7,9,9,9,8,6,8,0,0,0
22,28,12,6,10,8,7,11,5,6,5,0,0,0
20,25,9,7,7,8,8,9,15,6,6,0,0,0
23,26,9,5,8,8,8,10,12,6,5,0,0,0
20,29,10,6,8,7,6,12,12,5,5,0,0,0
22,32,10,9,7,7,8,9,4,6,6,0,0,0
20,29,9,4,8,7,7,11,10,5,6,0,0,4
21,25,11,12,6,8,7,8,4,5,9,4,0,0
20,28,9,5,9,8,8,12,11,6,4,0,0,0
22,26,11,10,6,8,8,8,6,6,9,0,0,0
24,24,10,8,8,9,7,12,4,5,5,4,0,0
22,26,10,7,8,10,8,11,5,5,4,4,0,0
24,27,9,6,8,10,8,12,5,6,5,0,0,0
19,21,12,7,6,7,8,9,11,6,6,4,0,4
23,27,10,8,9,9,6,11,6,6,5,0,0,0
21,28,9,7,7,8,9,11,9,6,5,0,0,0
21,32,8,5,11,8,5,10,11,5,4,0,0,0
22,28,11,5,7,8,9,11,8,6,5,0,0,0
20,26,9,7,10,8,6,11,8,5,6,4,0,0
20,25,15,4,7,8,8,8,10,6,5,0,0,4
23,30,8,6,8,8,6,12,7,6,6,0,0,0
18,23,13,12,8,9,12,8,6,6,5,0,0,0
25,25,8,4,9,8,4,12,7,6,7,5,0,0
23,26,8,6,9,8,6,12,7,5,6,4,0,0
24,25,7,5,9,9,6,12,8,5,6,4,0,0
18,24,10,16,7,6,9,8,7,5,6,4,0,0
18,23,10,19,7,6,10,8,7,5,7,0,0,0
19,22,11,13,7,7,9,7,9,5,7,0,0,4
20,25,10,5,9,9,7,12,9,6,4,4,0,0
23,22,12,8,6,7,8,10,8,7,9,0,0,0
21,30,8,7,10,8,8,13,5,6,0,4,0,0
21,25,11,12,6,8,7,9,9,5,7,0,0,0
21,27,13,5,9,9,6,12,6,7,5,0,0,0
21,27,9,9,8,9,7,9,5,6,6,4,0,0
21,26,15,0,8,8,8,12,11,6,5,0,0,0
23,22,8,6,8,8,9,10,8,6,8,4,0,0
24,25,9,6,7,8,8,9,6,6,7,5,0,0
19,24,10,13,8,8,7,11,8,6,6,0,0,0
21,28,11,5,7,8,11,8,10,5,6,0,0,0
21,26,10,8,8,9,6,13,7,6,6,0,0,0
22,29,11,4,8,7,10,10,7,6,6,0,0,0
19,29,10,12,7,7,8,9,9,5,5,0,0,0
23,28,12,0,8,8,6,9,6,6,6,4,0,4
19,29,8,4,9,9,7,11,5,6,5,4,0,4
20,27,11,4,8,8,7,10,4,6,5,4,0,6
20,29,11,5,7,7,8,11,4,5,5,4,0,4
22,28,10,6,7,9,8,11,4,6,5,0,0,4
23,28,10,6,8,6,7,10,6,5,7,4,0,0
19,26,11,10,7,9,7,9,12,6,4,0,0,0
23,25,11,6,8,7,8,11,4,6,6,5,0,0
18,30,10,7,7,8,7,10,12,6,5,0,0,0
23,29,11,5,8,8,5,11,5,6,5,4,0,0
23,30,9,5,8,8,5,11,6,6,5,4,0,0
18,27,11,7,7,8,11,9,8,5,5,0,0,4
20,27,12,7,7,9,10,10,7,5,6,0,0,0
23,31,9,7,8,7,5,12,7,6,5,0,0,0
20,30,10,6,7,8,9,9,10,5,6,0,0,0
19,32,11,5,7,8,9,8,11,5,5,0,0,0
22,30,9,5,8,8,5,11,5,6,6,5,0,0
18,31,10,5,6,8,9,8,7,5,8,0,0,5
20,31,13,5,6,8,9,9,7,5,7,0,0,0
21,28,7,13,8,6,7,10,5,5,5,5,0,0
23,27,10,9,9,8,6,11,7,5,5,0,0,0
23,25,11,0,8,9,9,11,7,6,7,0,0,4
22,22,8,18,7,7,6,8,8,5,5,4,0,0
21,23,9,18,7,8,7,9,8,5,5,0,0,0
17,26,12,10,6,7,8,10,8,6,5,0,0,5
19,25,11,8,7,8,8,9,7,7,7,0,0,4
25,29,8,5,9,7,8,10,8,5,6,0,0,0
17,29,11,8,7,10,7,9,6,6,6,0,0,4
23,31,7,0,7,8,8,12,9,5,6,4,0,0
18,31,12,9,8,7,6,9,8,6,6,0,0,0
22,31,9,4,7,8,10,11,6,5,7,0,0,0
20,29,9,4,7,9,8,12,6,7,4,5,0,0
20,30,9,4,7,9,9,11,6,7,4,4,0,0
20,29,10,7,9,7,8,10,7,5,8,0,0,0
24,23,13,7,8,9,7,11,5,6,7,0,0,0
20,23,9,5,9,8,8,10,12,6,6,4,0,0
22,22,7,5,9,7,8,11,9,7,5,4,0,4
24,22,8,6,8,8,7,11,9,7,6,4,0,0
20,24,11,10,9,8,9,12,6,5,6,0,0,0
23,24,10,10,7,7,7,10,4,6,4,4,0,4
22,24,13,9,6,9,6,10,4,6,6,0,0,5
22,25,10,8,7,9,6,12,6,6,5,0,0,4
19,24,9,7,8,7,9,10,11,6,6,4,0,0
20,25,9,6,8,8,9,10,10,6,5,4,0,0
25,21,12,10,8,9,6,11,6,6,6,0,0,0
21,21,11,0,9,9,9,11,8,7,6,4,0,4
22,22,11,5,10,11,8,12,7,6,6,0,0,0
20,19,11,0,8,8,9,10,12,7,8,4,0,4
22,20,11,14,9,9,7,11,5,6,6,0,0,0
20,25,10,6,7,7,8,9,12,6,6,4,0,0
21,28,11,5,8,10,7,10,9,6,5,0,0,0
22,27,11,5,7,9,7,12,9,6,5,0,0,0
20,25,11,7,7,8,7,12,8,5,5,5,0,0
22,29,10,8,9,7,7,10,7,6,5,0,0,0
21,29,11,10,7,7,7,10,8,6,4,0,0,0
24,27,11,5,9,9,8,10,5,6,6,0,0,0
18,31,10,10,7,9,6,11,8,5,5,0,0,0
17,29,9,6,7,8,8,10,15,6,5,0,0,0
23,24,12,6,8,7,7,10,7,6,6,4,0,0
20,24,11,8,7,8,7,12,10,6,7,0,0,0
20,23,11,10,7,8,8,12,9,6,6,0,0,0
22,23,10,5,7,9,10,11,10,6,7,0,0,0
24,23,11,5,8,10,6,12,6,7,8,0,0,0
21,22,9,12,7,7,9,8,7,4,5,4,0,5
22,29,10,0,10,8,8,12,7,7,7,0,0,0
23,26,11,5,7,9,7,12,7,6,7,0,0,0
22,28,9,9,9,8,7,9,7,6,6,0,0,0
23,26,11,7,8,8,7,10,7,6,7,0,0,0
20,24,9,8,8,9,8,11,8,6,5,4,0,0
21,22,10,15,8,7,6,9,8,5,5,0,0,4
22,26,12,0,8,9,11,11,7,7,7,0,0,0
25,23,14,0,9,8,9,12,7,7,6,0,0,0
18,27,10,11,9,8,8,10,9,6,4,0,0,0
23,24,11,0,9,8,8,11,6,5,7,4,0,4
22,22,11,6,8,8,6,11,9,6,6,5,0,0
22,25,10,9,8,7,10,10,7,5,7,0,0,0
21,28,9,13,8,8,6,10,4,7,6,0,0,0
22,32,10,0,7,8,10,10,10,5,6,0,0,0
22,29,10,12,7,8,6,9,6,5,6,0,0,0
21,28,8,10,7,8,7,9,6,6,6,4,0,0
19,28,14,5,8,7,8,13,8,5,5,0,0,0
22,29,7,6,7,8,7,9,5,6,5,4,0,5
25,27,8,7,8,8,6,10,6,5,5,0,0,5
21,26,11,6,8,10,8,9,8,7,6,0,0,0
21,25,10,6,7,8,7,11,10,5,6,0,0,4
25,23,9,7,7,8,7,9,15,6,4,0,0,0
19,30,12,4,9,7,8,13,6,6,6,0,0,0
18,29,12,0,8,8,9,12,8,6,6,4,0,0
22,20,8,18,8,8,6,9,6,6,5,4,0,0
20,28,13,0,9,7,8,12,11,6,6,0,0,0
21,26,8,15,8,7,6,10,8,6,5,0,0,0
21,25,13,0,7,9,9,11,5,5,7,4,0,4
21,24,11,0,7,8,9,13,5,5,7,5,0,5
23,25,12,5,9,9,8,10,7,7,5,0,0,0
20,28,8,6,8,6,7,11,7,5,6,4,0,4
25,26,12,0,8,9,8,9,10,7,6,0,0,0
19,26,9,13,7,8,8,12,6,5,7,0,0,0
28,30,13,0,9,10,8,9,6,7,0,0,0,0
19,25,12,5,7,6,6,10,7,6,9,4,0,4
20,25,11,7,7,7,6,10,9,6,8,0,0,4
24,25,9,7,9,9,10,9,8,6,0,4,0,0
22,26,12,7,8,9,8,12,0,7,9,0,0,0
25,27,14,6,7,8,7,13,0,6,7,0,0,0
20,30,8,4,8,9,7,10,12,6,6,0,0,0
26,27,13,6,9,8,8,11,0,6,6,0,0,0
20,25,9,6,8,7,7,8,16,5,5,0,0,4
20,26,10,8,9,7,8,8,10,6,4,0,0,4
21,28,9,9,6,8,8,9,12,5,5,0,0,0
19,24,11,7,8,8,7,12,4,6,6,4,0,4
20,25,11,0,8,9,10,12,8,6,6,0,0,5
24,24,11,10,9,7,6,10,7,7,5,0,0,0
19,26,12,5,7,9,7,13,10,6,6,0,0,0
23,27,11,8,8,8,8,8,4,6,5,4,0,0
21,25,9,8,8,8,8,10,4,5,10,4,0,0
21,25,9,10,8,7,7,11,8,5,5,4,0,0
19,28,8,13,8,7,7,11,7,5,7,0,0,0
22,27,11,0,8,9,8,10,8,7,6,0,0,4
21,31,8,9,8,6,7,11,8,5,6,0,0,0
19,29,13,5,6,8,8,11,7,7,7,0,0,0
21,28,9,5,8,8,8,12,6,5,5,5,0,0
24,28,9,4,7,8,7,11,5,6,6,0,0,5
17,29,11,7,8,8,7,9,6,6,5,7,0,0
18,31,12,9,8,8,6,8,7,5,4,4,0,0
25,27,8,4,8,9,8,11,7,6,7,0,0,0
23,27,9,6,9,7,7,12,7,6,7,0,0,0
22,25,10,7,7,8,9,10,11,6,5,0,0,0
19,23,10,5,9,7,8,10,7,6,5,6,0,5
19,23,10,4,9,8,8,10,7,6,5,6,0,5
26,23,11,8,8,8,7,10,8,5,6,0,0,0
19,27,9,10,9,7,8,11,5,6,5,4,0,0
20,31,11,9,9,7,7,9,8,5,4,0,0,0
19,30,12,9,9,8,7,9,9,4,4,0,0,0
23,31,9,0,6,7,8,11,13,6,6,0,0,0
19,24,13,11,9,8,8,10,8,5,5,0,0,0
20,22,11,14,7,7,8,9,7,5,6,0,0,4
22,28,10,6,7,9,8,13,6,6,5,0,0,0
20,25,8,11,10,9,7,11,6,6,7,0,0,0
22,25,12,6,7,9,8,11,8,6,6,0,0,0
21,29,9,6,8,7,7,12,7,7,7,0,0,0
24,25,13,5,6,11,8,9,7,6,6,0,0,0
24,26,9,7,9,8,8,10,5,5,5,4,0,0
24,23,12,8,8,7,7,10,8,6,7,0,0,0
23,23,9,8,7,9,7,10,10,7,7,0,0,0
22,26,11,5,9,9,8,13,5,6,6,0,0,0
16,26,11,18,7,7,8,8,8,6,5,0,0,0
25,28,10,0,8,9,8,13,7,6,6,0,0,0
17,26,11,12,7,7,7,9,7,5,5,7,0,0
20,28,9,10,6,9,7,11,9,6,5,0,0,0
22,30,12,6,7,7,7,10,7,7,5,0,0,0
21,28,8,8,9,8,7,10,7,6,8,0,0,0
20,28,12,7,8,7,8,9,7,6,4,4,0,0
20,27,13,6,8,8,7,9,8,5,5,4,0,0
25,23,11,11,6,7,7,10,7,7,6,0,0,0
21,27,9,0,9,10,8,11,5,6,5,5,0,4
22,26,9,0,9,9,7,11,5,6,6,5,0,5
21,26,9,8,7,8,7,9,8,6,7,0,0,4
21,27,10,7,8,7,8,9,8,6,5,4,0,0
24,28,10,5,10,8,7,10,5,7,6,0,0,0
21,24,7,13,8,8,5,11,9,5,5,4,0,0
19,25,7,13,7,8,8,10,12,7,4,0,0,0
21,22,10,11,6,6,7,10,12,6,5,4,0,0
23,28,11,0,10,10,7,12,6,7,6,0,0,0
20,36,11,8,6,7,8,8,7,5,4,0,0,0
21,27,9,4,9,8,7,11,7,6,7,4,0,0
23,31,10,0,7,8,8,10,7,6,6,4,0,0
18,23,8,22,8,7,6,10,8,5,5,0,0,0
24,26,11,4,7,9,9,10,7,6,7,0,0,0
20,27,8,10,8,7,6,10,6,6,4,4,0,4
18,26,9,10,7,8,6,9,8,5,6,4,0,4
24,29,11,0,9,8,9,11,7,6,6,0,0,0
18,23,8,12,7,8,7,10,8,6,5,4,0,4
23,31,14,0,8,7,8,7,7,6,5,4,0,0
18,22,9,10,7,9,7,10,9,6,5,4,0,4
20,19,12,8,8,8,10,9,7,7,7,0,0,5
23,25,9,4,10,8,6,12,8,6,5,4,0,0
17,21,11,25,6,6,8,9,5,6,6,0,0,0
23,35,8,0,9,8,6,9,6,5,5,6,0,0
23,28,8,6,7,8,10,11,6,6,7,0,0,0
23,29,9,6,7,8,10,11,6,5,6,0,0,0
19,33,11,5,8,8,5,9,7,6,5,4,0,0
20,28,9,23,7,6,7,10,0,4,6,0,0,0
22,31,10,0,9,9,9,12,5,6,7,0,0,0
23,26,14,8,6,7,7,10,8,5,6,0,0,0
19,26,8,4,8,8,9,9,13,6,5,0,0,5
22,28,12,0,8,8,8,12,9,5,8,0,0,0
22,28,9,5,8,7,9,11,15,6,0,0,0,0
21,25,12,5,8,9,7,10,5,6,8,4,0,0
24,28,11,0,8,9,7,11,8,6,4,0,0,4
19,24,10,20,7,6,7,8,8,5,6,0,0,0
22,26,11,0,9,9,7,12,8,6,4,0,0,6
27,22,13,5,8,8,7,8,8,7,7,0,0,0
20,29,8,9,7,8,8,11,5,5,5,0,0,5
19,31,12,5,8,7,5,9,9,5,5,5,0,0
24,26,8,9,8,8,10,9,7,6,5,0,0,0
24,27,8,7,7,10,9,9,7,6,6,0,0,0
24,25,10,6,6,9,9,10,8,6,7,0,0,0
20,24,11,7,9,7,7,10,7,6,4,4,0,4
21,27,10,9,8,9,7,9,6,6,8,0,0,0
19,31,10,0,8,8,7,11,11,6,5,4,0,0
25,27,12,5,10,8,7,10,4,6,6,0,0,0
18,22,11,20,7,8,6,9,6,6,7,0,0,0
23,30,10,0,8,9,8,11,6,6,5,0,0,4
22,30,11,0,8,7,4,10,9,6,8,0,0,5
24,26,8,9,8,7,6,11,6,5,6,0,0,4
19,31,12,4,6,8,8,11,9,6,6,0,0,0
18,30,9,0,9,8,8,11,11,6,6,4,0,0
25,26,11,6,8,7,6,10,5,7,5,0,0,4
23,27,10,10,7,9,7,10,7,5,5,0,0,0
21,30,12,6,8,7,8,9,6,6,7,0,0,0
21,25,9,7,7,9,6,12,13,6,5,0,0,0
21,24,11,7,8,7,10,10,5,6,7,4,0,0
23,27,10,4,8,9,6,12,7,5,4,0,0,5
20,21,10,7,9,8,12,10,11,6,6,0,0,0
25,20,11,8,7,10,6,10,7,6,6,4,0,0
18,27,11,7,9,7,10,10,9,7,5,0,0,0
24,30,11,0,8,8,10,9,8,6,6,0,0,0
21,25,8,6,8,8,7,11,6,6,6,4,0,4
26,25,13,4,8,8,8,9,8,6,5,0,0,0
18,24,8,21,7,7,6,11,6,5,7,0,0,0
23,28,13,0,9,7,9,11,8,7,5,0,0,0
19,28,10,8,8,7,5,11,9,5,5,5,0,0
27,29,11,0,8,8,8,11,6,7,5,0,0,0
20,25,8,6,9,8,7,10,11,5,6,5,0,0
19,27,9,8,8,7,6,9,14,6,7,0,0,0
22,25,10,10,6,7,8,13,6,5,4,4,0,0
19,24,10,11,6,7,8,12,5,5,5,4,0,4
21,24,11,9,7,8,6,11,7,6,6,4,0,0
24,28,13,0,8,9,7,11,5,7,8,0,0,0
20,26,9,6,7,8,6,10,9,5,4,6,0,4
19,23,10,10,8,9,7,11,6,6,7,4,0,0
22,27,10,0,8,8,8,10,11,6,5,0,0,5
19,28,11,6,8,9,8,12,5,6,8,0,0,0
23,22,11,6,8,6,8,9,13,6,4,0,0,4
19,24,10,6,7,8,7,11,10,6,8,4,0,0
25,27,11,12,8,7,8,10,0,7,5,0,0,0
22,25,11,15,8,7,7,10,4,6,5,0,0,0
23,22,11,4,8,9,9,11,6,6,6,5,0,0
21,21,10,8,6,9,8,13,7,8,5,4,0,0
24,23,12,4,9,8,8,9,11,5,7,0,0,0
25,26,11,4,7,9,8,11,6,7,6,0,0,0
20,25,12,7,9,8,8,9,12,5,5,0,0,0
26,28,8,0,7,8,10,12,7,7,7,0,0,0
24,22,9,7,9,9,8,10,7,5,6,4,0,0
22,25,10,6,7,9,6,10,9,5,6,0,0,5
22,24,9,8,9,8,9,11,5,6,5,4,0,0
21,25,9,16,7,9,6,10,7,5,5,0,0,0
19,27,10,12,7,8,8,10,7,6,6,0,0,0
23,27,10,13,7,8,8,9,5,5,5,0,0,0
22,25,10,15,7,8,7,9,6,5,6,0,0,0
22,27,11,0,10,8,8,9,9,7,9,0,0,0
21,27,8,14,6,8,7,12,7,5,5,0,0,0
26,23,12,5,9,8,10,8,5,7,7,0,0,0
20,23,11,0,8,8,8,10,10,6,5,6,0,5
21,25,8,12,8,7,7,13,5,7,7,0,0,0
21,23,12,8,8,8,8,10,11,6,5,0,0,0
21,24,10,6,8,8,8,11,4,7,8,0,0,5
20,24,9,10,8,7,8,10,6,5,5,0,0,8
21,27,10,4,7,9,8,11,6,7,6,4,0,0
21,24,10,10,8,7,7,9,14,5,5,0,0,0
19,33,9,0,6,9,7,10,8,7,6,6,0,0
20,29,11,8,8,6,8,10,6,4,5,0,0,5
20,27,11,9,7,7,8,11,5,5,5,0,0,5
22,27,12,9,8,9,7,9,5,6,6,0,0,0
21,35,9,7,8,9,7,10,4,5,5,0,0,0
21,29,11,5,9,7,9,11,7,6,5,0,0,0
19,30,11,4,6,8,9,10,9,5,5,0,0,4
22,34,11,0,8,9,7,10,9,4,6,0,0,0
23,34,11,0,10,9,8,10,10,5,0,0,0,0
17,26,9,20,7,7,6,9,8,6,5,0,0,0
23,32,9,6,6,8,10,10,6,5,5,0,0,0
21,24,11,4,9,7,6,11,10,7,6,0,0,4
20,25,10,10,8,8,7,11,8,5,8,0,0,0
24,25,10,12,7,9,6,9,8,6,4,0,0,0
18,26,11,9,8,8,8,10,6,5,7,4,0,0
20,26,11,9,8,8,8,10,7,6,7,0,0,0
23,30,10,5,7,8,6,10,10,6,5,0,0,0
21,25,11,11,10,8,8,10,5,5,6,0,0,0
22,28,10,0,6,9,8,11,11,6,5,4,0,0
19,28,13,4,7,11,7,10,10,6,5,0,0,0
21,25,10,5,8,8,7,10,8,5,8,5,0,0
20,27,10,5,7,7,6,11,8,6,5,4,0,4
19,27,8,6,8,7,6,11,9,6,5,4,0,4
23,26,12,7,7,8,7,10,8,6,6,0,0,0
21,24,9,9,8,7,8,9,10,5,6,4,0,0
19,23,10,6,8,6,7,9,11,6,7,4,0,4
22,31,9,0,8,10,7,11,8,6,4,4,0,0
19,26,11,13,7,7,8,10,7,6,6,0,0,0
19,25,10,11,9,8,10,10,5,6,7,0,0,0
24,23,12,0,7,9,6,10,11,5,5,4,0,4
19,24,9,6,8,7,9,11,12,6,5,0,0,4
25,25,13,5,8,10,8,9,4,6,7,0,0,0
20,25,9,5,8,8,5,12,7,6,6,4,0,5
20,24,11,9,7,7,9,8,11,5,5,4,0,0
19,30,9,0,9,8,7,11,7,8,7,0,0,5
20,29,8,6,9,7,8,11,9,4,5,0,0,4
19,32,9,9,8,8,7,11,0,6,7,4,0,0
23,33,10,4,8,7,7,11,0,7,6,0,0,4
21,32,10,6,9,7,7,11,0,7,6,0,0,4
21,31,12,4,6,7,7,9,9,5,5,4,0,0
20,32,10,5,7,7,9,11,9,6,4,0,0,0
19,32,8,9,8,7,6,9,6,5,7,0,0,4
20,29,10,0,10,7,9,11,9,6,5,4,0,0
22,25,10,5,7,8,6,9,10,6,8,0,0,4
19,28,10,7,8,7,9,11,6,6,5,4,0,0
22,27,9,0,7,9,8,11,10,6,7,4,0,0
21,21,13,9,7,8,9,11,9,7,5,0,0,0
23,25,8,6,6,7,8,9,9,5,6,4,0,4
22,25,11,0,8,9,9,10,10,7,5,4,0,0
23,25,10,8,8,9,7,10,8,6,6,0,0,0
22,26,12,7,9,9,7,9,7,6,6,0,0,0
19,22,8,13,8,8,8,9,5,5,5,4,0,6
21,24,9,5,8,7,6,11,11,7,6,5,0,0
19,19,11,14,8,8,10,10,6,5,5,0,0,5
21,25,10,5,9,7,6,12,9,6,6,4,0,0
21,24,12,5,9,7,6,11,11,6,8,0,0,0
21,27,8,13,6,9,10,10,5,5,6,0,0,0
21,28,13,9,7,7,5,9,10,6,5,0,0,0
20,32,8,4,8,9,7,10,11,5,6,0,0,0
22,30,12,0,7,7,6,10,14,7,5,0,0,0
21,25,9,8,9,8,7,11,4,6,8,4,0,0
20,23,10,8,7,8,7,10,13,6,4,0,0,4
22,21,9,16,8,6,6,9,13,5,5,0,0,0
21,28,12,0,7,9,8,12,5,6,7,5,0,0
21,27,11,7,9,9,7,10,7,6,6,0,0,0
24,26,10,7,9,8,8,10,7,5,6,0,0,0
21,32,9,5,7,8,7,9,9,5,4,4,0,0
20,29,10,9,8,8,8,10,4,6,8,0,0,0
20,27,10,6,7,9,11,11,7,6,6,0,0,0
22,27,11,8,9,7,5,10,5,7,5,4,0,0
19,35,9,7,7,8,9,9,8,4,5,0,0,0
19,39,9,5,9,7,5,9,8,6,4,0,0,0
20,27,10,6,6,7,9,11,6,5,9,4,0,0
19,30,11,10,6,7,8,12,5,5,7,0,0,0
21,32,9,0,9,8,6,9,10,6,5,0,0,5
20,29,12,7,5,8,9,10,8,5,7,0,0,0
18,31,13,8,8,7,7,9,7,6,6,0,0,0
20,30,12,6,8,7,8,8,11,5,5,0,0,0
20,28,9,10,8,9,7,12,0,6,5,0,0,6
20,25,12,5,7,6,7,8,15,5,6,4,0,0
22,27,10,5,8,7,8,9,11,5,8,0,0,0
20,25,12,7,8,9,7,10,5,6,6,0,0,5
22,30,9,4,8,7,8,9,11,5,7,0,0,0
20,29,11,7,7,8,6,10,5,6,5,0,0,6
21,26,10,7,8,8,7,9,9,5,6,4,0,0
20,25,11,7,8,8,7,12,7,6,5,0,0,4
23,23,9,10,9,8,7,10,5,5,6,0,0,5
21,22,14,9,7,8,8,15,4,6,6,0,0,0
20,25,10,5,7,9,6,8,17,6,7,0,0,0
20,27,11,9,8,7,7,11,6,5,5,4,0,0
23,31,9,4,9,8,7,9,8,7,5,0,0,0
24,31,11,0,6,7,10,11,9,6,5,0,0,0
21,33,11,0,7,8,9,10,10,5,6,0,0,0
18,35,10,10,7,7,6,10,6,6,5,0,0,0
27,29,11,0,9,9,8,10,5,6,6,0,0,0
17,32,9,10,8,8,5,8,7,6,5,5,0,0
21,36,9,0,8,7,7,10,11,5,6,0,0,0
20,32,10,5,6,7,8,10,6,6,5,5,0,0
18,34,9,4,7,7,5,10,9,5,6,0,0,6
22,28,10,6,8,8,8,10,5,6,5,4,0,0
23,28,11,6,8,9,8,11,4,6,6,0,0,0
18,29,10,8,8,9,8,11,6,7,6,0,0,0
19,29,8,7,7,8,7,9,12,5,5,4,0,0
21,27,13,5,8,7,7,12,7,5,8,0,0,0
20,26,11,9,9,8,8,12,5,5,7,0,0,0
24,28,10,0,8,9,8,9,6,7,5,0,0,6
20,24,9,0,9,8,8,12,8,6,6,5,0,5
24,28,12,5,8,9,7,10,5,7,5,0,0,0
24,28,12,5,8,9,7,9,6,7,5,0,0,0
22,31,12,0,8,9,7,10,9,7,5,0,0,0
21,23,9,8,7,7,8,10,6,5,7,4,0,5
22,29,13,0,7,10,7,11,6,7,4,4,0,0
18,30,8,16,7,6,8,9,6,5,7,0,0,0
20,32,8,12,7,8,7,9,8,5,4,0,0,0
21,33,9,6,8,8,8,10,7,5,5,0,0,0
20,34,8,6,8,8,9,9,7,6,5,0,0,0
21,27,11,7,7,8,6,11,7,6,4,0,0,5
20,30,9,0,10,8,13,9,7,6,8,0,0,0
23,26,10,10,6,7,5,11,8,6,4,0,0,4
21,31,9,4,9,8,10,10,7,5,6,0,0,0
20,29,8,7,10,7,9,10,10,5,5,0,0,0
21,24,10,7,7,8,6,10,5,6,7,4,0,5
22,26,10,6,6,10,8,8,6,6,7,5,0,0
23,22,11,9,8,6,7,13,9,6,6,0,0,0
24,25,12,0,9,9,9,13,13,6,0,0,0,0
19,19,8,14,8,8,8,8,12,6,6,4,0,0
24,18,11,7,8,8,8,11,15,5,5,0,0,0
23,19,12,8,7,8,6,11,16,5,5,0,0,0
22,21,15,9,8,7,7,9,11,6,5,0,0,0
22,22,8,12,6,7,8,11,8,5,6,5,0,0
24,22,8,11,8,8,7,11,10,5,6,0,0,0
20,23,14,4,7,8,10,11,6,5,6,0,0,6
21,28,8,6,8,9,6,11,6,6,6,5,0,0
23,27,10,8,8,8,7,9,5,5,5,5,0,0
19,25,10,8,8,8,8,11,7,6,5,0,0,5
20,22,9,19,8,6,7,9,5,5,5,0,0,5
23,22,14,0,7,9,7,12,9,6,6,5,0,0
22,22,12,0,7,9,7,14,10,7,6,4,0,0
20,24,12,6,8,8,9,8,4,6,6,4,0,5
22,25,11,6,11,9,9,9,0,6,6,0,0,6
22,25,7,9,7,7,8,13,9,6,7,0,0,0
24,25,8,5,10,8,9,10,6,6,5,0,0,4
22,25,13,7,7,9,7,11,7,6,6,0,0,0
23,22,10,4,6,8,8,11,7,6,6,4,0,5
24,22,12,6,8,8,9,9,8,6,8,0,0,0
20,24,8,8,7,9,7,12,10,6,5,0,0,4
22,27,9,4,10,9,8,10,7,5,9,0,0,0
19,24,11,8,6,7,7,9,10,6,5,4,0,4
18,23,11,10,5,7,6,10,12,5,5,4,0,4
23,26,11,7,9,9,7,9,8,6,5,0,0,0
22,25,9,12,8,8,6,9,10,6,5,0,0,0
22,28,9,7,8,7,9,10,8,5,7,0,0,0
20,30,13,8,8,8,6,10,7,6,4,0,0,0
23,28,10,0,9,9,7,13,9,6,6,0,0,0
20,27,10,11,8,7,9,9,7,6,6,0,0,0
22,26,10,13,8,7,9,10,0,6,4,5,0,0
21,23,11,16,8,6,7,9,6,5,4,0,0,4
23,21,9,0,9,11,8,10,9,7,8,5,0,0
20,21,14,10,8,7,8,12,7,6,7,0,0,0
20,21,12,9,7,8,7,11,8,6,7,0,0,4
21,20,12,9,7,8,6,10,9,6,8,0,0,4
23,27,10,8,8,9,10,9,6,5,5,0,0,0
21,30,13,8,7,7,6,10,5,6,7,0,0,0
21,30,12,8,10,8,8,11,7,5,0,0,0,0
21,26,8,6,6,7,8,11,10,6,7,4,0,0
20,28,12,5,9,8,7,11,7,5,4,0,0,4
26,27,11,0,9,9,7,10,5,6,5,0,0,5
24,30,11,4,9,8,8,10,6,5,5,0,0,0
22,21,9,10,7,8,8,10,12,6,7,0,0,0
21,23,14,5,8,9,10,9,7,5,5,0,0,4
24,23,12,4,9,9,9,10,8,6,6,0,0,0
28,23,10,4,9,8,9,11,7,6,5,0,0,0
21,24,11,5,8,8,8,10,5,6,4,6,0,4
24,26,12,6,8,8,6,9,6,6,4,5,0,0
20,26,9,5,8,8,11,11,9,7,6,0,0,0
26,24,12,7,9,8,7,11,0,6,6,4,0,0
22,22,10,4,8,8,11,11,12,6,6,0,0,0
20,20,14,6,8,7,9,12,13,6,5,0,0,0
23,20,9,15,8,9,8,11,5,6,6,0,0,0
24,22,10,0,9,8,9,13,13,6,6,0,0,0
23,23,11,4,8,9,7,9,7,5,5,4,0,5
21,27,11,0,7,8,9,13,8,7,9,0,0,0
24,25,12,4,8,8,4,11,12,7,5,0,0,0
19,28,9,9,7,8,13,9,7,5,6,0,0,0
23,28,10,11,7,6,5,10,10,6,4,0,0,0
19,28,10,11,9,8,7,11,6,5,6,0,0,0
20,29,10,5,7,7,8,10,7,8,5,4,0,0
22,29,10,5,9,8,6,10,6,5,6,4,0,0
23,26,10,10,7,7,9,9,7,6,6,0,0,0
18,25,11,7,9,7,6,14,6,6,6,5,0,0
19,25,12,6,8,8,5,13,6,7,6,5,0,0
24,25,10,4,7,8,11,8,8,6,5,0,0,4
21,23,7,4,8,7,12,11,8,5,5,4,0,5
21,27,15,7,7,8,5,9,8,7,6,0,0,0
21,32,8,0,10,8,12,12,6,5,6,0,0,0
21,27,11,6,8,8,8,9,8,7,7,0,0,0
20,27,10,9,8,7,7,11,8,6,7,0,0,0
20,24,13,8,7,8,7,9,8,7,9,0,0,0
21,25,9,5,9,8,8,11,5,6,4,5,0,4
20,26,9,4,8,9,6,10,8,5,5,10,0,0
25,26,11,5,9,7,9,11,5,7,5,0,0,0
19,26,10,10,7,8,6,9,10,5,6,4,0,0
22,29,12,0,9,7,8,11,5,7,6,4,0,0
23,26,9,7,9,8,7,9,6,6,6,4,0,0
22,28,9,9,7,9,8,9,7,6,6,0,0,0
20,25,9,11,8,8,8,10,9,6,6,0,0,0
25,31,12,0,8,8,8,9,9,5,5,0,0,0
18,22,9,14,9,8,7,11,10,6,6,0,0,0
19,22,9,12,9,9,8,10,10,6,6,0,0,0
21,22,8,11,7,9,7,11,12,7,5,0,0,0
23,26,12,6,8,7,8,9,9,6,6,0,0,0
19,29,8,7,9,9,7,13,6,7,6,0,0,0
18,27,9,10,9,8,6,11,6,7,5,0,0,4
19,29,13,6,9,7,7,11,4,6,4,0,0,5
24,22,9,7,8,8,8,10,11,6,7,0,0,0
21,23,13,7,8,8,8,11,4,6,6,0,0,5
21,22,11,11,9,9,8,11,7,6,5,0,0,0
23,22,10,5,8,7,8,12,7,6,7,5,0,0
21,21,12,9,7,7,6,14,11,6,6,0,0,0
21,23,10,9,7,8,8,9,9,6,6,0,0,4
21,26,13,4,9,8,8,12,6,7,6,0,0,0
19,25,12,5,11,8,8,9,9,5,5,4,0,0
18,21,8,29,6,6,8,8,5,5,6,0,0,0
21,27,11,12,8,8,6,11,6,5,5,0,0,0
18,32,12,8,7,7,8,11,5,6,6,0,0,0
21,30,9,8,7,7,6,12,5,5,4,0,0,6
20,30,10,0,7,8,10,10,8,5,7,5,0,0
20,31,9,0,10,9,7,9,13,7,5,0,0,0
20,26,11,10,5,8,7,11,8,5,5,4,0,0
23,22,10,0,10,9,8,10,14,7,7,0,0,0
21,20,10,0,9,8,10,12,15,6,5,4,0,0
23,25,11,0,7,8,9,9,15,5,8,0,0,0
21,24,8,11,9,9,7,11,6,5,9,0,0,0
21,21,13,9,9,7,10,9,10,7,0,4,0,0
23,22,15,7,7,7,9,9,8,5,4,4,0,0
23,26,8,6,9,9,8,12,7,6,6,0,0,0
21,28,12,7,7,7,7,9,9,6,7,0,0,0
21,26,8,5,8,9,7,12,5,6,5,4,0,4
19,26,11,7,9,7,7,10,11,6,7,0,0,0
20,25,11,4,9,8,7,10,9,6,6,0,0,5
21,24,10,6,7,9,7,9,10,6,5,6,0,0
20,24,10,6,7,7,8,11,7,6,6,4,0,4
22,24,11,6,8,10,8,11,5,5,5,5,0,0
24,23,11,7,8,8,8,10,9,6,6,0,0,0
17,24,11,11,8,8,8,12,9,6,6,0,0,0
24,26,11,0,8,8,7,10,11,6,5,4,0,0
23,27,8,4,9,8,5,11,11,5,9,0,0,0
21,28,8,5,8,8,6,9,8,6,4,5,0,4
22,28,9,8,5,8,6,9,8,6,5,6,0,0
19,25,11,7,9,7,9,10,11,5,7,0,0,0
24,22,9,7,7,8,6,11,6,6,5,5,0,4
18,26,10,5,8,8,9,10,9,6,7,0,0,4
25,25,12,5,8,8,6,11,8,6,6,0,0,0
20,25,11,0,7,8,7,12,13,6,7,0,0,4
23,28,9,6,7,8,11,9,5,6,4,4,0,0
22,27,10,6,8,8,9,9,7,5,5,4,0,0
19,28,10,12,7,7,8,10,7,7,5,0,0,0
22,30,8,7,8,8,5,10,5,4,4,5,0,4
21,30,11,4,7,8,7,11,7,6,8,0,0,0
25,25,10,12,9,8,6,9,5,4,7,0,0,0
25,29,10,0,9,10,9,9,6,8,5,0,0,0
17,25,8,19,6,6,6,11,8,5,5,4,0,0
21,29,11,0,10,10,8,9,4,7,6,0,0,5
18,22,10,14,7,7,7,12,10,5,4,4,0,0
22,23,11,5,9,8,8,9,8,6,7,0,0,4
18,24,10,13,7,7,7,13,7,5,5,4,0,0
26,30,11,0,8,8,7,9,7,8,6,0,0,0
23,29,11,0,7,8,7,9,10,6,6,0,0,4
22,27,11,0,8,9,7,9,12,5,6,0,0,4
23,24,8,10,6,7,6,12,9,5,5,0,0,5
23,24,9,14,6,6,6,12,8,6,6,0,0,0
20,29,12,0,8,9,7,10,8,6,7,4,0,0
23,27,12,4,6,10,10,10,6,7,5,0,0,0
17,25,10,5,9,6,7,10,10,5,6,4,0,6
22,20,10,12,6,11,8,11,7,7,6,0,0,0
23,21,13,7,9,7,7,9,7,6,7,0,0,4
21,23,9,7,8,10,9,12,9,7,5,0,0,0
20,22,8,20,8,7,8,9,6,5,7,0,0,0
22,27,12,0,7,8,7,11,11,6,4,5,0,0
18,25,9,7,9,7,10,9,13,6,7,0,0,0
21,22,11,7,8,8,7,11,15,6,4,0,0,0
21,22,11,7,8,9,6,11,15,6,4,0,0,0
20,23,13,8,8,8,7,13,5,6,5,4,0,0
19,24,13,8,9,8,8,14,5,8,4,0,0,0
22,27,8,6,6,8,8,7,12,5,7,4,0,0
24,31,8,0,8,9,9,8,10,5,8,0,0,0
23,30,9,5,8,8,6,7,8,6,6,4,0,0
18,26,11,5,7,8,7,14,7,6,6,5,0,0
21,26,11,7,9,7,7,11,4,6,7,4,0,0
19,26,10,7,10,8,10,10,7,6,7,0,0,0
22,25,11,5,10,7,8,9,8,6,5,0,0,4
22,24,10,7,6,8,7,13,7,6,6,4,0,0
20,26,10,10,8,7,7,8,10,5,5,0,0,4
19,29,10,4,8,8,6,12,8,6,6,4,0,0
23,26,7,14,7,7,6,9,6,5,5,0,0,5
20,29,6,11,6,7,7,8,16,5,5,0,0,0
22,26,14,4,8,7,8,12,5,5,5,0,0,4
22,29,10,8,8,9,8,8,5,7,6,0,0,0
21,26,10,5,8,7,6,11,8,5,5,4,0,4
21,28,9,6,8,9,11,8,7,6,7,0,0,0
22,29,11,5,7,9,8,9,6,6,4,4,0,0
19,32,8,5,8,6,6,10,10,5,6,0,0,5
21,25,9,13,6,7,7,9,13,5,5,0,0,0
20,25,10,6,9,9,9,11,8,6,7,0,0,0
23,24,11,9,8,8,7,10,10,6,4,0,0,0
19,26,13,9,8,8,8,10,5,6,8,0,0,0
23,26,10,5,8,7,7,10,6,6,6,6,0,0
19,21,10,8,8,9,7,10,13,6,5,0,0,4
21,21,11,7,8,9,8,13,11,5,6,0,0,0
23,22,12,6,8,8,8,9,8,6,5,5,0,0
22,21,13,6,9,9,8,9,7,5,6,5,0,0
24,20,11,8,9,8,6,8,7,6,5,4,0,4
22,25,10,8,8,8,6,11,9,6,7,0,0,0
23,25,9,13,9,8,8,11,8,6,0,0,0,0
20,27,12,4,7,8,7,11,8,6,10,0,0,0
25,29,8,6,9,8,8,9,5,5,4,4,0,0
19,30,11,6,6,8,8,11,7,7,7,0,0,0
23,29,10,5,7,7,7,11,8,4,4,5,0,0
20,24,11,7,9,8,7,9,11,7,7,0,0,0
25,25,9,5,7,7,9,12,6,5,5,5,0,0
20,26,11,8,9,7,6,9,9,6,5,4,0,0
22,28,12,0,7,9,8,12,5,6,7,0,0,4
21,28,10,8,9,7,8,10,10,5,4,0,0,0
21,28,11,0,9,9,11,10,9,6,6,0,0,0
20,29,10,14,7,8,5,9,8,5,5,0,0,0
20,25,11,7,8,8,7,9,9,5,7,4,0,0
26,19,11,0,8,9,10,13,11,7,6,0,0,0
20,20,10,11,9,7,6,9,7,6,7,4,0,4
26,21,11,5,7,7,7,8,9,6,5,4,0,4
20,23,12,10,8,7,7,10,4,6,5,4,0,4
20,23,10,12,8,8,9,11,7,6,6,0,0,0
24,23,9,8,8,9,7,10,7,5,6,4,0,0
19,22,12,6,8,8,7,10,10,7,6,5,0,0
25,29,10,6,7,8,8,10,6,5,6,0,0,0
22,31,11,6,8,7,5,10,7,6,7,0,0,0
19,30,9,6,7,8,11,11,5,5,5,0,0,4
23,26,11,4,9,10,6,11,7,7,6,0,0,0
19,29,9,10,6,8,9,10,5,5,5,0,0,5
25,26,10,10,7,7,8,11,6,4,6,0,0,0
23,26,9,4,7,8,7,10,6,6,6,4,0,4
19,25,10,15,8,7,7,11,6,5,7,0,0,0
25,26,9,0,8,7,9,9,10,6,6,5,0,0
21,29,9,6,7,9,6,10,10,6,7,0,0,0
22,27,10,11,8,7,8,10,5,6,6,0,0,0
20,28,10,7,7,8,7,10,11,6,6,0,0,0
20,26,11,10,7,9,7,9,10,6,5,0,0,0
23,25,9,7,8,7,7,11,8,5,6,4,0,0
19,27,14,6,7,8,7,10,4,7,6,0,0,5
21,21,9,7,7,8,8,11,12,6,6,4,0,0
24,20,13,7,8,8,8,10,4,7,7,0,0,4
22,21,11,6,9,10,9,11,6,5,5,5,0,0
22,23,10,8,7,7,7,10,7,6,6,0,0,7
21,26,10,5,9,8,8,10,8,5,5,5,0,0
23,25,9,5,8,8,8,11,12,6,5,0,0,0
22,24,8,12,8,8,7,9,7,5,5,5,0,0
23,25,10,9,7,10,8,9,4,6,5,4,0,0
21,24,10,5,9,9,7,11,7,6,7,4,0,0
26,24,11,7,8,8,9,11,6,5,5,0,0,0
20,24,9,8,8,8,8,9,12,5,9,0,0,0
21,26,8,6,8,8,8,10,9,6,5,0,0,5
21,30,11,11,7,6,8,9,5,6,6,0,0,0
19,29,12,8,6,7,4,10,9,5,6,5,0,0
18,28,8,8,8,6,8,7,8,6,7,4,0,4
21,31,8,8,7,7,8,11,8,6,5,0,0,0
21,30,13,0,8,9,6,10,7,5,6,0,0,5
23,24,8,13,7,6,9,10,8,7,5,0,0,0
19,30,13,4,9,9,7,10,7,6,6,0,0,0
21,30,14,0,8,9,6,12,8,6,6,0,0,0
22,30,13,0,7,9,7,9,7,7,5,0,0,4
21,27,8,8,7,7,6,12,8,5,7,4,0,0
23,25,12,6,8,8,7,9,6,7,5,0,0,4
22,25,11,7,7,8,7,9,7,6,6,5,0,0
25,25,11,9,6,7,7,9,8,5,4,4,0,0
23,26,10,6,8,8,7,9,5,6,7,5,0,0
21,27,10,7,10,8,7,11,8,6,5,0,0,0
21,28,10,6,8,9,7,9,7,6,4,5,0,0
18,29,10,7,8,6,6,11,13,6,6,0,0,0
23,26,9,17,6,8,7,8,6,5,5,0,0,0
18,27,11,9,7,6,7,10,8,6,7,4,0,0
22,25,9,11,8,8,7,11,4,5,6,0,0,4
19,23,9,10,7,8,6,9,7,5,8,4,0,5
21,25,12,9,9,8,8,10,5,7,6,0,0,0
20,23,10,6,7,7,6,9,11,5,7,4,0,5
23,30,10,6,8,8,9,12,5,5,4,0,0,0
21,30,9,4,6,8,8,9,7,5,5,4,0,4
19,26,11,10,8,8,6,10,10,5,7,0,0,0
21,26,11,5,8,9,10,10,5,6,0,4,0,5
18,27,10,8,8,8,7,12,9,5,8,0,0,0
24,25,11,5,8,7,8,8,5,6,4,4,0,5
19,26,9,9,8,8,6,13,10,6,6,0,0,0
23,31,12,4,7,7,7,8,6,6,5,0,0,4
24,31,12,4,7,7,7,11,6,6,5,0,0,0
18,28,9,6,8,9,10,9,8,6,5,4,0,0
24,27,11,6,7,6,6,13,9,6,5,0,0,0
19,28,9,8,7,8,10,7,9,5,5,5,0,0
18,27,13,12,8,9,7,8,6,5,7,0,0,0
19,22,10,17,8,9,6,10,7,6,6,0,0,0
21,32,9,0,7,7,10,10,5,5,6,4,0,4
17,28,12,7,8,7,9,11,10,6,5,0,0,0
24,26,11,0,6,9,7,11,9,6,6,5,0,0
20,24,10,5,8,8,7,9,12,6,6,0,0,5
23,24,11,6,7,7,10,11,6,5,5,5,0,0
23,27,11,8,8,8,7,10,5,7,6,0,0,0
25,23,11,0,8,8,8,11,8,6,6,6,0,0
19,26,10,11,7,8,7,9,7,5,7,0,0,4
21,25,11,16,7,8,9,8,0,6,5,4,0,0
22,29,12,8,7,7,7,11,4,6,7,0,0,0
19,28,13,4,8,8,6,9,10,6,5,4,0,0
20,31,9,9,7,7,9,10,5,7,6,0,0,0
20,30,9,8,6,9,6,10,8,5,5,4,0,0
23,31,8,4,8,7,8,10,5,6,6,4,0,0
19,23,11,13,7,9,7,11,6,5,5,0,0,4
23,23,10,5,8,7,7,9,14,6,8,0,0,0
19,26,10,7,7,9,7,10,6,6,5,4,0,4
20,26,10,11,6,9,7,10,10,6,5,0,0,0
24,27,10,4,11,7,9,11,6,6,5,0,0,0
19,22,12,13,6,9,7,10,9,6,7,0,0,0
23,24,7,7,10,7,8,11,6,6,5,0,0,6
22,21,9,11,9,6,6,9,6,5,7,5,0,4
20,30,11,0,6,12,9,11,10,6,5,0,0,0
20,30,11,7,6,9,6,11,8,6,6,0,0,0
22,24,9,9,11,7,8,9,5,6,6,4,0,0
22,23,9,4,7,9,7,11,9,5,6,4,0,4
24,21,12,5,6,8,9,10,7,6,7,5,0,0
21,27,10,10,10,9,6,11,6,6,4,0,0,0
25,30,12,5,7,7,10,10,0,6,8,0,0,0
25,29,12,0,9,10,8,13,0,6,8,0,0,0
18,27,11,10,7,8,9,10,10,6,4,0,0,0
23,26,12,4,7,9,9,10,9,5,6,0,0,0
19,28,12,13,5,7,8,10,7,6,5,0,0,0
20,27,10,0,9,10,10,12,7,6,9,0,0,0
23,25,12,9,8,8,8,10,7,6,4,0,0,0
22,26,10,9,8,8,5,11,7,6,8,0,0,0
18,28,13,4,7,8,8,9,7,5,4,4,0,5
25,23,7,6,8,8,7,11,7,7,7,4,0,0
20,26,10,10,7,9,11,9,7,5,6,0,0,0
22,24,10,5,9,8,5,11,6,6,5,4,0,5
18,23,9,6,8,9,7,11,11,7,6,0,0,5
26,22,12,6,7,7,8,11,6,5,6,4,0,0
21,24,10,5,8,9,8,11,11,7,6,0,0,0
17,25,13,7,8,9,6,10,14,5,6,0,0,0
22,26,13,0,10,9,6,10,10,7,7,0,0,0
19,25,10,11,7,7,8,9,13,6,5,0,0,0
22,28,12,4,8,7,7,11,6,6,5,4,0,0
23,28,11,6,8,7,8,12,6,6,5,0,0,0
21,32,9,6,7,8,6,10,7,7,7,0,0,0
22,33,12,5,8,9,9,10,6,6,0,0,0,0
17,30,14,5,6,7,9,11,6,6,9,0,0,0
22,30,9,5,9,9,9,8,9,5,0,0,0,5
22,30,8,0,10,9,8,8,9,6,5,0,0,5
20,31,12,0,7,9,8,13,6,7,7,0,0,0
24,28,10,8,9,9,9,9,8,6,0,0,0,0
25,26,10,4,8,10,8,11,7,6,5,0,0,0
24,25,9,6,7,8,7,10,7,7,6,4,0,0
22,27,11,8,7,8,9,9,8,6,5,0,0,0
20,27,10,4,8,9,8,12,7,7,8,0,0,0
22,26,12,5,7,7,7,11,9,6,4,4,0,0
24,21,10,8,8,9,8,10,8,5,9,0,0,0
20,29,12,6,7,8,7,10,7,6,4,4,0,0
20,27,14,6,7,8,6,10,10,6,6,0,0,0
23,22,7,7,8,8,7,11,6,6,6,5,0,4
19,24,13,12,7,8,7,9,10,5,6,0,0,0
23,28,6,0,9,9,10,11,6,6,6,6,0,0
21,28,9,0,8,8,9,12,9,6,5,5,0,0
19,29,9,4,6,8,9,10,6,6,5,5,0,4
22,32,11,4,8,7,6,10,7,5,8,0,0,0
20,33,11,5,8,9,5,10,5,5,9,0,0,0
22,33,10,0,7,8,8,11,6,6,5,4,0,0
21,29,12,0,8,8,5,9,16,6,6,0,0,0
21,26,8,11,8,8,9,11,0,7,5,6,0,0
18,28,12,7,8,7,6,10,11,5,8,0,0,0
22,25,8,5,7,7,8,11,7,6,4,5,0,5
19,25,9,11,8,8,8,10,6,5,7,4,0,0
23,31,11,6,7,7,7,11,7,6,4,0,0,0
22,30,9,6,7,7,7,11,7,6,4,0,0,4
17,25,10,8,8,9,7,11,6,6,9,4,0,0
27,28,11,0,8,8,9,9,11,5,0,0,0,4
17,29,9,7,8,9,6,11,4,7,9,4,0,0
21,27,11,0,7,9,8,10,10,6,6,5,0,0
22,26,10,15,8,7,7,10,4,5,6,0,0,0
21,31,9,0,7,9,8,10,9,6,6,4,0,0
21,31,10,7,8,8,6,9,9,6,5,0,0,0
20,31,9,11,7,8,6,9,8,6,5,0,0,0
25,24,11,5,8,8,11,11,5,6,6,0,0,0
20,22,11,8,7,9,6,10,11,6,6,4,0,0
23,26,11,4,9,8,9,11,7,6,6,0,0,0
25,26,12,6,9,8,7,11,5,6,5,0,0,0
19,29,9,5,7,7,8,10,10,5,6,5,0,0
22,25,12,4,9,9,9,12,7,6,5,0,0,0
25,31,12,0,8,7,7,11,8,6,5,0,0,0
24,28,12,6,8,8,5,11,6,7,5,0,0,0
20,26,11,10,8,8,8,11,8,5,5,0,0,0
19,26,14,0,11,9,9,11,0,8,8,5,0,0
26,29,10,0,8,9,8,10,5,5,6,4,0,0
18,34,10,0,8,7,7,11,8,7,6,0,0,4
22,31,10,7,7,9,8,9,7,4,6,0,0,0
18,30,9,9,8,7,7,10,6,7,5,4,0,0
21,32,8,12,7,8,6,10,5,5,6,0,0,0
17,39,8,5,7,7,8,10,0,6,5,8,0,0
21,37,12,5,6,7,7,8,8,5,4,0,0,0
19,30,8,4,8,9,7,10,10,6,5,4,0,0
21,35,12,4,7,7,7,11,5,5,6,0,0,0
19,28,8,10,8,8,8,9,7,6,5,4,0,0
22,24,13,7,7,6,6,11,9,5,6,0,0,4
19,23,10,5,8,9,9,11,9,8,5,0,0,4
20,23,10,6,9,9,9,11,7,7,5,4,0,0
21,28,10,7,7,7,8,9,9,5,5,4,0,0
20,24,9,13,8,8,8,9,4,8,5,0,0,4
18,29,9,6,8,8,8,9,10,5,6,4,0,0
21,27,9,8,8,7,7,10,9,5,5,4,0,0
23,28,11,7,8,8,6,10,9,5,5,0,0,0
20,26,7,4,7,8,9,10,12,5,8,4,0,0
18,25,7,7,7,6,8,10,11,6,6,5,0,4
19,24,8,9,7,5,8,9,12,6,5,4,0,4
23,28,11,5,8,9,6,12,7,5,6,0,0,0
19,26,9,16,8,7,9,9,5,7,5,0,0,0
21,25,8,15,8,7,8,9,5,6,4,0,0,4
23,26,12,0,9,9,7,12,8,6,8,0,0,0
17,26,8,0,8,8,11,11,11,5,7,4,0,4
20,31,11,0,8,8,12,10,8,6,6,0,0,0
22,24,9,18,8,7,4,10,8,5,5,0,0,0
18,23,10,18,9,8,7,8,11,4,4,0,0,0
27,25,10,0,8,8,8,14,6,7,7,0,0,0
21,25,10,0,7,7,9,13,8,6,5,5,0,4
24,29,10,8,7,8,7,9,5,6,7,0,0,0
20,29,11,17,7,8,7,9,0,6,6,0,0,0
21,25,9,0,9,8,8,12,16,6,6,0,0,0
23,24,9,7,7,8,8,11,7,6,6,0,0,4
21,26,12,0,9,8,8,10,10,6,6,4,0,0
25,30,10,0,8,9,6,13,7,6,6,0,0,0
19,26,11,4,8,7,10,10,9,6,5,5,0,0
21,31,12,0,7,8,10,9,7,6,5,0,0,4
17,24,11,9,9,7,6,10,13,5,5,4,0,0
26,23,11,4,6,8,8,10,6,6,7,0,0,5
13,24,11,11,9,8,7,11,10,7,5,4,0,0
22,21,12,5,6,8,12,11,10,5,4,4,0,0
22,28,9,5,10,8,6,11,5,7,9,0,0,0
21,29,13,7,8,8,7,10,6,6,5,0,0,0
22,27,10,10,7,7,8,9,8,6,6,0,0,0
22,22,10,0,9,9,8,13,7,6,5,4,0,5
22,22,11,7,8,8,6,9,6,7,9,0,0,5
23,22,11,7,8,9,8,10,7,6,4,5,0,0
21,31,11,0,8,8,8,11,9,6,7,0,0,0
20,31,10,4,7,8,9,10,7,5,5,0,0,4
19,26,10,14,6,7,7,9,7,5,5,5,0,0
25,25,9,11,7,8,6,9,5,6,5,4,0,0
18,21,9,31,7,7,5,8,5,4,5,0,0,0
21,26,11,5,7,8,8,11,8,6,5,0,0,4
25,23,10,9,9,8,8,10,6,7,5,0,0,0
24,24,12,8,9,8,7,10,6,6,6,0,0,0
20,28,11,9,6,7,9,10,4,6,6,0,0,4
22,31,12,6,8,7,7,8,6,4,5,4,0,0
23,29,11,13,6,7,7,9,7,4,4,0,0,0
18,32,11,0,7,8,7,11,13,7,6,0,0,0
21,25,9,16,8,7,7,10,4,4,5,4,0,0
21,23,11,7,7,8,8,12,7,6,5,5,0,0
24,26,12,0,8,8,10,10,7,6,9,0,0,0
21,23,11,16,6,7,6,11,8,7,0,4,0,0
20,21,13,8,11,8,8,10,11,6,0,0,0,4
25,23,9,4,7,9,8,11,6,6,7,5,0,0
18,30,13,10,8,8,6,10,8,5,4,0,0,0
24,23,9,0,7,9,8,11,8,6,7,4,0,4
23,27,12,5,11,8,8,9,7,6,4,0,0,0
22,29,9,0,8,9,9,14,6,6,8,0,0,0
20,27,12,0,10,9,10,11,6,7,4,0,0,4
24,26,11,5,7,9,8,10,5,7,4,0,0,4
21,26,10,6,7,8,8,11,8,6,5,4,0,0
21,28,10,8,9,10,6,9,6,6,7,0,0,0
20,29,9,8,9,8,7,9,7,6,8,0,0,0
18,30,11,10,7,8,8,11,6,6,5,0,0,0
20,29,11,8,7,9,7,10,8,6,5,0,0,0
22,28,12,8,7,7,8,11,7,5,5,0,0,0
19,32,10,5,8,9,8,10,7,6,6,0,0,0
19,31,10,6,6,7,6,11,6,4,6,4,0,4
21,26,10,6,8,7,8,10,8,7,5,4,0,0
22,30,11,0,9,8,7,13,8,5,7,0,0,0
22,25,12,7,7,8,8,11,5,6,4,5,0,0
21,25,10,11,9,8,7,10,7,5,7,0,0,0
17,31,11,4,8,8,9,11,10,6,5,0,0,0
18,27,9,11,9,8,11,9,7,6,5,0,0,0
26,25,13,0,7,8,5,12,11,6,7,0,0,0
24,25,10,0,8,8,7,11,11,6,5,0,0,5
18,27,10,13,8,7,7,10,7,6,7,0,0,0
20,26,10,9,8,11,8,9,8,6,5,0,0,0
20,25,11,5,9,7,7,12,12,5,7,0,0,0
21,30,10,4,8,11,8,9,4,6,5,4,0,0
21,28,10,13,7,6,6,10,7,4,4,0,0,4
23,26,11,13,7,8,6,9,6,6,5,0,0,0
18,34,8,5,7,8,8,9,9,5,5,4,0,0
25,31,12,0,7,7,8,10,6,7,7,0,0,0
18,30,11,6,8,8,11,11,7,5,5,0,0,0
23,24,10,10,7,7,7,11,7,6,4,4,0,0
17,28,10,5,8,8,9,11,6,6,8,0,0,4
24,24,10,10,8,8,5,9,8,5,4,5,0,0
23,26,9,12,8,7,8,11,7,4,0,5,0,0
22,22,9,0,9,8,8,10,9,7,6,5,0,5
21,20,13,12,8,8,8,12,7,5,6,0,0,0
22,19,9,17,9,8,7,10,7,6,6,0,0,0
23,27,11,0,7,9,8,11,8,6,6,4,0,0
16,22,8,29,8,6,6,8,7,5,5,0,0,0
22,31,8,5,7,7,6,11,5,5,4,4,0,5
20,27,13,7,7,7,9,9,10,6,5,0,0,0
21,24,11,7,9,8,8,8,6,6,8,4,0,0
20,28,9,7,6,8,8,11,8,6,4,0,0,5
24,30,11,0,9,8,7,10,9,6,6,0,0,0
18,25,9,11,6,7,7,11,9,5,7,0,0,5
20,23,12,7,8,7,9,11,7,6,6,0,0,4
21,26,9,6,8,10,6,11,9,6,8,0,0,0
20,26,9,6,8,10,7,12,8,6,8,0,0,0
21,25,11,8,8,7,8,10,6,6,6,0,0,4
19,27,9,7,8,8,8,12,10,6,6,0,0,0
22,30,10,9,7,8,6,9,8,6,5,0,0,0
20,28,9,7,7,8,7,8,13,5,4,4,0,0
19,31,11,8,9,8,6,10,5,7,6,0,0,0
19,28,11,9,7,8,8,10,5,5,6,4,0,0
20,28,10,4,8,7,8,10,12,7,6,0,0,0
21,27,12,5,9,9,8,9,8,6,6,0,0,0
20,24,11,6,8,8,11,9,8,5,5,5,0,0
23,26,13,9,8,9,8,14,4,6,0,0,0,0
23,26,11,12,8,7,6,11,0,7,4,0,0,5
23,27,11,7,11,9,8,12,0,6,6,0,0,0
20,27,11,11,7,8,8,10,7,6,5,0,0,0
20,23,10,12,7,8,8,10,9,5,8,0,0,0
23,29,12,0,8,8,7,10,6,6,0,5,0,6
21,25,9,15,6,7,8,9,8,5,7,0,0,0
21,26,13,4,8,7,9,11,9,6,6,0,0,0
23,26,8,11,8,8,6,10,5,6,5,4,0,0
22,26,14,0,8,9,9,12,9,5,6,0,0,0
20,25,12,8,7,7,8,11,11,6,5,0,0,0
23,26,10,0,8,11,11,10,11,6,4,0,0,0
20,22,10,14,8,5,6,11,6,6,7,0,0,5
21,25,10,13,8,6,6,12,6,6,7,0,0,0
19,25,9,10,8,7,6,11,7,7,11,0,0,0
21,27,11,8,8,9,10,9,6,6,5,0,0,0
21,26,11,7,8,6,8,12,8,6,7,0,0,0
23,28,10,6,7,8,7,13,6,6,6,0,0,0
19,27,10,7,8,8,7,9,13,6,6,0,0,0
19,38,7,7,6,8,8,12,0,6,5,4,0,0
19,25,10,4,8,6,6,7,23,6,6,0,0,0
19,32,10,5,7,9,8,10,5,6,5,4,0,0
23,33,11,0,9,7,8,10,8,6,5,0,0,0
21,30,10,5,7,9,6,9,5,5,5,4,0,4
21,32,12,5,9,9,7,9,5,5,6,0,0,0
18,28,11,9,6,7,8,9,9,6,5,4,0,0
26,30,14,0,8,9,7,10,5,6,5,0,0,0
20,26,11,8,8,7,7,10,7,5,7,4,0,0
22,28,11,8,7,8,7,10,8,5,6,0,0,0
19,30,9,0,7,9,8,10,8,6,5,4,0,5
24,23,10,13,8,8,6,10,6,6,6,0,0,0
23,26,12,4,9,11,7,11,7,6,4,0,0,0
24,26,10,0,7,9,7,9,13,6,9,0,0,0
19,30,10,0,7,8,8,10,14,6,8,0,0,0
23,26,13,5,8,8,7,11,8,6,5,0,0,0
20,25,12,6,8,8,8,10,9,7,7,0,0,0
20,26,9,12,8,7,7,11,8,6,6,0,0,0
21,29,10,6,8,9,8,10,8,6,5,0,0,0
19,25,10,15,9,8,7,11,0,5,7,0,0,4
21,24,10,9,7,8,10,9,9,8,5,0,0,0
20,25,13,7,8,9,8,12,4,5,5,0,0,4
22,23,8,8,8,8,5,9,14,5,6,4,0,0
20,23,15,6,8,9,10,12,0,6,6,0,0,5
23,19,10,16,7,9,8,10,6,6,6,0,0,0
20,27,10,5,8,8,8,10,14,6,4,0,0,0
23,20,10,8,7,7,6,11,5,6,8,5,0,4
22,22,13,5,9,10,11,11,5,6,6,0,0,0
27,19,12,8,9,8,8,11,0,6,8,4,0,0
18,21,10,13,9,8,9,10,7,5,5,0,0,5
26,25,12,0,8,9,7,13,8,7,5,0,0,0
16,24,11,14,7,6,7,9,11,5,6,0,0,4
26,28,10,0,8,10,7,11,7,7,6,0,0,0
19,22,10,10,8,8,6,12,9,7,5,4,0,0
19,22,10,10,8,8,6,11,10,7,5,4,0,0
21,27,13,4,7,8,10,11,8,6,5,0,0,0
21,27,11,5,7,8,6,10,9,5,6,5,0,0
21,25,11,0,10,8,9,11,13,6,6,0,0,0
19,27,10,0,9,7,10,11,11,6,6,4,0,0
24,25,8,4,9,8,7,10,9,7,4,5,0,0
22,26,13,9,8,8,7,10,5,5,7,0,0,0
21,23,10,6,7,8,8,11,12,5,5,0,0,4
23,22,11,4,9,8,7,11,5,8,6,6,0,0
23,22,11,5,7,10,11,11,9,5,6,0,0,0
22,22,10,8,8,8,7,10,8,7,5,5,0,0
22,25,8,5,8,8,8,12,7,6,7,0,0,4
21,26,10,9,8,8,7,9,7,6,5,4,0,0
21,29,10,5,7,7,8,10,11,6,6,0,0,0
21,28,10,11,8,8,6,9,5,5,5,0,0,4
22,30,11,0,7,8,9,10,9,7,7,0,0,0
22,29,12,4,10,8,6,10,8,6,5,0,0,0
20,23,8,12,6,7,8,11,10,5,6,4,0,0
17,25,8,11,7,8,8,10,10,6,6,4,0,0
24,25,13,8,9,7,7,10,6,6,5,0,0,0
21,30,11,7,7,8,6,10,9,6,5,0,0,0
21,31,11,0,8,8,9,11,8,6,7,0,0,0
23,31,13,0,8,8,5,13,7,5,7,0,0,0
21,24,9,7,9,8,10,9,7,7,5,4,0,0
24,21,10,12,7,8,6,11,9,5,7,0,0,0
19,25,9,5,8,8,8,10,9,6,5,4,0,4
21,24,11,7,7,6,9,10,9,6,6,0,0,4
21,26,10,6,8,10,6,10,7,6,6,4,0,0
22,28,9,7,8,7,7,11,5,6,6,0,0,4
20,27,10,7,8,8,7,11,12,6,4,0,0,0
21,27,11,5,8,8,8,9,14,5,4,0,0,0
22,23,9,5,8,7,7,12,5,5,8,5,0,4
19,29,13,9,8,8,7,9,10,4,4,0,0,0
19,29,11,13,8,9,6,10,9,6,0,0,0,0
23,27,10,6,8,7,8,9,10,5,7,0,0,0
19,23,8,13,8,8,6,12,8,7,4,4,0,0
22,22,10,12,9,8,7,10,9,6,5,0,0,0
23,23,13,6,8,7,7,10,11,5,7,0,0,0
22,29,8,7,8,8,8,11,9,6,4,0,0,0
21,30,9,8,8,8,9,11,6,6,4,0,0,0
20,26,13,8,8,9,7,10,7,5,7,0,0,0
19,31,10,8,7,7,6,11,5,6,5,5,0,0
21,30,8,5,8,9,9,10,5,6,4,0,0,5
18,25,16,11,8,7,7,10,6,6,6,0,0,0
22,29,8,0,7,9,7,11,13,5,5,0,0,4
21,29,12,10,8,7,8,10,5,5,5,0,0,0
22,28,8,8,8,9,7,9,5,5,6,5,0,0
17,31,15,7,8,7,5,10,7,6,7,0,0,0
24,29,8,0,7,7,10,12,13,6,0,4,0,0
19,27,11,9,8,8,8,10,7,6,7,0,0,0
25,26,8,5,7,8,6,10,6,5,4,6,0,4
19,29,10,7,8,8,8,11,5,6,5,4,0,0
23,27,12,6,9,8,8,12,0,6,5,0,0,4
20,28,9,4,7,7,8,9,6,6,6,6,0,4
25,25,11,5,9,8,7,11,7,7,5,0,0,0
23,28,9,5,8,8,9,12,5,6,7,0,0,0
22,24,12,13,8,8,7,11,5,6,4,0,0,0
22,23,9,0,8,8,9,10,11,6,9,5,0,0
20,25,15,6,8,8,8,9,7,4,6,4,0,0
20,24,12,0,8,8,7,13,11,7,5,0,0,5
23,28,9,6,9,8,8,10,9,4,6,0,0,0
20,28,12,8,7,8,7,10,7,7,6,0,0,0
22,29,11,5,7,8,6,9,11,6,6,0,0,0
21,28,7,9,9,9,9,11,5,5,7,0,0,0
20,33,13,9,8,8,5,9,4,6,5,0,0,0
23,30,11,4,9,9,7,10,8,5,4,0,0,0
20,28,9,5,8,8,8,12,11,6,5,0,0,0
21,29,12,8,6,8,6,9,5,5,7,4,0,0
22,29,10,4,8,7,8,11,10,6,5,0,0,0
21,26,10,15,7,8,7,9,6,5,6,0,0,0
21,28,9,0,10,7,8,11,9,7,5,5,0,0
18,37,10,0,8,9,7,10,5,5,6,0,0,5
19,28,8,10,8,7,6,11,12,6,5,0,0,0
19,26,8,15,6,7,5,9,10,6,5,4,0,0
19,31,11,10,7,8,6,9,9,5,5,0,0,0
21,31,9,0,7,8,8,11,8,6,6,5,0,0
23,22,12,12,8,8,8,9,7,5,6,0,0,0
18,24,9,12,7,8,6,11,9,6,5,5,0,0
24,27,13,0,8,9,10,9,7,6,7,0,0,0
18,22,7,19,8,8,5,11,7,5,6,0,0,4
23,25,11,10,7,7,6,8,9,5,4,0,0,5
18,24,9,22,7,7,9,11,0,6,7,0,0,0
24,31,13,0,9,7,7,9,9,5,6,0,0,0
19,25,12,5,7,8,7,11,9,6,6,0,0,5
23,27,9,8,8,8,7,11,7,6,6,0,0,0
20,29,12,7,8,8,9,10,5,6,6,0,0,0
20,31,10,12,8,7,7,10,9,6,0,0,0,0
21,27,9,0,7,9,8,8,7,6,10,4,0,4
22,29,11,11,9,8,7,10,7,6,0,0,0,0
20,27,10,10,8,7,7,10,7,6,4,4,0,0
22,28,10,7,7,8,7,11,9,5,6,0,0,0
22,24,12,9,8,8,6,9,8,6,4,4,0,0
25,29,8,0,8,8,10,11,5,6,10,0,0,0
18,27,11,16,8,7,5,9,9,6,0,4,0,0
18,27,9,26,6,7,6,9,8,4,0,0,0,0
21,30,11,0,9,9,8,9,8,6,9,0,0,0
19,23,9,18,7,7,7,10,7,4,4,0,0,5
18,22,9,15,8,8,7,10,9,5,5,4,0,0
23,30,11,5,7,8,8,10,5,6,7,0,0,0
21,29,11,6,7,7,7,10,6,5,7,4,0,0
21,28,10,6,8,9,8,12,8,6,4,0,0,0
20,25,10,10,8,8,6,11,6,5,6,5,0,0
21,27,11,6,8,9,8,11,5,5,5,4,0,0
21,24,9,7,7,8,6,12,8,7,7,0,0,4
21,26,9,9,7,7,7,14,7,7,6,0,0,0
23,24,9,4,9,10,9,10,6,5,6,0,0,5
21,23,11,5,7,7,7,11,9,7,6,0,0,6
22,24,8,17,7,8,7,9,6,4,4,4,0,0
19,25,14,0,9,8,9,12,7,7,5,0,0,5
18,23,9,11,8,9,9,10,7,7,5,0,0,4
23,26,14,4,9,9,6,11,5,6,7,0,0,0
19,24,7,11,7,7,9,9,7,5,5,5,0,5
19,24,11,0,8,9,8,10,16,7,8,0,0,0
25,23,10,10,8,9,8,11,5,7,4,0,0,0
19,24,10,7,8,7,7,11,10,5,8,4,0,0
20,27,10,6,8,9,7,9,6,5,5,4,0,4
22,27,7,10,7,7,7,11,10,6,6,0,0,0
23,30,10,0,8,8,9,9,12,6,5,0,0,0
21,29,7,5,7,9,7,11,8,6,6,4,0,0
20,28,9,5,7,9,8,13,9,6,6,0,0,0
24,25,13,8,9,8,8,9,6,4,6,0,0,0
22,19,14,14,8,7,7,8,6,5,6,4,0,0
21,18,12,12,7,7,7,9,6,5,4,6,0,6
18,23,9,6,8,9,9,12,12,6,8,0,0,0
21,27,11,4,7,9,8,10,7,5,5,6,0,0
22,27,10,0,8,8,6,9,14,7,5,4,0,0
20,23,11,10,8,8,8,11,4,7,6,0,0,4
22,26,13,5,7,8,8,10,4,6,7,4,0,0
19,24,9,11,9,8,5,9,8,6,6,0,0,6
22,26,11,0,8,8,11,11,7,6,6,4,0,0
20,30,12,0,8,8,11,10,10,6,5,0,0,0
21,30,10,6,7,8,6,10,10,6,6,0,0,0
21,25,12,7,7,7,9,14,6,7,5,0,0,0
22,23,8,8,9,7,8,8,11,5,6,5,0,0
21,24,13,7,8,8,7,12,9,6,5,0,0,0
19,25,9,9,8,6,7,9,12,6,6,4,0,0
25,25,10,5,8,10,8,11,4,6,4,4,0,0
22,23,8,10,7,7,7,10,12,6,8,0,0,0
20,29,12,6,8,9,6,9,4,6,5,6,0,0
20,28,12,6,8,9,5,10,5,6,6,5,0,0
20,28,11,10,7,8,8,11,5,6,6,0,0,0
18,23,9,15,8,9,7,10,6,6,4,5,0,0
21,22,13,0,8,8,10,10,7,6,11,4,0,0
23,22,10,9,7,10,6,12,9,6,6,0,0,0
21,19,12,4,8,8,8,11,10,6,8,0,0,5
23,20,11,0,8,10,7,13,11,7,5,5,0,0
24,21,10,8,9,10,9,9,7,5,4,0,0,4
26,23,11,0,10,6,8,13,7,6,10,0,0,0
21,23,11,7,8,8,6,14,8,5,5,0,0,4
22,24,10,5,7,8,8,9,7,7,9,4,0,0
22,22,10,9,9,9,6,14,9,5,0,0,0,5
23,21,11,7,7,8,10,8,8,7,10,0,0,0
21,20,10,7,11,8,6,13,8,6,6,4,0,0
23,21,12,8,7,10,8,8,9,7,7,0,0,0
25,22,11,5,6,9,11,9,9,6,7,0,0,0
22,19,9,8,8,9,7,10,7,8,8,5,0,0
21,20,9,7,8,9,7,10,7,7,9,6,0,0
22,22,12,5,9,9,7,11,6,7,6,4,0,0
22,25,10,6,8,9,7,10,5,5,6,0,0,7
20,24,13,8,8,8,6,11,7,6,5,4,0,0
21,25,11,6,11,8,7,10,4,6,6,5,0,0
24,23,10,5,6,8,8,11,8,6,6,0,0,5
18,23,11,11,8,7,8,9,8,6,6,5,0,0
25,24,11,0,8,9,8,12,7,6,6,0,0,4
24,24,9,5,8,9,8,10,10,7,6,0,0,0
22,24,12,9,9,7,9,10,7,6,5,0,0,0
25,23,8,0,7,9,7,13,7,6,7,4,0,4
21,26,14,4,9,10,8,11,5,6,6,0,0,0
20,26,8,14,7,6,7,11,6,6,5,0,0,4
19,28,8,13,8,7,8,11,7,6,5,0,0,0
20,29,10,6,8,11,6,10,9,5,6,0,0,0
19,28,9,5,9,8,7,9,5,7,5,4,0,5
26,28,10,4,8,8,7,12,6,5,6,0,0,0
23,29,12,4,9,8,8,10,5,6,6,0,0,0
20,25,9,9,8,8,7,10,13,6,5,0,0,0
20,25,9,9,8,9,7,10,12,6,5,0,0,0
23,26,11,8,8,6,9,12,5,6,6,0,0,0
20,29,8,5,7,8,6,9,8,6,6,4,0,4
24,28,11,4,8,6,10,12,7,5,5,0,0,0
20,30,12,5,7,7,7,12,8,6,6,0,0,0
21,29,9,9,7,10,9,10,10,6,0,0,0,0
21,28,10,5,8,9,6,12,6,6,5,4,0,0
19,25,10,8,7,8,9,12,5,7,6,4,0,0
24,27,11,0,9,10,8,10,9,5,7,0,0,0
18,26,11,8,9,8,7,10,8,6,5,4,0,0
24,26,10,5,6,8,8,10,10,6,7,0,0,0
20,22,10,8,9,10,7,11,7,6,6,4,0,0
20,20,11,12,7,7,9,10,8,6,6,0,0,4
24,26,11,5,8,9,7,11,9,5,5,0,0,0
16,29,9,11,7,6,7,9,8,5,5,4,0,4
24,31,11,0,8,8,8,12,6,6,6,0,0,0
19,31,8,5,7,6,8,10,7,5,6,4,0,4
22,21,13,8,8,8,7,10,11,6,6,0,0,0
22,22,11,0,9,9,7,11,6,6,6,6,0,5
23,21,10,0,11,9,8,10,6,7,10,5,0,0
21,22,9,10,8,9,10,11,7,8,0,5,0,0
22,26,11,6,8,7,6,10,10,5,9,0,0,0
21,24,10,6,9,10,11,12,4,8,0,5,0,0
22,22,9,20,8,7,5,9,7,4,7,0,0,0
22,22,10,19,8,7,5,9,7,4,7,0,0,0
21,22,10,13,7,7,7,9,6,6,7,5,0,0
21,24,11,16,6,10,8,9,9,6,0,0,0,0
21,26,9,6,11,6,6,10,12,6,7,0,0,0
22,24,9,10,7,8,8,9,8,6,5,4,0,0
20,27,11,0,11,8,7,11,11,5,9,0,0,0
20,28,8,12,7,8,7,9,6,6,4,5,0,0
19,30,10,6,7,8,10,9,11,5,5,0,0,0
19,28,9,8,7,6,5,10,7,6,5,4,0,6
20,32,9,5,8,7,6,10,7,6,5,0,0,5
19,31,10,0,8,8,9,12,11,6,6,0,0,0
23,31,9,8,7,8,9,9,6,6,0,0,0,4
21,31,9,0,6,8,6,10,8,6,5,4,0,6
18,25,11,12,9,8,8,9,8,6,6,0,0,0
20,26,9,21,7,6,7,10,5,5,4,0,0,0
23,30,11,0,8,8,6,10,6,7,7,4,0,0
21,29,15,7,8,7,6,10,8,5,4,0,0,0
24,29,9,0,8,10,8,11,10,6,5,0,0,0
23,30,11,0,8,9,8,11,9,6,5,0,0,0
17,28,10,16,6,6,6,9,6,6,6,4,0,0
21,28,8,18,7,7,6,9,6,5,5,0,0,0
18,27,10,8,7,9,8,11,9,5,4,4,0,0
24,32,8,6,8,7,6,8,5,6,6,0,0,4
20,31,11,6,6,8,6,11,6,5,6,4,0,0
24,30,9,4,8,8,8,9,9,6,5,0,0,0
21,30,11,5,7,9,8,10,5,5,5,0,0,4
20,25,9,9,7,8,6,9,14,7,6,0,0,0
21,24,12,5,7,9,9,12,6,5,6,0,0,4
21,23,8,8,9,8,10,11,9,6,7,0,0,0
23,25,12,8,7,9,6,10,4,6,6,4,0,0
20,25,8,8,7,8,6,12,9,6,6,0,0,5
22,27,11,5,7,8,8,11,10,6,5,0,0,0
23,29,10,0,9,8,8,11,5,5,7,0,0,5
20,23,11,9,10,9,7,11,7,8,5,0,0,0
20,26,15,7,9,10,5,10,6,5,7,0,0,0
26,25,9,5,7,7,10,11,9,6,5,0,0,0
21,28,10,6,9,8,9,13,5,6,5,0,0,0
26,27,12,0,9,8,9,12,7,5,0,5,0,0
20,23,11,10,8,9,9,10,9,7,4,0,0,0
23,25,9,5,7,9,6,10,7,6,7,6,0,0
19,30,11,6,7,7,10,10,9,7,4,0,0,0
20,29,8,10,6,8,6,9,9,5,6,4,0,0
22,29,9,8,7,8,7,9,8,6,7,0,0,0
22,30,9,8,6,7,6,9,7,5,7,4,0,0
18,29,10,12,6,9,10,8,7,4,7,0,0,0
20,33,9,10,8,6,6,10,7,5,6,0,0,0
19,25,8,8,8,8,7,10,5,6,6,6,0,4
24,31,12,0,7,8,9,11,7,5,6,0,0,0
18,24,8,9,8,8,5,10,6,6,6,8,0,4
20,25,11,6,8,8,9,11,5,6,7,4,0,0
21,25,10,4,8,8,8,12,7,6,6,0,0,5
21,26,9,6,9,8,7,10,7,7,4,0,0,6
20,25,13,11,7,7,7,10,10,5,5,0,0,0
21,26,12,0,8,8,8,8,10,8,7,0,0,4
21,26,9,14,7,7,8,9,5,6,4,4,0,0
19,28,12,8,8,10,9,10,6,5,5,0,0,0
22,26,13,5,7,8,7,10,7,6,5,4,0,0
23,25,13,5,7,8,7,10,7,6,5,4,0,0
19,30,9,9,7,8,8,12,7,6,5,0,0,0
22,31,7,9,8,7,7,7,7,5,6,0,0,4
21,33,9,8,7,8,7,8,8,5,6,0,0,0
20,33,8,7,7,8,9,13,4,6,5,0,0,0
23,29,12,5,8,8,6,8,10,5,6,0,0,0
20,27,9,0,9,8,9,12,14,7,5,0,0,0
24,24,12,10,7,7,7,9,6,5,5,4,0,0
17,28,7,6,7,7,8,11,17,6,6,0,0,0
24,25,11,8,8,9,7,8,5,5,6,4,0,0
20,23,10,0,8,8,9,11,12,7,8,0,0,4
22,23,11,13,9,9,6,9,7,5,6,0,0,0
21,24,11,10,9,7,7,10,7,5,5,0,0,4
19,23,9,9,9,8,7,11,10,6,5,4,0,0
23,23,10,8,9,8,6,11,8,5,5,4,0,0
23,27,12,6,8,8,7,10,4,6,5,4,0,0
25,29,8,0,8,8,7,10,8,6,7,0,0,4
22,26,12,6,7,7,8,11,9,7,5,0,0,0
22,24,9,7,9,8,7,10,8,6,6,0,0,4
21,26,9,8,8,8,8,10,5,7,6,0,0,4
23,31,11,5,7,7,7,10,9,5,5,0,0,0
19,24,9,8,8,9,8,10,8,6,7,4,0,0
21,25,11,9,9,7,7,10,6,6,5,4,0,0
22,24,8,9,7,7,8,13,11,5,6,0,0,0
22,26,13,4,8,8,8,9,5,7,6,4,0,0
20,28,8,7,7,8,6,12,12,6,6,0,0,0
21,31,10,0,9,9,10,9,5,6,5,5,0,0
21,28,10,8,8,7,8,12,6,6,6,0,0,0
21,28,10,6,8,8,7,9,8,6,5,4,0,0
20,25,10,6,7,9,8,13,6,6,6,0,0,4
20,26,13,4,8,7,7,10,6,5,5,5,0,4
24,25,10,0,7,9,8,11,8,7,7,0,0,4
20,29,11,11,8,7,6,11,5,6,6,0,0,0
21,28,10,0,7,8,9,10,15,6,6,0,0,0
21,27,9,5,7,7,8,10,15,5,6,0,0,0
21,29,14,4,7,7,8,8,11,5,6,0,0,0
20,28,10,5,8,7,5,10,11,6,5,5,0,0
21,32,11,7,7,8,10,11,0,6,7,0,0,0
24,34,12,0,8,8,10,10,0,6,8,0,0,0
21,34,8,5,9,7,8,11,6,5,6,0,0,0
21,31,10,10,7,8,6,9,8,6,4,0,0,0
21,33,9,0,9,8,9,10,9,5,7,0,0,0
20,27,9,18,7,8,5,10,6,6,4,0,0,0
20,30,10,9,9,7,9,10,5,5,6,0,0,0
20,27,8,4,7,8,5,10,20,6,5,0,0,0
21,28,12,11,8,7,10,11,0,5,7,0,0,0
23,27,10,0,8,8,8,12,17,7,0,0,0,0
23,28,12,0,8,9,8,9,8,7,8,0,0,0
22,24,12,8,9,8,8,9,6,5,5,0,0,4
19,26,10,9,9,7,9,11,4,7,5,4,0,0
20,31,11,11,6,9,6,10,6,5,5,0,0,0
23,33,12,9,7,8,6,11,0,6,5,0,0,0
23,31,10,8,7,8,6,11,5,6,5,0,0,0
26,30,12,6,8,10,6,10,0,5,7,0,0,0
22,30,10,10,7,8,9,10,7,7,0,0,0,0
18,28,13,0,8,7,4,10,11,5,8,4,0,4
20,30,8,7,7,8,12,11,6,6,5,0,0,0
22,31,9,5,7,8,11,11,5,6,5,0,0,0
20,24,13,6,9,7,6,12,7,6,5,0,0,5
21,28,8,9,6,8,10,8,7,6,5,4,0,0
24,29,8,9,6,7,8,9,5,6,5,4,0,0
21,29,11,4,10,8,7,11,7,6,6,0,0,0
20,31,9,7,8,9,7,10,7,6,6,0,0,0
21,28,12,0,8,8,7,11,8,6,6,0,0,5
23,28,9,7,8,7,10,10,6,6,6,0,0,0
18,30,9,5,8,9,8,11,8,5,5,4,0,0
24,28,9,11,8,8,8,9,4,6,5,0,0,0
20,30,11,0,8,8,8,10,10,5,6,4,0,0
22,25,9,15,7,7,9,9,5,6,6,0,0,0
20,30,12,0,9,10,7,11,11,5,5,0,0,0
20,28,10,0,8,9,7,12,13,6,7,0,0,0
21,23,11,12,8,7,8,9,6,6,5,0,0,4
21,30,10,0,8,8,7,11,9,6,6,4,0,0
21,31,11,6,7,8,7,12,4,6,7,0,0,0
21,27,9,7,8,7,7,10,6,6,6,6,0,0
21,30,12,7,5,8,8,11,8,5,5,0,0,0
24,24,8,0,10,8,8,10,5,6,7,4,0,6
21,25,10,0,10,7,8,8,10,6,5,4,0,6
22,27,9,0,10,8,7,10,7,6,5,4,0,5
21,21,9,10,7,7,9,10,10,6,6,4,0,0
20,30,10,5,9,8,7,9,7,5,4,0,0,6
22,28,9,9,7,9,8,10,5,6,7,0,0,0
21,25,10,10,7,9,7,13,5,7,6,0,0,0
23,24,11,12,8,8,7,11,5,6,5,0,0,0
24,24,8,12,7,8,7,9,8,6,7,0,0,0
19,27,13,6,10,7,7,10,6,6,5,4,0,0
26,28,8,0,7,8,8,10,11,5,5,4,0,0
17,28,11,8,9,7,7,12,8,6,7,0,0,0
23,22,8,8,7,10,8,8,10,6,6,4,0,0
21,25,12,7,9,7,6,12,5,7,5,4,0,0
24,28,8,0,8,9,11,10,9,6,7,0,0,0
22,25,14,6,9,8,8,10,5,7,6,0,0,0
25,22,9,7,8,9,9,11,8,6,6,0,0,0
20,25,11,5,8,7,7,10,7,6,6,4,0,4
22,27,10,4,8,8,7,11,7,6,6,0,0,4
21,24,11,8,7,8,7,9,8,6,7,4,0,0
20,26,10,8,9,7,7,10,7,6,5,5,0,0
21,30,10,5,8,8,8,11,8,5,6,0,0,0
22,26,10,10,7,8,7,10,6,6,4,4,0,0
23,28,11,0,9,9,7,12,6,7,8,0,0,0
23,26,10,4,7,8,12,10,6,6,8,0,0,0
18,22,10,10,9,8,6,10,17,5,0,5,0,0
23,28,14,4,8,8,6,11,6,5,7,0,0,0
24,28,12,4,7,8,8,10,6,6,7,0,0,0
19,30,8,14,6,8,5,10,9,6,5,0,0,0
24,21,12,4,8,7,9,12,6,6,5,0,0,6
19,24,12,10,9,8,7,9,8,7,7,0,0,0
21,27,10,4,9,8,9,14,8,5,5,0,0,0
25,27,11,4,8,8,6,8,6,7,6,4,0,0
19,24,9,11,8,8,9,14,7,6,5,0,0,0
22,23,10,4,8,7,6,8,11,5,6,6,0,4
22,24,10,7,7,8,7,10,8,6,7,0,0,4
22,26,10,0,7,8,8,11,13,6,5,4,0,0
21,20,9,23,8,6,7,9,6,5,6,0,0,0
22,24,14,0,7,8,8,10,12,6,5,0,0,4
26,25,12,0,8,9,8,11,10,6,5,0,0,0
20,22,10,18,8,7,6,9,7,5,8,0,0,0
23,27,10,0,8,10,8,11,7,7,5,4,0,0
21,29,12,4,8,8,9,11,7,5,6,0,0,0
22,29,8,7,8,9,6,9,5,7,6,4,0,0
20,32,12,5,7,6,8,11,9,5,5,0,0,0
20,26,9,11,8,8,6,10,6,6,6,4,0,0
22,26,11,5,7,7,7,10,9,5,6,0,0,5
18,27,9,11,9,7,7,10,6,7,5,4,0,0
27,22,12,0,8,8,8,11,14,5,5,0,0,0
17,21,9,18,7,7,7,10,4,6,6,4,0,4
25,25,13,0,8,8,7,10,14,5,5,0,0,0
23,23,7,12,7,7,7,10,8,7,5,4,0,0
21,20,13,9,7,8,7,11,8,5,6,0,0,5
22,21,12,11,6,8,8,11,6,5,6,4,0,0
22,17,13,14,6,8,8,10,11,5,6,0,0,0
22,27,10,5,9,9,7,10,4,6,7,4,0,0
26,27,11,6,6,8,8,10,6,6,6,0,0,0
25,28,10,6,7,8,8,10,7,6,5,0,0,0
21,27,10,5,7,7,10,10,6,5,8,4,0,0
17,27,9,18,8,8,6,12,4,5,6,0,0,0
21,25,12,5,8,6,5,10,5,5,9,4,0,5
20,24,11,4,8,7,5,10,8,7,7,4,0,5
25,30,10,6,7,7,12,10,4,5,4,0,0,0
19,27,11,5,8,8,6,11,12,6,7,0,0,0
18,25,11,6,7,7,6,11,8,6,7,4,0,4
22,28,10,4,7,8,9,14,8,5,5,0,0,0
21,28,9,6,7,8,8,10,10,7,6,0,0,0
21,30,12,5,8,8,7,10,4,6,5,4,0,0
19,28,9,11,7,8,8,10,9,6,5,0,0,0
21,28,10,13,8,10,7,6,5,5,7,0,0,0
17,31,9,0,8,7,6,13,13,6,5,0,0,5
25,35,11,0,8,7,6,9,6,5,8,0,0,0
20,37,10,0,8,7,7,9,10,6,6,0,0,0
21,31,8,7,8,8,5,10,6,6,6,4,0,0
20,35,10,6,6,9,7,9,4,5,5,4,0,0
22,22,8,10,9,7,7,10,14,5,6,0,0,0
21,26,9,9,7,7,6,11,8,5,6,5,0,0
19,24,14,7,9,8,8,9,11,6,5,0,0,0
23,23,9,4,7,8,8,12,7,5,6,4,0,4
20,27,12,7,8,8,7,9,7,6,5,4,0,0
22,29,11,6,8,9,8,11,6,5,5,0,0,0
22,31,9,7,6,7,7,10,9,6,6,0,0,0
18,31,11,8,7,8,7,10,6,5,4,5,0,0
20,31,12,0,8,7,6,10,14,6,6,0,0,0
19,29,7,11,8,8,7,12,5,6,4,4,0,0
19,27,12,11,6,7,7,9,11,5,6,0,0,0
21,27,7,4,9,8,7,13,8,6,6,4,0,0
22,30,13,4,6,8,9,8,9,6,5,0,0,0
19,24,8,9,8,8,6,11,8,6,5,4,0,4
19,25,8,10,9,8,6,12,7,6,5,0,0,5
21,24,13,10,7,8,10,9,7,5,6,0,0,0
22,25,9,0,9,8,6,12,8,6,6,4,0,5
18,27,11,5,7,8,6,10,8,5,5,5,0,5
21,26,10,0,11,8,7,11,9,5,6,6,0,0
23,25,10,0,10,8,7,12,11,5,4,5,0,0
22,24,11,6,8,8,6,9,12,5,5,4,0,0
19,21,10,6,8,9,10,11,11,8,7,0,0,0
20,22,11,6,7,7,10,11,13,6,7,0,0,0
23,26,9,5,8,9,7,8,9,6,5,5,0,0
22,27,12,0,8,8,11,12,10,5,5,0,0,0
24,29,14,0,9,8,9,13,8,6,0,0,0,0
19,26,13,0,9,8,8,9,11,6,7,4,0,0
26,26,13,0,8,8,10,11,6,7,5,0,0,0
18,26,11,13,7,8,7,9,8,6,7,0,0,0
23,24,11,4,8,8,7,12,13,5,5,0,0,0
19,22,10,13,8,9,7,9,5,7,7,4,0,0
21,21,12,6,9,8,9,10,7,7,5,5,0,0
21,23,12,7,8,8,10,10,8,5,8,0,0,0
22,21,11,5,8,8,6,11,6,7,5,5,0,5
21,21,10,20,7,7,8,9,6,6,5,0,0,0
20,22,10,0,9,9,7,12,8,7,5,6,0,5
21,22,10,5,9,9,10,11,8,6,5,4,0,0
18,25,12,12,6,7,7,10,6,6,7,0,0,4
23,24,11,10,6,9,8,10,5,6,4,4,0,0
21,25,9,8,6,9,7,10,6,7,4,4,0,4
23,28,11,6,9,8,8,10,7,4,6,0,0,0
21,31,9,5,6,8,7,10,6,7,4,6,0,0
20,27,11,8,8,7,8,10,7,4,6,0,0,4
22,32,9,5,6,8,6,10,6,7,4,5,0,0
19,28,11,5,9,8,8,10,10,5,7,0,0,0
19,33,9,5,9,7,9,9,9,5,6,0,0,0
21,26,13,4,7,7,7,10,4,7,6,4,0,4
22,29,9,4,9,10,9,9,5,5,5,0,0,4
22,24,13,8,7,7,7,12,8,6,6,0,0,0
21,30,9,0,9,11,10,11,7,6,6,0,0,0
21,30,9,4,6,8,8,11,6,6,7,4,0,0
23,26,10,6,8,8,8,9,6,6,6,0,0,4
21,23,10,8,7,7,8,12,8,7,5,4,0,0
21,22,12,10,10,10,8,9,7,5,6,0,0,0
19,22,10,11,6,8,8,9,5,6,7,5,0,4
19,21,9,10,7,8,8,9,10,5,5,5,0,4
24,23,14,0,9,8,7,12,8,7,8,0,0,0
25,23,11,4,9,9,6,12,6,6,5,0,0,4
18,29,9,11,7,7,9,9,7,5,5,4,0,0
22,28,11,8,6,9,8,10,8,6,4,0,0,0
24,32,12,0,9,6,6,12,6,6,7,0,0,0
21,30,9,8,7,7,8,10,7,5,8,0,0,0
20,29,8,7,7,7,10,10,8,6,8,0,0,0
20,31,12,5,7,9,6,9,6,6,5,4,0,0
20,31,12,5,7,9,6,9,6,5,6,4,0,0
21,35,7,8,7,8,7,11,6,6,4,0,0,0
23,29,12,7,7,8,6,9,10,4,5,0,0,0
19,30,11,4,6,8,6,10,8,6,8,4,0,0
21,26,11,6,11,7,11,11,6,6,4,0,0,0
20,25,10,7,5,8,5,10,9,6,7,4,0,4
21,24,10,6,9,7,9,11,5,5,4,4,0,5
24,27,12,4,7,9,7,11,6,7,6,0,0,0
21,28,10,4,8,7,9,11,6,6,6,4,0,0
19,30,9,5,7,7,10,9,8,5,7,4,0,0
22,30,10,9,8,8,6,11,5,6,5,0,0,0
21,27,11,7,8,8,7,10,7,5,5,4,0,0
21,27,10,12,8,7,7,10,6,6,6,0,0,0
20,34,10,8,8,8,8,9,5,5,5,0,0,0
18,36,9,10,8,8,7,10,0,5,5,4,0,0
19,34,10,7,7,7,7,13,5,6,5,0,0,0
18,33,10,12,6,7,7,11,5,5,6,0,0,0
17,35,8,8,6,7,8,9,5,6,6,0,0,5
17,34,12,4,7,7,6,10,4,5,5,4,0,5
23,24,9,7,8,7,7,10,10,6,5,4,0,0
21,27,11,8,8,8,7,9,10,5,6,0,0,0
21,25,10,5,8,7,8,9,8,6,5,4,0,4
21,25,12,7,7,8,7,14,6,6,7,0,0,0
21,22,9,20,8,8,8,9,5,6,4,0,0,0
19,20,7,33,8,7,7,9,5,5,0,0,0,0
17,20,8,21,7,7,8,11,5,5,6,0,0,5
22,26,12,0,8,8,6,9,11,6,5,7,0,0
20,27,10,7,8,8,8,12,7,6,7,0,0,0
21,29,12,6,8,9,7,9,4,6,5,4,0,0
21,26,13,7,10,9,8,11,4,6,5,0,0,0
20,29,10,4,8,8,8,13,8,6,6,0,0,0
18,25,10,6,8,8,9,10,4,5,8,4,0,5
24,31,9,8,7,7,8,11,9,6,0,0,0,0
25,32,10,6,6,8,7,9,12,5,0,0,0,0
19,32,10,0,9,8,8,12,7,6,9,0,0,0
19,33,11,0,9,7,9,12,7,7,6,0,0,0
18,33,10,9,7,8,6,9,6,5,4,0,0,5
22,34,13,0,8,8,7,10,7,6,5,0,0,0
22,28,9,0,10,7,7,12,11,7,7,0,0,0
25,19,12,7,8,8,7,9,10,5,6,4,0,0
25,20,11,5,7,6,7,10,16,6,7,0,0,0
22,23,11,8,8,8,5,12,6,5,7,5,0,0
23,23,11,7,8,8,5,12,6,6,7,4,0,0
21,23,11,9,8,8,4,11,7,6,8,4,0,0
23,27,8,12,8,7,6,10,4,5,5,5,0,0
22,28,11,5,7,8,7,11,8,6,7,0,0,0
18,25,9,22,7,7,5,8,10,5,4,0,0,0
26,28,12,0,6,9,8,11,6,7,7,0,0,0
18,26,10,7,8,8,6,8,11,6,4,4,0,4
21,28,13,0,6,10,9,10,9,6,8,0,0,0
20,25,8,19,10,7,5,9,8,5,4,0,0,0
24,25,10,7,8,8,11,10,5,6,6,0,0,0
24,25,9,8,7,7,9,11,5,6,5,4,0,0
21,27,11,4,8,8,6,9,9,6,7,4,0,0
20,29,10,8,7,8,8,10,9,6,5,0,0,0
20,30,9,7,7,7,7,10,6,6,7,4,0,0
21,27,11,8,7,8,8,11,8,6,5,0,0,0
21,23,11,10,7,8,8,10,6,6,6,4,0,0
19,23,11,14,6,8,8,11,5,5,5,5,0,0
25,24,10,0,9,9,6,9,10,6,7,0,0,5
19,28,9,6,7,8,10,12,7,5,5,4,0,0
20,29,13,10,7,8,6,9,8,5,5,0,0,0
22,31,8,0,8,7,10,10,7,6,6,5,0,0
20,31,9,0,7,7,11,11,7,6,6,5,0,0
21,31,10,0,8,8,9,10,7,6,6,4,0,0
23,30,9,0,9,7,9,11,10,6,6,0,0,0
21,31,11,5,7,9,7,10,4,6,5,4,0,0
23,26,12,6,8,7,6,10,11,6,5,0,0,0
20,26,11,11,8,7,8,11,6,6,6,0,0,0
23,25,11,5,8,7,7,14,5,5,6,0,0,4
19,25,8,5,10,8,7,10,6,7,6,5,0,4
22,27,11,11,6,9,9,10,5,5,5,0,0,0
17,29,10,0,9,8,7,11,7,7,7,4,0,4
19,28,9,4,9,8,6,11,6,6,6,4,0,4
21,32,8,7,9,8,6,9,8,6,6,0,0,0
20,35,10,4,8,7,8,10,8,5,5,0,0,0
21,32,12,6,6,8,5,10,9,5,6,0,0,0
24,35,10,0,7,7,7,10,8,6,6,0,0,0
19,31,8,5,8,8,7,11,8,5,6,0,0,4
21,31,12,0,8,9,8,11,8,7,5,0,0,0
20,26,8,16,7,8,5,9,9,5,7,0,0,0
21,30,12,0,8,8,10,10,5,6,6,4,0,0
18,33,13,5,8,8,10,9,4,7,5,0,0,0
19,36,9,0,7,8,7,10,8,6,6,0,0,4
21,30,8,8,8,8,7,11,6,6,7,0,0,0
21,28,12,7,8,8,9,9,8,5,5,0,0,0
22,24,8,10,7,8,7,10,6,6,8,4,0,0
21,27,14,4,8,7,9,10,9,6,5,0,0,0
19,26,10,7,6,9,7,12,8,6,6,0,0,4
23,27,9,11,9,7,9,10,5,5,5,0,0,0
20,27,12,4,7,9,7,11,6,6,7,4,0,0
22,26,9,11,8,7,7,9,8,5,8,0,0,0
19,31,10,0,7,8,8,12,10,6,4,0,0,5
20,31,12,4,8,8,6,11,9,6,5,0,0,0
23,32,8,0,9,9,8,10,10,5,6,0,0,0
21,29,9,8,8,9,7,9,4,7,5,0,0,4
21,29,10,7,8,7,8,10,8,6,6,0,0,0
19,31,11,5,8,9,6,9,7,7,4,0,0,4
22,28,10,5,8,7,8,11,5,5,7,4,0,0
21,27,10,5,8,9,7,9,13,7,4,0,0,0
18,26,10,12,9,10,8,8,7,7,5,0,0,0
21,28,14,0,8,10,8,10,6,5,6,4,0,0
20,24,7,5,7,8,7,11,14,7,6,0,0,4
18,25,9,6,7,7,7,11,17,8,5,0,0,0
20,27,12,6,6,8,7,9,10,6,5,4,0,0
26,18,10,7,10,8,9,11,5,6,6,4,0,0
19,17,14,7,10,9,9,10,5,7,8,0,0,5
25,19,10,10,7,8,8,11,11,5,6,0,0,0
23,20,8,6,8,7,8,11,13,6,6,4,0,0
22,24,8,0,7,9,8,12,14,6,6,4,0,0
20,23,10,4,8,7,8,9,11,6,6,4,0,4
21,26,11,14,8,9,6,10,5,5,5,0,0,0
22,29,11,8,9,9,9,12,0,7,4,0,0,0
19,26,9,10,7,7,8,10,10,5,9,0,0,0
19,25,9,9,7,7,8,10,9,5,8,4,0,0
20,27,10,10,8,7,6,10,10,6,6,0,0,0
23,25,11,9,7,8,7,11,8,6,0,0,0,5
18,30,12,0,8,7,6,10,10,5,9,5,0,0
25,25,12,6,6,9,6,11,10,6,4,0,0,0
20,27,10,5,8,9,8,14,8,5,6,0,0,0
24,24,12,10,7,7,7,10,9,5,5,0,0,0
19,30,11,0,8,9,6,10,13,5,5,4,0,0
23,23,10,9,8,8,10,10,5,7,7,0,0,0
21,25,9,13,8,8,8,10,5,7,6,0,0,0
20,27,12,6,8,8,8,10,7,4,6,4,0,0
21,30,9,5,7,7,8,11,9,7,6,0,0,0
21,27,10,0,9,7,10,10,8,6,6,6,0,0
22,25,9,6,9,7,10,10,7,6,5,4,0,0
22,28,12,6,7,9,7,9,8,6,6,0,0,0
23,27,12,8,8,7,5,12,8,5,5,0,0,0
20,24,10,5,7,9,10,9,5,6,6,5,0,4
23,26,11,8,8,7,6,12,8,5,6,0,0,0
20,25,11,5,6,9,8,10,8,8,5,5,0,0
22,31,10,11,7,6,8,10,6,5,4,0,0,0
20,27,7,4,8,9,6,10,10,7,5,7,0,0
21,30,13,8,7,7,8,9,4,6,7,0,0,0
19,29,8,6,8,7,6,11,9,6,5,6,0,0
20,31,10,5,7,8,7,10,6,4,8,0,0,4
19,30,11,4,8,7,8,10,7,4,8,0,0,4
19,32,11,4,7,7,7,10,7,4,8,0,0,4
21,26,8,12,8,9,9,10,7,6,4,0,0,0
20,26,14,6,7,8,8,11,7,5,8,0,0,0
24,25,13,9,7,6,10,14,0,6,6,0,0,0
20,24,9,9,9,8,7,9,10,6,5,4,0,0
22,30,11,8,8,8,8,9,6,5,5,0,0,0
19,31,9,6,7,8,7,10,5,7,6,5,0,0
21,30,11,5,7,8,7,8,10,4,5,0,0,4
22,28,9,5,8,8,6,10,8,7,4,5,0,0
20,26,12,8,7,8,10,10,8,5,6,0,0,0
21,29,11,4,8,7,7,10,7,6,6,0,0,4
19,29,11,13,6,8,10,10,9,5,0,0,0,0
19,34,9,12,7,8,5,9,8,5,4,0,0,0
16,37,8,4,9,8,7,8,12,6,5,0,0,0
22,28,10,11,6,7,7,11,4,5,5,4,0,0
17,23,11,6,10,9,7,9,16,6,6,0,0,0
26,32,9,7,7,8,7,12,0,6,6,0,0,0
18,22,11,5,8,8,9,9,17,6,7,0,0,0
28,30,7,0,10,9,8,9,6,6,7,0,0,0
18,19,13,15,6,8,8,13,7,7,6,0,0,0
22,24,11,0,9,9,8,9,10,7,7,0,0,4
21,23,9,8,7,7,10,9,15,6,5,0,0,0
19,24,9,9,8,7,10,9,13,6,6,0,0,0
19,24,9,6,9,7,10,10,12,5,5,4,0,0
29,24,11,8,7,9,5,10,5,6,6,0,0,0
18,23,13,11,9,7,8,10,4,5,4,4,0,4
24,25,9,5,6,8,6,13,11,6,7,0,0,0
19,24,11,20,8,6,9,9,4,5,5,0,0,0
20,27,9,0,7,7,5,10,21,6,8,0,0,0
18,29,11,19,8,7,10,9,0,5,4,0,0,0
25,29,10,10,8,8,7,11,0,6,6,0,0,0
18,30,11,5,8,7,8,9,10,6,4,4,0,0
22,26,10,6,7,10,9,10,8,6,6,0,0,0
19,22,12,9,7,7,6,10,9,6,5,4,0,4
21,28,8,10,9,9,8,9,6,6,6,0,0,0
21,27,13,0,7,8,6,12,10,6,6,4,0,0
20,24,9,9,9,8,9,9,6,6,7,4,0,0
22,21,12,5,6,8,6,12,7,6,6,5,0,4
21,25,8,12,9,7,10,9,7,6,6,0,0,0
22,24,8,19,6,7,6,10,5,5,4,4,0,0
20,33,11,6,6,8,8,11,7,5,5,0,0,0
20,32,10,7,6,8,7,10,7,5,4,4,0,0
22,31,11,5,8,7,9,9,7,5,6,0,0,0
21,26,10,9,7,7,10,10,10,6,4,0,0,0
20,33,10,5,8,8,5,10,6,5,6,4,0,0
19,33,10,4,9,8,5,10,6,5,7,4,0,0
24,31,8,5,8,8,8,10,6,6,6,0,0,0
19,31,10,5,8,7,6,11,9,5,5,4,0,0
23,32,9,0,9,8,7,9,8,6,5,0,0,4
18,28,9,14,8,8,7,10,5,7,6,0,0,0
24,25,13,5,8,7,6,10,6,6,6,4,0,0
21,25,8,4,9,9,9,12,9,6,8,0,0,0
23,25,13,7,7,8,9,9,8,6,5,0,0,0
20,29,8,6,8,8,6,10,9,6,6,4,0,0
21,28,11,4,8,7,12,10,5,5,4,0,0,5
22,24,8,4,9,8,7,11,9,5,5,4,0,4
18,28,12,8,7,7,7,10,12,5,6,0,0,0
22,24,8,6,9,8,8,11,8,6,6,0,0,4
22,26,11,4,7,7,10,13,9,6,5,0,0,0
20,25,8,8,8,9,5,9,8,5,7,4,0,4
22,25,11,6,7,8,6,9,11,5,6,0,0,4
21,27,9,5,8,7,9,12,5,7,6,4,0,0
21,26,10,8,7,8,5,8,13,5,5,0,0,4
20,27,8,10,9,7,8,10,5,6,6,4,0,0
24,27,9,4,9,8,8,10,4,6,6,5,0,0
19,21,12,16,7,8,9,11,7,6,4,0,0,0
18,21,13,16,6,7,8,11,8,6,6,0,0,0
23,30,9,0,10,10,6,9,8,6,5,4,0,0
18,25,11,12,6,7,10,10,7,7,7,0,0,0
25,27,10,0,10,9,6,11,7,5,5,5,0,0
18,27,9,13,7,7,9,9,8,6,7,0,0,0
16,27,10,12,7,9,8,10,11,5,5,0,0,0
26,24,10,0,9,6,8,11,4,6,7,4,0,5
21,25,9,4,10,10,8,10,9,5,5,0,0,4
24,28,13,5,9,8,7,14,5,7,0,0,0,0
20,26,8,5,9,9,10,11,5,7,6,4,0,0
21,26,12,11,7,7,6,9,7,5,5,4,0,0
21,22,13,10,8,8,9,10,7,6,6,0,0,0
22,23,11,6,7,8,7,10,7,6,5,4,0,4
21,22,8,16,8,7,6,12,10,5,5,0,0,0
20,27,11,0,8,8,9,9,6,7,7,4,0,4
20,23,7,30,7,6,6,11,6,4,0,0,0,0
19,28,13,0,9,10,8,10,9,7,7,0,0,0
22,29,9,4,7,7,9,12,10,6,5,0,0,0
21,24,12,11,8,8,9,9,8,5,5,0,0,0
19,25,8,8,8,10,8,11,5,7,6,5,0,0
24,22,12,8,9,7,8,11,8,6,5,0,0,0
26,22,13,13,10,6,7,9,5,5,0,0,0,4
21,21,12,0,9,9,7,10,11,5,6,5,0,4
23,22,10,0,8,8,11,13,7,7,6,0,0,5
20,23,10,12,7,8,6,8,6,7,9,4,0,0
23,24,11,6,8,8,10,13,11,6,0,0,0,0
21,23,10,19,7,7,6,7,5,5,6,4,0,0
19,28,12,0,8,9,9,13,11,6,5,0,0,0
21,31,9,11,6,7,6,8,4,6,7,4,0,0
20,33,9,9,7,7,6,10,6,6,7,0,0,0
22,30,10,6,8,9,8,8,8,5,6,0,0,0
20,37,12,0,8,7,8,9,8,5,6,0,0,0
20,25,9,16,7,8,6,11,8,6,4,0,0,0
20,27,12,6,8,9,7,9,0,5,7,5,0,5
22,28,9,4,7,7,8,10,15,6,4,0,0,0
18,32,11,12,8,8,7,9,0,5,6,4,0,0
24,30,9,0,8,7,8,11,11,7,5,0,0,0
18,25,11,17,7,8,8,9,8,4,5,0,0,0
22,31,9,0,8,7,7,10,8,7,7,4,0,0
20,32,10,4,7,7,6,10,7,6,6,5,0,0
21,29,10,10,8,8,9,8,7,5,5,0,0,0
23,28,11,7,8,8,8,9,8,5,5,0,0,0
20,30,9,6,7,8,6,10,8,6,6,4,0,0
23,32,9,4,8,7,7,10,8,6,6,0,0,0
19,33,7,9,9,7,7,11,8,5,5,0,0,0
21,35,12,4,7,7,6,8,5,5,6,4,0,0
18,33,8,7,8,8,7,11,10,5,5,0,0,0
25,27,12,6,7,7,7,10,5,7,7,0,0,0
19,22,9,13,8,8,8,10,8,5,6,4,0,0
23,28,11,5,7,7,8,9,9,6,7,0,0,0
24,25,11,4,8,8,8,10,6,7,5,4,0,0
20,30,13,0,8,10,7,12,7,6,7,0,0,0
23,23,9,7,8,7,9,10,12,5,7,0,0,0
22,22,11,5,8,9,7,11,10,6,5,4,0,0
21,21,12,0,7,8,10,12,8,8,4,4,0,5
22,21,11,0,8,9,9,12,7,7,5,4,0,5
24,22,9,4,7,8,10,11,6,5,5,4,0,5
21,26,11,10,9,8,6,10,7,6,6,0,0,0
21,27,11,0,8,8,9,11,9,6,5,0,0,5
22,25,8,8,10,7,8,8,6,6,6,6,0,0
24,22,11,5,8,9,9,13,9,5,5,0,0,0
19,26,10,9,9,7,6,8,7,6,7,6,0,0
19,27,9,8,7,7,7,10,7,6,5,4,0,4
22,30,10,13,8,8,5,11,6,7,0,0,0,0
21,30,9,7,7,7,7,9,10,4,5,4,0,0
20,28,12,4,9,8,7,11,6,8,7,0,0,0
24,21,10,5,8,7,8,10,12,5,6,4,0,0
21,21,10,5,9,8,6,10,14,6,6,4,0,0
25,23,11,5,11,8,7,10,7,7,6,0,0,0
23,24,13,5,11,7,7,9,9,7,5,0,0,0
18,23,7,7,6,8,7,12,9,5,5,7,0,6
19,25,10,0,6,8,7,12,12,5,7,5,0,4
24,25,12,8,9,7,7,8,4,7,5,0,0,4
20,25,11,6,10,9,6,10,7,6,5,0,0,5
23,28,11,5,10,9,6,11,5,6,6,0,0,0
22,29,10,0,7,8,10,11,9,6,8,0,0,0
21,27,11,9,9,8,8,9,4,5,4,5,0,0
22,29,10,7,7,8,6,12,6,7,6,0,0,0
20,27,13,4,8,7,7,9,7,6,4,4,0,4
24,30,10,4,8,9,7,11,4,6,7,0,0,0
24,31,10,0,9,9,7,11,4,7,8,0,0,0
19,29,9,12,7,7,7,10,11,5,4,0,0,0
21,30,10,5,7,9,6,10,6,6,6,0,0,4
20,29,10,7,8,7,9,12,8,5,5,0,0,0
18,31,10,7,8,9,8,10,6,6,7,0,0,0
23,26,10,5,8,8,7,10,7,6,5,0,0,5
24,22,9,8,8,7,7,13,5,5,8,4,0,0
20,22,13,9,9,9,8,8,9,8,5,0,0,0
23,21,9,6,8,8,7,13,11,6,8,0,0,0
21,21,12,8,8,8,9,9,7,7,6,0,0,4
23,27,8,6,7,7,7,12,8,6,5,4,0,0
20,27,11,0,9,10,11,11,7,8,6,0,0,0
20,29,9,13,7,6,7,11,7,5,6,0,0,0
21,30,11,9,7,8,5,12,5,6,6,0,0,0
23,27,9,7,7,7,8,10,9,6,7,0,0,0
24,29,13,0,8,8,7,9,9,7,6,0,0,0
22,30,11,5,9,8,8,9,6,6,6,0,0,0
20,28,10,6,7,8,8,11,7,5,6,0,0,4
21,29,10,9,9,8,7,9,8,6,4,0,0,0
22,28,10,5,7,8,7,12,7,6,8,0,0,0
19,26,10,9,6,7,9,10,8,6,6,4,0,0
21,30,9,5,10,7,6,11,6,6,5,0,0,4
20,28,10,7,7,7,7,11,7,5,6,5,0,0
22,32,9,7,8,8,8,9,7,6,4,0,0,0
20,32,9,8,6,8,6,8,8,5,6,4,0,0
21,31,10,5,8,6,7,12,9,7,4,0,0,0
21,33,10,6,7,8,8,11,4,5,7,0,0,0
23,27,10,4,7,7,10,9,7,6,6,0,0,4
23,27,12,4,6,7,8,10,9,5,5,0,0,4
23,28,12,5,6,7,8,10,10,6,5,0,0,0
20,21,9,11,10,9,7,11,6,5,7,4,0,0
24,23,11,11,7,7,7,9,10,6,5,0,0,0
23,26,15,4,8,8,7,9,6,5,5,0,0,4
18,31,7,9,7,8,8,11,8,6,7,0,0,0
22,28,13,7,6,7,6,8,9,5,5,4,0,0
22,34,10,0,9,10,9,12,0,7,7,0,0,0
20,28,11,5,8,7,7,9,11,5,5,0,0,4
16,27,11,6,9,7,7,11,8,6,4,4,0,4
16,27,13,7,11,7,10,11,7,6,5,0,0,0
24,30,13,0,9,9,6,12,7,5,5,0,0,0
17,22,7,22,6,6,7,9,8,6,5,0,0,5
19,23,7,21,6,7,7,8,10,6,6,0,0,0
19,31,13,5,8,9,8,9,7,5,6,0,0,0
21,23,8,8,6,8,7,11,8,6,6,4,0,4
23,26,13,0,9,10,9,10,7,6,7,0,0,0
21,27,13,0,10,10,9,11,6,6,7,0,0,0
20,28,7,15,7,6,6,9,8,6,4,4,0,0
21,31,9,5,9,9,7,10,8,6,5,0,0,0
26,27,9,9,8,7,8,8,7,5,0,6,0,0
21,23,11,5,7,10,7,13,8,7,8,0,0,0
23,22,10,10,8,7,6,8,8,6,4,4,0,4
22,26,10,7,7,9,8,12,8,6,5,0,0,0
21,27,10,7,7,9,8,12,8,6,5,0,0,0
22,24,11,8,8,9,8,11,7,6,6,0,0,0
22,21,7,8,9,7,6,9,6,6,8,6,0,5
22,19,13,9,6,9,9,14,8,6,5,0,0,0
24,20,9,5,10,7,7,10,10,6,7,0,0,5
18,18,15,7,8,8,6,12,12,6,5,5,0,0
22,22,10,9,8,8,9,10,10,6,6,0,0,0
20,28,11,0,7,9,6,11,7,6,5,5,0,5
20,24,10,14,8,7,10,9,8,5,5,0,0,0
20,26,11,9,7,8,5,10,4,5,6,4,0,5
23,27,10,5,8,9,7,11,5,6,5,4,0,0
19,24,10,8,8,7,8,9,9,7,6,0,0,5
23,27,9,5,7,9,7,13,5,6,5,4,0,0
19,24,12,9,8,7,7,8,10,6,6,0,0,4
22,24,10,4,8,8,8,13,7,6,6,0,0,4
23,25,11,8,7,9,6,11,7,6,7,0,0,0
22,19,11,5,8,8,11,11,9,6,5,0,0,5
20,22,8,10,8,8,6,10,10,7,6,5,0,0
24,22,14,5,10,7,10,11,6,5,6,0,0,0
20,23,7,7,7,9,7,9,9,8,6,4,0,4
25,25,10,0,8,8,9,12,8,6,5,4,0,0
22,30,8,7,8,9,9,11,6,5,5,0,0,0
21,28,9,6,8,8,10,11,5,5,5,4,0,0
20,20,11,6,7,8,6,11,9,6,8,4,0,4
23,29,11,0,9,9,9,11,7,6,6,0,0,0
22,28,8,4,7,7,9,11,9,5,6,0,0,4
18,29,12,8,9,8,7,9,5,6,9,0,0,0
24,22,11,9,7,9,8,11,10,5,4,0,0,0
20,21,8,8,9,8,7,10,7,6,8,4,0,4
22,22,9,8,9,8,6,9,6,8,8,0,0,5
22,21,9,7,8,8,6,9,6,7,8,4,0,5
24,24,10,5,8,8,7,11,13,5,5,0,0,0
24,23,10,6,8,8,7,10,13,5,6,0,0,0
23,23,9,6,10,7,7,11,9,5,6,4,0,0
21,23,9,10,7,8,9,9,11,6,7,0,0,0
22,31,12,0,9,9,7,11,7,6,6,0,0,0
19,23,8,25,6,7,7,8,7,5,5,0,0,0
19,24,9,24,7,7,7,9,5,4,5,0,0,0
18,26,9,11,8,9,8,10,5,6,6,4,0,0
24,27,12,6,7,7,6,11,10,4,6,0,0,0
21,26,10,8,8,8,6,13,9,6,5,0,0,0
21,24,12,0,9,9,7,9,14,6,5,4,0,0
22,22,13,0,9,8,7,9,14,7,5,4,0,0
21,23,11,5,8,8,7,11,17,5,4,0,0,0
23,23,9,8,7,8,8,9,0,7,8,6,0,4
18,24,12,11,8,8,7,10,12,5,5,0,0,0
18,24,11,6,9,8,9,10,14,5,6,0,0,0
23,26,9,7,7,8,7,9,5,6,5,4,0,4
19,27,8,11,8,7,9,9,4,6,8,0,0,4
22,24,13,8,7,8,6,10,9,5,4,0,0,4
22,24,14,0,8,7,8,12,10,5,6,4,0,0
18,23,11,6,8,8,7,10,5,7,8,5,0,4
25,24,11,9,6,7,7,12,9,5,5,0,0,0
17,30,10,0,9,9,7,9,9,8,7,5,0,0
26,24,11,8,6,7,8,11,9,5,5,0,0,0
19,32,10,5,8,8,5,8,7,6,7,5,0,0
22,28,12,7,6,9,7,10,6,6,7,0,0,0
20,29,14,5,8,8,8,11,6,6,5,0,0,0
23,34,10,0,9,8,9,11,6,5,5,0,0,0
19,30,11,12,7,8,6,9,5,6,7,0,0,0
21,31,10,0,7,8,12,10,7,5,5,0,0,4
21,30,9,0,8,7,9,10,8,5,7,0,0,6
20,28,10,4,7,7,9,10,9,5,7,0,0,4
23,22,10,9,8,8,6,10,8,6,6,4,0,0
22,21,10,12,9,8,7,11,8,6,0,6,0,0
21,23,12,6,8,10,8,10,6,6,6,0,0,4
21,24,11,0,9,8,11,11,5,6,6,4,0,4
19,23,10,21,7,7,4,9,10,5,5,0,0,0
20,25,7,26,6,7,4,8,7,5,5,0,0,0
18,24,8,30,7,7,5,8,5,4,4,0,0,0
20,29,7,13,7,8,7,8,12,5,4,0,0,0
22,25,11,0,9,8,10,14,6,6,5,0,0,4
22,30,7,5,8,10,8,10,8,6,6,0,0,0
21,25,15,8,8,6,8,11,8,5,5,0,0,0
19,33,8,6,7,9,6,9,7,6,6,0,0,4
21,23,13,7,8,7,8,11,7,6,5,4,0,0
25,22,10,5,9,7,7,11,13,6,5,0,0,0
27,21,10,7,8,7,6,9,13,7,5,0,0,0
20,25,10,7,8,9,8,12,8,6,7,0,0,0
19,22,9,14,8,8,8,10,7,6,5,0,0,4
24,22,10,6,9,7,7,12,5,6,6,6,0,0
21,25,10,8,7,10,9,10,10,6,4,0,0,0
22,29,10,6,8,6,6,12,5,6,5,5,0,0
18,30,11,7,7,9,6,9,12,6,5,0,0,0
21,29,9,10,9,6,9,11,5,5,6,0,0,0
22,28,14,10,6,8,7,11,9,5,0,0,0,0
21,33,10,0,8,8,7,10,7,6,5,5,0,0
21,31,11,0,9,8,7,10,5,7,6,5,0,0
21,27,10,6,9,9,9,12,6,6,5,0,0,0
20,26,12,12,6,7,9,11,7,5,5,0,0,0
23,26,10,8,8,8,7,10,7,7,6,0,0,0
25,26,10,5,8,9,7,11,5,7,7,0,0,0
19,24,12,5,7,7,11,8,12,5,6,4,0,0
20,22,7,14,8,11,7,10,8,6,7,0,0,0
22,23,13,5,10,8,5,12,7,5,6,4,0,0
19,24,8,13,6,8,10,10,11,6,5,0,0,0
21,25,11,8,6,8,5,9,14,5,4,4,0,0
22,20,10,7,10,9,8,12,5,6,7,0,0,4
24,22,9,7,10,10,9,12,4,6,7,0,0,0
21,23,13,5,6,7,6,10,14,5,5,5,0,0
21,29,9,7,8,9,8,10,7,6,6,0,0,0
22,27,12,5,7,7,7,10,8,6,4,5,0,0
20,25,10,6,9,9,9,10,8,6,8,0,0,0
25,25,8,7,9,8,7,10,7,7,7,0,0,0
17,25,13,5,7,7,7,10,9,5,6,4,0,5
23,24,10,4,9,9,8,10,8,8,7,0,0,0
20,27,9,7,9,8,7,11,8,5,5,4,0,0
23,28,12,5,7,9,9,9,6,6,6,0,0,0
20,29,9,7,9,7,7,11,10,6,5,0,0,0
23,27,11,10,7,9,7,10,5,6,5,0,0,0
23,28,8,4,8,6,8,11,9,6,5,4,0,0
22,27,11,0,9,8,9,12,7,6,5,4,0,0
21,26,9,10,7,8,5,9,12,6,7,0,0,0
21,28,10,6,9,8,10,10,4,6,4,0,0,4
21,25,9,7,9,8,6,9,13,6,7,0,0,0
21,26,8,5,8,7,7,12,11,5,6,4,0,0
20,25,13,13,7,7,8,9,5,6,7,0,0,0
23,26,8,0,9,8,6,12,13,5,6,4,0,0
23,26,12,5,7,7,8,8,6,7,6,0,0,5
19,24,9,7,7,8,7,14,10,6,5,4,0,0
20,22,10,12,7,6,6,9,6,6,8,4,0,4
21,29,10,0,9,9,9,12,11,6,4,0,0,0
20,26,11,8,7,7,8,9,9,5,6,0,0,4
20,25,11,8,8,8,7,10,7,6,6,4,0,0
20,29,11,10,8,7,6,10,8,6,5,0,0,0
23,26,11,10,7,7,7,9,6,6,8,0,0,0
22,22,9,5,10,9,7,12,9,6,5,4,0,0
20,24,10,5,9,9,8,11,7,7,6,4,0,0
23,22,9,13,7,6,9,9,11,5,6,0,0,0
18,25,10,11,9,7,10,8,6,6,6,4,0,0
23,28,10,7,6,7,5,11,9,6,4,0,0,4
19,26,10,11,10,8,9,9,5,5,8,0,0,0
21,30,11,7,7,7,7,11,9,6,4,0,0,0
22,26,10,8,9,8,7,9,10,5,6,0,0,0
22,26,10,9,9,9,7,8,9,5,6,0,0,0
21,31,11,4,7,8,9,12,5,6,6,0,0,0
21,32,12,4,7,8,8,11,6,6,5,0,0,0
21,29,12,0,8,9,7,11,9,5,5,4,0,0
20,24,10,13,8,7,7,11,6,7,7,0,0,0
25,22,9,8,7,7,7,10,11,4,0,6,0,4
23,28,14,0,10,9,8,12,0,8,8,0,0,0
21,24,9,13,6,8,8,10,12,4,5,0,0,0
21,27,11,0,9,8,8,11,6,8,7,4,0,0
22,29,9,9,6,8,7,10,11,5,4,0,0,0
21,28,10,16,7,7,5,9,5,6,6,0,0,0
21,29,11,0,8,9,10,11,10,5,6,0,0,0
22,29,12,0,8,10,9,9,7,5,5,4,0,0
20,22,9,7,8,7,6,12,7,7,7,4,0,4
23,25,11,7,8,8,7,12,6,7,6,0,0,0
20,26,11,0,11,8,8,12,11,7,6,0,0,0
27,25,10,6,8,8,7,12,5,6,6,0,0,0
18,31,9,5,8,8,7,9,10,6,5,4,0,0
24,24,8,18,7,6,7,9,6,5,6,0,0,0
24,22,9,13,7,6,8,10,9,5,7,0,0,0
23,31,11,7,8,8,6,9,7,5,5,0,0,0
19,30,9,6,8,8,7,10,10,6,7,0,0,0
21,28,11,7,7,7,8,10,6,6,5,4,0,0
19,30,9,6,8,8,7,10,8,5,6,0,0,4
18,32,10,8,7,8,8,10,8,5,6,0,0,0
18,30,10,10,7,7,8,11,9,4,6,0,0,0
17,30,11,8,7,7,8,12,10,5,5,0,0,0
23,27,9,6,8,9,6,10,6,6,6,4,0,0
18,27,12,6,8,7,10,11,10,6,5,0,0,0
24,25,11,9,8,9,6,9,6,6,7,0,0,0
19,23,11,9,7,7,8,12,9,5,6,4,0,0
25,22,11,7,8,8,7,10,6,6,6,0,0,4
20,23,12,7,8,8,8,11,12,5,6,0,0,0
25,20,8,4,9,8,8,11,6,6,6,4,0,5
22,20,9,0,8,9,8,12,9,7,6,5,0,5
24,24,10,12,7,7,7,8,6,6,9,0,0,0
25,28,11,9,7,7,7,9,5,6,6,0,0,0
20,24,9,11,7,8,8,8,12,5,4,4,0,0
21,32,11,7,6,7,7,10,4,5,6,0,0,4
21,28,9,5,9,8,8,8,13,6,5,0,0,0
18,24,10,22,7,7,7,9,6,5,5,0,0,0
22,23,11,0,8,10,8,11,10,6,7,4,0,0
24,22,9,5,8,8,7,10,16,5,6,0,0,0
20,28,11,9,8,8,8,11,0,7,6,0,0,4
23,23,11,12,8,8,8,10,8,5,0,4,0,0
21,26,12,0,8,7,7,12,6,7,9,0,0,5
22,22,10,12,7,10,8,10,9,5,5,0,0,0
20,21,9,17,6,7,7,8,15,5,5,0,0,0
21,25,12,4,9,8,9,14,8,6,4,0,0,0
20,29,14,0,9,8,9,12,6,7,6,0,0,0
23,24,8,10,8,9,7,9,8,6,4,0,0,4
20,23,12,5,9,7,7,11,8,5,8,5,0,0
21,25,10,11,8,8,9,10,5,7,0,0,0,6
21,24,8,8,7,7,6,10,10,5,5,5,0,4
22,23,8,15,7,8,8,8,10,6,5,0,0,0
20,29,13,0,9,9,8,14,6,7,5,0,0,0
22,28,11,14,6,7,6,8,6,5,7,0,0,0
20,31,9,0,10,8,9,12,11,6,4,0,0,0
22,31,10,7,7,7,6,9,4,5,7,5,0,0
20,27,11,0,9,9,10,13,10,7,4,0,0,0
21,24,12,5,9,9,7,8,7,6,7,5,0,0
20,25,10,4,8,8,7,12,11,5,6,0,0,4
23,24,10,5,7,7,10,10,9,5,6,4,0,0
20,27,10,7,8,8,5,10,7,7,7,0,0,4
22,30,10,5,8,7,9,10,7,6,6,0,0,0
20,33,10,5,8,8,7,11,4,5,5,4,0,0
21,33,10,4,8,7,7,11,8,6,5,0,0,0
19,27,8,6,8,8,7,10,8,5,6,4,0,4
21,24,9,7,7,9,7,9,8,5,6,4,0,4
22,24,11,11,9,7,7,11,7,6,5,0,0,0
21,25,12,7,7,8,7,10,6,6,6,5,0,0
20,30,8,6,8,9,9,10,9,5,6,0,0,0
18,29,10,8,6,5,4,9,9,5,6,6,0,5
21,29,9,8,8,9,11,9,6,5,5,0,0,0
22,26,11,5,7,7,5,12,9,6,6,4,0,0
19,29,9,14,7,7,10,8,8,5,4,0,0,0
22,30,12,5,8,8,7,9,6,6,7,0,0,0
20,27,9,4,7,8,6,10,8,6,5,5,0,5
20,26,11,13,8,7,7,10,5,6,7,0,0,0
22,26,9,0,7,8,8,10,11,5,4,6,0,4
17,27,10,5,8,8,10,11,9,6,5,0,0,4
25,26,11,0,8,9,6,10,9,5,7,4,0,0
17,27,9,14,8,8,9,10,8,6,4,0,0,0
21,30,11,0,7,8,9,11,6,6,7,0,0,4
21,28,10,5,8,7,7,11,9,6,4,4,0,0
20,25,11,15,6,9,8,9,5,5,7,0,0,0
23,22,12,5,8,8,7,10,8,6,5,6,0,0
21,23,10,9,8,8,8,12,6,5,6,0,0,4
22,28,9,7,9,8,7,10,8,7,5,0,0,0
19,27,10,6,7,9,6,10,6,6,8,6,0,0
20,23,10,13,9,8,7,11,8,6,5,0,0,0
16,25,10,10,8,8,9,8,10,5,5,6,0,0
24,26,9,5,7,8,6,12,5,6,7,0,0,5
25,23,13,4,7,7,8,10,12,6,5,0,0,0
19,25,13,6,7,8,9,12,4,6,7,4,0,0
21,28,9,0,9,8,8,11,7,7,8,4,0,0
24,23,10,6,9,9,8,10,9,7,5,0,0,0
22,25,9,11,8,7,8,11,7,6,6,0,0,0
23,28,12,0,9,9,7,11,8,7,6,0,0,0
19,28,11,0,8,8,8,11,9,8,6,4,0,0
21,29,11,0,9,9,8,10,8,7,8,0,0,0
22,24,7,17,7,7,7,10,10,4,5,0,0,0
20,21,13,9,6,7,7,9,13,6,4,0,0,5
21,21,11,10,8,8,8,9,9,5,6,4,0,0
23,30,11,0,8,8,8,13,6,7,6,0,0,0
20,25,11,11,8,7,7,9,11,5,6,0,0,0
21,27,10,15,9,8,6,10,8,6,0,0,0,0
22,28,11,0,7,9,10,11,8,7,7,0,0,0
21,26,11,0,7,9,10,11,7,7,7,0,0,4
24,24,12,11,7,8,6,12,7,5,4,0,0,0
18,25,9,4,10,8,11,10,12,7,6,0,0,0
24,29,11,4,6,9,7,11,5,4,6,0,0,4
17,28,12,13,8,8,8,9,5,7,5,0,0,0
26,27,10,0,9,9,8,12,7,5,7,0,0,0
18,30,11,12,8,7,7,9,7,7,4,0,0,0
23,27,12,4,8,9,7,11,7,5,7,0,0,0
23,29,13,0,7,9,9,11,5,6,8,0,0,0
25,29,10,0,8,9,11,10,6,6,6,0,0,0
16,26,9,9,9,7,6,10,13,6,5,0,0,4
21,26,10,8,7,8,6,9,13,7,5,0,0,0
23,31,11,5,8,8,8,10,4,6,6,0,0,0
22,32,12,5,9,8,8,10,4,5,5,0,0,0
20,29,8,8,7,10,7,10,6,5,6,0,0,4
22,25,13,6,9,6,9,10,9,6,5,0,0,0
21,24,16,6,8,6,8,10,10,6,5,0,0,0
22,22,8,8,8,10,8,11,6,6,6,5,0,0
24,25,11,5,9,8,8,11,5,6,8,0,0,0
21,25,10,6,7,9,7,9,11,5,4,6,0,0
23,20,13,6,7,8,9,11,8,6,5,0,0,4
24,22,11,0,8,9,9,12,7,7,5,6,0,0
18,26,8,14,8,7,6,8,10,5,6,0,0,4
24,29,11,0,7,7,8,11,7,6,5,5,0,0
24,28,11,0,7,11,7,12,4,6,5,0,0,5
19,22,10,10,9,7,8,9,11,6,9,0,0,0
21,20,10,14,8,6,7,11,13,5,5,0,0,0
22,26,11,0,8,11,9,9,0,7,8,4,0,5
22,25,13,0,9,10,8,9,5,8,7,4,0,0
24,23,13,5,8,7,8,10,7,5,6,4,0,0
23,22,12,11,8,6,7,10,7,5,5,4,0,0
20,20,10,4,8,8,6,9,19,6,6,4,0,0
24,21,10,5,7,7,7,11,15,5,8,0,0,0
20,23,13,12,8,9,9,11,5,6,4,0,0,0
21,24,10,5,7,9,7,10,12,5,6,0,0,4
23,21,12,0,9,9,10,13,10,7,6,0,0,0
24,27,10,8,7,8,6,11,8,6,5,0,0,0
22,26,10,5,8,9,7,11,7,6,5,0,0,4
22,31,10,5,8,7,8,11,5,6,7,0,0,0
19,28,8,7,8,9,7,10,10,5,5,4,0,0
20,30,9,8,8,8,8,11,7,6,5,0,0,0
23,26,10,6,8,9,7,11,5,7,4,0,0,4
20,28,9,6,8,8,6,10,5,7,5,4,0,4
19,28,10,0,8,9,7,10,9,6,6,4,0,4
19,29,10,6,7,8,7,10,7,6,6,5,0,0
20,29,10,10,7,7,7,9,9,5,7,0,0,0
19,35,10,0,7,8,7,11,6,8,5,0,0,4
23,25,10,8,7,9,7,10,7,4,5,5,0,0
20,27,10,8,8,8,8,10,7,7,7,0,0,0
22,25,9,8,7,7,8,10,6,6,7,0,0,5
22,27,11,7,9,7,7,10,10,5,5,0,0,0
21,29,8,6,8,7,6,10,6,6,8,5,0,0
19,27,10,15,7,8,4,9,8,5,4,0,0,4
24,25,10,0,10,7,11,12,6,8,7,0,0,0
21,30,11,12,6,8,6,9,7,5,5,0,0,0
19,30,9,13,7,7,6,10,8,6,5,0,0,0
19,28,10,13,7,7,6,9,8,7,6,0,0,0
21,26,11,5,8,7,8,10,7,6,7,4,0,0
21,22,9,10,8,9,9,12,6,6,4,0,0,4
24,27,9,0,8,8,10,10,6,6,7,5,0,0
18,23,9,21,7,7,6,10,8,6,5,0,0,0
23,27,10,0,8,7,9,9,7,5,6,5,0,4
23,24,11,8,6,8,6,8,10,5,6,0,0,5
20,29,10,4,8,9,8,10,11,6,5,0,0,0
23,34,12,5,7,8,6,9,0,5,6,5,0,0
17,32,7,8,6,6,10,10,12,6,6,0,0,0
22,39,11,6,7,9,6,8,8,4,0,0,0,0
20,35,11,10,8,8,8,10,6,4,0,0,0,0
22,34,8,0,7,7,7,10,9,7,9,0,0,0
21,25,13,12,9,10,9,10,6,5,0,0,0,0
23,26,10,0,7,8,7,10,12,7,10,0,0,0
22,27,11,0,7,7,7,10,12,5,6,6,0,0
23,22,13,0,8,8,6,10,14,7,5,0,0,4
18,24,8,6,9,9,10,11,14,6,5,0,0,0
21,26,9,7,8,10,9,11,5,8,6,0,0,0
26,29,10,5,7,6,7,10,10,5,5,0,0,0
18,23,10,9,9,9,7,10,5,8,6,6,0,0
20,27,10,7,8,9,7,7,8,6,5,6,0,0
24,29,9,10,8,7,10,12,5,6,0,0,0,0
18,25,11,6,8,9,7,9,10,7,6,4,0,0
25,25,11,12,8,7,11,11,5,5,0,0,0,0
23,27,12,11,7,8,8,10,5,5,4,0,0,0
20,28,12,10,7,7,9,9,5,6,7,0,0,0
20,33,9,11,8,7,8,9,6,5,4,0,0,0
22,33,9,0,7,7,5,10,8,5,6,4,0,4
21,25,10,12,8,9,8,10,6,5,6,0,0,0
22,21,9,11,8,6,7,9,4,6,7,6,0,4
22,25,11,0,8,10,9,12,13,6,4,0,0,0
20,22,10,11,9,7,7,10,5,6,8,5,0,0
20,26,9,15,7,9,9,10,5,6,4,0,0,0
23,23,14,6,6,9,11,10,5,7,6,0,0,0
20,25,10,14,9,7,6,11,9,5,4,0,0,0
21,23,9,9,8,8,9,10,7,6,5,0,0,5
21,26,9,14,8,8,8,9,6,5,6,0,0,0
23,28,9,7,8,8,8,10,5,6,8,0,0,0
20,31,14,0,9,9,7,11,9,5,5,0,0,0
22,26,8,8,7,7,8,10,6,6,6,6,0,0
21,26,8,13,8,9,7,13,5,5,5,0,0,0
23,25,12,0,8,7,10,9,7,7,6,6,0,0
20,23,10,7,9,9,9,12,8,6,7,0,0,0
26,24,12,4,8,6,6,8,6,6,5,4,0,5
17,24,9,8,8,9,9,12,8,6,6,4,0,0
27,25,12,4,7,7,7,8,7,6,5,0,0,5
23,25,12,8,9,7,7,11,7,6,5,0,0,0
21,23,10,7,8,11,9,10,7,7,7,0,0,0
22,24,10,4,7,10,7,10,7,7,8,0,0,4
24,24,10,0,7,11,8,10,8,6,7,5,0,0
15,22,10,29,7,7,7,7,7,5,4,0,0,0
19,25,10,8,8,9,7,9,4,6,6,5,0,4
22,22,12,13,7,9,9,10,6,5,5,0,0,0
20,24,13,13,8,8,7,10,7,5,5,0,0,0
21,25,8,4,7,8,9,10,10,7,7,0,0,4
22,29,10,10,8,8,7,10,11,5,0,0,0,0
18,28,7,11,6,7,8,7,8,7,8,5,0,0
18,31,8,9,7,8,7,7,7,6,6,6,0,0
22,29,8,9,7,7,7,11,10,5,5,0,0,0
19,26,11,6,9,8,8,9,6,6,7,5,0,0
22,31,9,9,7,7,8,10,6,6,5,0,0,0
20,33,11,0,7,9,6,10,11,6,7,0,0,0
19,33,10,0,7,9,6,11,12,6,7,0,0,0
23,25,8,10,8,7,8,7,4,6,5,4,0,5
17,27,12,8,7,8,6,13,10,6,6,0,0,0
23,23,8,13,9,8,10,7,8,5,6,0,0,0
17,20,9,9,7,9,7,14,7,7,6,4,0,4
26,27,11,6,8,7,8,8,8,5,6,0,0,0
15,33,8,13,7,9,7,12,5,6,5,0,0,0
25,31,11,5,8,8,7,8,7,4,6,0,0,0
20,29,10,7,7,8,9,10,6,6,4,4,0,0
17,27,8,16,8,8,6,10,9,5,6,0,0,0
19,29,9,0,7,6,8,12,8,6,6,5,0,5
22,29,11,9,8,10,7,8,5,5,6,0,0,0
21,26,9,4,7,7,6,10,14,6,6,4,0,0
15,32,10,0,8,9,9,12,8,6,6,5,0,0
18,33,10,0,8,9,8,11,7,6,6,4,0,0
17,31,9,0,7,8,7,10,9,6,6,5,0,5
23,28,9,9,8,7,7,11,8,5,5,0,0,0
17,29,10,4,7,8,7,10,6,6,7,5,0,4
22,26,10,11,7,7,6,11,10,5,5,0,0,0
21,26,10,14,7,7,5,11,9,5,5,0,0,0
19,26,9,10,7,8,6,11,7,6,7,4,0,0
24,25,12,0,8,8,10,10,7,6,6,4,0,0
22,25,12,4,7,8,7,10,11,5,5,4,0,0
22,23,11,7,8,8,8,8,7,6,7,5,0,0
22,23,10,10,8,8,7,9,9,8,6,0,0,0
23,24,10,11,10,7,6,10,8,6,5,0,0,0
21,22,11,0,8,9,10,13,9,5,8,4,0,0
24,21,11,11,8,7,6,9,7,7,5,0,0,4
17,24,8,11,10,9,9,9,7,6,5,5,0,0
28,30,12,0,7,7,6,11,8,6,5,0,0,0
21,28,9,5,8,7,7,8,9,6,8,4,0,0
25,31,12,4,7,8,6,12,9,6,0,0,0,0
24,31,11,7,7,8,6,11,9,6,0,0,0,0
20,27,9,5,7,8,8,8,11,5,7,5,0,0
24,36,10,5,9,7,7,12,4,6,0,0,0,0
21,34,10,4,9,8,7,9,4,6,4,4,0,0
19,24,13,15,7,8,6,10,7,4,7,0,0,0
23,29,9,0,8,8,8,9,16,6,4,0,0,0
21,27,10,4,7,8,7,10,11,6,5,0,0,4
21,28,10,5,7,8,7,10,10,6,4,0,0,4
21,27,13,4,7,7,8,10,7,7,9,0,0,0
21,29,9,0,7,8,8,10,8,5,5,5,0,5
22,27,13,6,9,7,7,12,5,6,6,0,0,0
20,28,8,4,7,8,8,9,13,5,6,4,0,0
20,31,10,0,8,8,7,12,7,7,5,0,0,5
24,32,10,0,7,9,9,9,8,6,6,0,0,0
18,24,10,13,9,7,7,11,7,7,7,0,0,0
23,24,11,5,7,8,8,10,10,5,5,0,0,4
19,26,9,9,8,8,7,11,6,6,6,5,0,0
23,26,12,6,7,8,9,10,8,6,5,0,0,0
20,23,10,10,8,8,7,11,7,6,6,4,0,0
27,26,10,10,9,7,6,10,4,5,6,0,0,0
17,28,10,0,8,8,8,10,16,6,5,4,0,0
25,26,9,12,8,7,7,10,5,6,5,0,0,0
20,24,12,0,9,9,10,11,12,6,7,0,0,0
21,20,9,24,7,6,6,9,4,5,5,0,0,4
17,22,13,15,6,7,7,10,8,5,6,4,0,0
22,31,13,0,8,9,7,12,6,6,6,0,0,0
21,26,7,13,8,8,8,8,9,6,6,0,0,0
19,26,9,14,8,7,9,9,9,5,5,0,0,0
21,28,11,10,8,9,7,10,5,5,6,0,0,0
20,29,12,0,7,7,9,10,11,7,8,0,0,0
21,31,9,9,9,8,8,10,5,5,5,0,0,0
19,32,9,10,7,7,8,10,6,6,6,0,0,0
21,30,13,5,8,8,6,11,8,5,5,0,0,0
19,36,8,5,7,7,7,10,6,5,6,0,0,4
20,27,9,8,9,8,6,11,7,6,5,4,0,0
19,24,10,11,9,8,7,10,6,6,4,6,0,0
22,28,9,6,6,7,7,12,9,5,5,0,0,4
20,30,12,0,8,9,8,10,8,5,6,4,0,0
21,30,12,9,8,7,9,8,6,5,5,0,0,0
20,27,12,6,8,7,5,13,6,7,5,4,0,0
21,30,9,5,7,8,12,10,7,5,6,0,0,0
19,29,8,5,9,9,7,11,5,5,8,5,0,0
22,25,11,7,7,7,8,10,10,5,4,4,0,0
25,23,13,0,8,7,7,10,12,5,5,0,0,5
25,23,14,0,8,10,7,10,7,6,6,4,0,0
25,24,13,5,9,8,6,10,7,7,6,0,0,0
18,22,7,13,7,6,8,9,9,5,6,6,0,4
24,27,11,0,9,9,10,11,13,6,0,0,0,0
19,25,11,8,7,7,6,10,5,6,8,4,0,4
18,25,11,9,7,8,6,10,4,6,7,4,0,5
21,28,11,12,7,8,6,10,6,5,6,0,0,0
21,24,12,5,7,7,10,11,7,6,5,5,0,0
23,27,11,7,8,9,6,10,7,5,7,0,0,0
20,25,8,7,7,8,7,11,12,5,5,5,0,0
22,25,11,6,7,7,5,11,8,6,7,0,0,5
20,28,10,7,8,8,9,9,7,5,5,4,0,0
19,34,10,5,6,7,5,11,8,6,5,0,0,4
21,28,9,9,8,7,9,9,9,5,6,0,0,0
19,26,11,5,8,8,6,9,15,5,4,0,0,4
24,23,8,8,8,8,7,9,9,5,6,5,0,0
18,33,11,0,10,8,8,11,7,8,6,0,0,0
19,26,10,13,5,7,7,10,8,5,5,5,0,0
23,32,10,0,10,9,7,11,5,6,7,0,0,0
21,24,9,7,8,9,8,11,6,6,7,4,0,0
24,28,12,0,9,8,9,11,8,6,5,0,0,0
20,27,10,8,8,8,7,10,9,7,6,0,0,0
20,23,11,9,8,8,11,10,6,5,5,4,0,0
24,24,9,4,8,7,6,10,13,7,8,0,0,0
22,24,8,6,8,6,7,11,13,7,8,0,0,0
21,24,8,7,8,8,7,11,13,6,7,0,0,0
23,26,9,0,9,8,8,13,11,6,7,0,0,0
24,30,12,7,7,10,7,9,7,7,0,0,0,0
20,28,12,7,8,7,7,11,10,6,0,4,0,0
24,25,8,15,7,8,5,9,4,5,6,0,0,4
18,31,11,0,7,8,11,11,7,6,6,4,0,0
24,26,10,11,7,9,5,10,6,6,6,0,0,0
20,23,10,9,9,7,12,12,7,6,5,0,0,0
21,23,14,6,8,9,8,9,9,6,7,0,0,0
19,23,9,15,9,9,8,10,7,6,5,0,0,0
21,25,10,6,9,8,7,11,12,7,4,0,0,0
21,31,10,9,7,8,7,11,0,5,7,0,0,4
23,36,10,0,7,8,7,10,5,6,4,0,0,4
19,29,10,9,8,7,7,9,8,6,8,0,0,0
20,30,8,7,7,6,7,11,6,6,4,4,0,4
21,32,8,6,7,6,7,10,9,6,4,4,0,0
20,32,12,0,8,8,8,10,10,6,6,0,0,0
20,29,12,5,6,7,9,9,6,7,10,0,0,0
19,27,10,10,7,8,8,9,9,6,7,0,0,0
19,28,12,7,7,6,8,9,5,6,8,0,0,5
22,27,12,13,7,8,8,11,0,6,6,0,0,0
21,23,10,0,9,8,8,10,14,6,7,4,0,0
22,25,11,12,7,8,7,10,6,6,6,0,0,0
21,24,9,13,8,8,8,11,7,6,5,0,0,0
21,23,9,14,8,8,8,11,7,6,5,0,0,0
21,27,9,13,6,7,5,8,7,6,6,0,0,5
21,28,10,5,8,9,8,12,7,6,6,0,0,0
18,26,10,13,8,8,7,9,10,6,5,0,0,0
22,27,10,6,6,7,6,9,8,5,5,4,0,5
23,23,10,5,8,8,8,12,6,6,6,5,0,0
22,24,10,5,9,7,9,12,6,6,5,5,0,0
20,20,13,11,7,9,7,8,8,7,6,0,0,4
22,25,8,5,10,7,9,12,7,5,5,5,0,0
20,25,12,11,6,8,6,9,7,6,5,0,0,5
22,23,9,6,9,8,10,12,6,6,5,4,0,0
20,24,10,9,9,8,9,11,9,6,5,0,0,0
21,29,12,5,6,8,6,10,6,6,7,0,0,4
24,28,10,4,9,9,9,9,9,5,4,0,0,0
20,25,7,11,8,8,9,10,9,5,4,0,0,4
22,28,12,0,7,8,8,10,9,7,9,0,0,0
21,22,10,12,7,7,7,10,10,5,4,0,0,5
19,31,10,0,7,8,7,10,9,6,8,5,0,0
21,20,10,20,8,7,7,9,5,5,0,0,0,8
20,23,9,13,9,9,7,9,6,6,4,0,0,5
24,26,10,0,7,7,9,11,9,5,8,4,0,0
24,26,10,4,7,6,7,11,6,7,6,6,0,0
19,23,10,11,8,8,6,10,10,5,5,0,0,5
19,25,12,6,7,8,6,11,10,6,6,0,0,4
21,30,8,14,8,7,9,8,4,5,6,0,0,0
20,35,8,0,8,10,8,10,11,6,4,0,0,0
28,36,9,0,7,9,7,11,0,7,6,0,0,0
18,34,10,4,7,8,9,12,6,5,7,0,0,0
23,27,9,7,7,7,6,8,8,5,5,4,0,4
23,34,9,8,8,8,8,9,8,5,0,0,0,0
20,29,11,5,8,7,7,11,6,6,10,0,0,0
23,29,9,7,7,9,9,11,11,5,0,0,0,0
20,25,13,7,8,8,6,11,6,6,10,0,0,0
24,23,10,5,7,7,8,10,15,6,5,0,0,0
20,27,10,9,9,8,9,11,0,6,6,5,0,0
22,27,10,6,7,7,8,10,13,6,4,0,0,0
24,28,10,7,8,8,6,11,7,6,5,0,0,0
21,30,12,0,8,9,7,9,8,7,5,4,0,0
22,27,9,6,8,8,8,10,7,6,9,0,0,0
21,27,11,0,8,7,7,12,14,6,7,0,0,0
24,26,9,7,9,8,7,13,6,6,5,0,0,0
19,24,9,6,7,8,9,10,8,5,6,4,0,5
27,20,12,5,9,8,8,13,6,6,6,0,0,0
19,20,10,7,8,9,8,12,9,5,5,4,0,4
20,22,12,15,7,7,6,11,7,7,6,0,0,0
20,34,9,0,9,8,9,10,9,5,7,0,0,0
22,28,10,10,7,8,6,11,6,7,5,0,0,0
20,31,10,5,9,8,9,9,8,5,6,0,0,0
21,28,11,7,8,9,7,11,5,7,6,0,0,0
23,31,11,0,8,8,8,8,7,6,6,4,0,0
23,31,12,0,8,7,8,10,6,6,9,0,0,0
25,34,10,4,8,8,5,11,4,5,6,0,0,0
25,34,13,0,8,8,6,10,6,5,5,0,0,0
20,32,12,6,8,8,6,9,5,5,5,4,0,0
21,35,11,0,9,10,7,10,5,6,6,0,0,0
21,30,10,13,7,7,6,9,10,7,0,0,0,0
21,34,10,8,7,7,6,11,7,4,5,0,0,0
20,35,10,8,7,7,6,10,8,4,5,0,0,0
23,32,9,0,8,8,7,10,11,7,5,0,0,0
20,28,13,7,7,8,7,10,4,5,6,5,0,0
24,30,10,4,7,9,7,11,6,6,6,0,0,0
21,26,12,5,10,9,8,10,6,6,7,0,0,0
23,25,12,4,8,9,7,10,6,6,6,4,0,0
23,28,11,0,8,9,11,12,6,6,6,0,0,0
19,31,9,7,8,7,6,9,14,6,4,0,0,0
19,31,11,7,8,7,7,10,9,5,6,0,0,0
21,32,9,8,7,6,7,9,8,5,4,0,0,4
18,27,10,7,7,7,6,10,8,5,6,5,0,4
21,32,10,5,8,8,9,9,7,6,5,0,0,0
23,29,9,4,8,9,9,11,5,6,7,0,0,0
20,23,12,6,9,8,7,10,13,6,6,0,0,0
20,23,13,10,8,7,7,9,11,6,6,0,0,0
20,22,13,8,8,8,8,11,7,6,5,0,0,4
22,23,9,10,6,8,7,10,12,6,7,0,0,0
24,21,16,4,9,9,8,12,5,6,6,0,0,0
20,27,7,8,6,8,7,10,10,6,6,5,0,0
22,34,13,0,9,9,8,10,4,6,5,0,0,0
19,25,7,10,6,7,7,11,13,5,6,0,0,4
19,26,8,14,7,7,6,9,8,7,5,4,0,0
23,25,10,12,7,9,8,10,6,6,4,0,0,0
20,25,14,4,8,8,8,11,9,6,7,0,0,0
22,24,8,11,7,8,7,9,6,5,4,5,0,4
22,26,10,5,7,9,9,9,8,6,4,5,0,0
19,25,9,11,8,7,8,11,10,6,6,0,0,0
25,26,10,5,8,9,6,10,5,5,6,5,0,0
22,26,9,6,9,8,8,10,9,7,6,0,0,0
22,26,12,7,7,8,7,11,5,5,5,5,0,0
23,27,11,8,9,9,6,11,0,6,6,4,0,0
21,30,10,0,8,8,8,11,13,5,6,0,0,0
23,31,11,11,8,7,8,10,0,6,5,0,0,0
20,30,12,11,8,7,8,11,4,5,4,0,0,0
20,31,12,4,7,7,6,10,12,6,5,0,0,0
20,29,8,7,7,8,8,10,6,6,7,4,0,0
22,30,12,7,7,7,7,10,6,7,5,0,0,0
21,27,9,4,8,8,8,10,11,5,5,4,0,0
24,26,10,8,8,8,8,10,5,6,7,0,0,0
18,23,11,15,7,8,8,11,6,5,8,0,0,0
26,26,10,6,9,8,8,10,11,6,0,0,0,0
20,26,10,8,6,8,7,10,8,6,6,0,0,5
23,27,12,0,10,8,7,11,6,6,5,5,0,0
24,28,13,0,9,7,8,11,5,6,5,4,0,0
19,24,8,14,7,9,7,9,14,5,4,0,0,0
25,26,13,0,8,7,6,12,9,6,4,4,0,0
20,23,12,6,7,8,7,11,10,7,5,4,0,0
22,22,8,16,8,7,7,8,8,6,8,0,0,0
23,22,10,14,9,8,7,9,6,5,7,0,0,0
22,23,11,12,8,7,9,9,8,6,5,0,0,0
24,23,10,6,8,10,7,9,7,7,5,4,0,0
20,23,10,7,9,7,8,13,9,6,8,0,0,0
23,20,11,7,7,9,8,9,7,6,4,5,0,4
20,24,11,6,8,8,8,12,9,6,8,0,0,0
23,21,12,5,7,9,7,9,6,6,6,5,0,4
22,20,10,6,7,8,8,9,7,6,6,5,0,6
19,26,14,7,9,9,8,12,6,6,4,0,0,0
23,26,7,7,7,7,8,10,10,6,9,0,0,0
21,31,14,5,9,9,7,11,7,6,0,0,0,0
19,30,11,6,8,7,8,11,5,5,5,5,0,0
25,26,9,6,7,8,6,10,12,6,5,0,0,0
21,27,15,0,6,9,6,11,13,7,5,0,0,0
22,22,8,10,10,8,9,10,5,5,6,0,0,5
22,28,9,7,8,9,6,9,4,7,7,4,0,0
24,30,11,0,8,9,8,11,6,7,6,0,0,0
20,30,10,12,7,7,8,9,7,6,4,0,0,0
25,29,9,4,8,9,8,11,0,6,5,6,0,0
23,28,9,8,8,8,7,9,7,6,7,0,0,0
21,24,11,7,8,8,8,12,6,6,5,0,0,4
19,20,8,9,8,6,7,11,12,6,5,4,0,5
25,25,11,10,9,9,9,11,0,5,6,0,0,0
22,26,11,11,7,7,6,10,4,5,6,0,0,5
19,25,7,11,8,7,10,10,11,6,6,0,0,0
22,30,13,5,8,9,8,10,5,6,4,0,0,0
20,27,11,11,7,7,8,9,8,5,7,0,0,0
19,27,9,4,8,7,5,8,14,6,5,4,0,4
18,24,10,14,6,7,10,11,9,5,6,0,0,0
23,33,10,0,9,10,7,10,6,6,6,0,0,0
21,25,10,16,6,7,7,10,8,5,5,0,0,0
21,22,12,0,11,9,9,11,6,7,8,4,0,0
23,28,13,4,7,7,8,10,9,6,5,0,0,0
23,27,14,0,8,8,7,11,13,5,4,0,0,0
19,23,9,14,7,8,8,9,9,7,7,0,0,0
20,22,8,20,8,8,7,9,8,5,5,0,0,0
19,31,12,0,8,8,6,11,8,5,8,4,0,0
24,32,13,0,8,9,6,12,5,5,6,0,0,0
19,26,8,8,8,7,8,8,12,6,5,5,0,0
21,25,9,9,8,7,7,11,8,6,5,4,0,0
19,26,12,4,9,10,8,11,7,6,8,0,0,0
23,29,9,0,7,8,11,9,5,6,5,4,0,4
20,28,8,5,6,8,11,9,9,6,6,4,0,0
22,26,12,8,8,7,4,11,7,5,6,0,0,4
22,24,13,13,8,7,4,10,5,5,5,0,0,4
18,24,11,16,6,7,7,9,12,5,5,0,0,0
21,23,9,6,11,10,7,12,9,6,6,0,0,0
23,21,11,12,6,6,8,10,6,6,5,0,0,6
19,23,12,0,9,8,7,11,8,7,6,5,0,5
20,22,12,0,9,8,7,11,8,8,6,5,0,4
20,21,10,4,9,7,7,10,9,7,7,5,0,4
22,23,11,4,8,8,8,9,9,4,6,4,0,4
22,27,9,7,7,7,10,13,6,6,6,0,0,0
20,31,8,5,8,8,6,9,6,5,5,5,0,4
19,29,11,8,6,8,8,12,8,6,5,0,0,0
22,31,9,0,9,8,6,9,8,4,6,4,0,4
23,33,11,0,7,7,5,12,9,7,6,0,0,0
22,29,9,5,7,9,7,8,7,6,7,4,0,0
23,26,10,6,8,7,7,10,9,6,4,4,0,0
21,27,11,6,8,9,7,11,7,6,7,0,0,0
23,28,10,4,9,8,7,10,8,7,6,0,0,0
20,23,10,11,7,8,7,10,8,6,6,4,0,0
22,26,10,4,8,8,8,10,7,7,6,4,0,0
22,28,9,6,8,8,7,9,9,5,5,4,0,0
18,31,10,7,9,7,7,12,6,6,7,0,0,0
21,34,12,0,5,8,7,10,6,6,7,4,0,0
21,26,9,12,10,8,7,10,11,6,0,0,0,0
24,31,11,0,6,8,9,12,7,6,6,0,0,0
17,30,9,14,8,8,7,10,6,6,5,0,0,0
19,32,10,10,10,9,7,11,0,5,7,0,0,0
19,31,10,12,5,7,6,9,11,6,4,0,0,0
17,29,9,10,7,8,5,9,13,5,4,4,0,0
17,30,11,12,6,6,7,11,9,6,0,5,0,0
22,30,11,0,9,10,9,10,7,6,6,0,0,0
18,32,10,9,8,7,8,11,6,5,6,0,0,0
24,30,9,5,8,9,7,9,8,6,5,0,0,0
18,30,11,6,8,7,7,10,7,6,6,4,0,0
18,29,12,7,8,7,8,10,11,5,5,0,0,0
23,26,9,6,7,9,6,9,7,7,7,0,0,4
22,27,11,8,9,8,8,11,5,5,6,0,0,0
21,28,9,5,9,8,8,11,6,5,6,0,0,4
20,26,8,7,8,9,8,10,9,6,5,4,0,0
22,32,10,6,8,7,8,9,7,5,6,0,0,0
22,33,11,0,9,8,9,10,6,6,6,0,0,0
23,30,10,5,7,9,7,11,7,6,5,0,0,0
21,24,9,7,9,8,7,9,8,6,8,4,0,0
19,24,8,9,6,9,6,10,10,6,5,4,0,4
18,22,10,12,5,6,6,9,17,5,6,4,0,0
22,31,12,0,10,9,9,11,4,6,6,0,0,0
20,23,9,21,5,8,7,9,6,6,6,0,0,0
20,33,12,0,9,8,8,11,9,6,4,0,0,0
21,33,9,8,8,8,6,10,5,6,6,0,0,0
18,30,13,11,7,8,7,9,7,6,4,0,0,0
19,27,9,12,7,7,7,10,9,5,8,0,0,0
23,21,10,6,9,9,8,11,8,7,4,4,0,0
20,19,10,23,7,7,9,10,5,5,5,0,0,0
23,24,12,6,8,8,8,13,5,7,6,0,0,0
24,24,10,0,10,9,9,12,9,6,7,0,0,0
22,24,9,0,11,8,9,12,8,6,7,4,0,0
20,23,11,4,9,8,7,12,7,5,5,5,0,4
22,23,10,14,7,7,9,9,7,6,6,0,0,0
20,23,12,14,7,8,8,9,6,6,7,0,0,0
23,24,12,4,9,8,6,10,9,6,5,4,0,0
22,28,13,0,9,8,7,13,8,7,5,0,0,0
21,24,8,12,8,8,8,9,7,6,5,0,0,4
22,24,11,9,6,8,7,14,8,6,5,0,0,0
21,23,11,8,7,8,9,14,9,5,5,0,0,0
23,21,11,11,7,8,9,12,8,6,4,0,0,0
23,20,10,0,11,9,8,11,11,7,5,0,0,5
23,23,12,0,9,9,8,11,8,6,7,4,0,0
20,23,11,13,7,8,8,10,9,6,5,0,0,0
19,21,11,10,9,8,8,10,5,5,5,5,0,4
23,22,11,15,8,9,8,8,5,5,6,0,0,0
21,27,10,0,8,7,6,12,10,8,7,0,0,4
21,27,12,9,8,8,7,11,6,6,5,0,0,0
20,29,11,11,9,8,5,9,6,7,5,0,0,0
23,32,10,0,6,7,9,12,11,5,5,0,0,0
20,26,9,5,10,9,8,10,8,7,8,0,0,0
28,26,14,4,7,7,7,11,7,5,4,0,0,0
16,31,10,6,9,8,9,8,7,6,6,4,0,0
22,35,11,6,5,7,6,11,4,5,4,0,0,4
19,38,8,0,9,7,7,9,11,7,5,0,0,0
21,31,11,7,6,8,7,13,5,5,6,0,0,0
21,29,10,6,9,7,9,9,8,7,5,0,0,0
23,24,11,7,7,8,7,12,7,6,8,0,0,0
24,25,9,8,8,9,8,11,5,6,7,0,0,0
21,30,13,0,10,8,10,10,7,6,5,0,0,0
20,30,8,5,8,8,8,10,7,6,6,4,0,0
23,29,9,7,7,7,7,10,9,6,6,0,0,0
21,30,10,7,8,9,9,10,5,6,5,0,0,0
23,24,10,4,8,8,8,10,9,7,5,0,0,4
19,29,10,5,8,8,7,10,6,6,7,5,0,0
20,29,9,10,8,9,7,8,9,6,5,0,0,0
19,29,10,9,7,9,7,9,9,6,6,0,0,0
20,28,8,7,8,8,5,11,10,6,5,0,0,4
21,27,10,7,9,8,6,10,8,5,4,0,0,5
20,25,11,0,8,8,7,10,17,6,4,4,0,0
24,28,9,13,7,8,8,11,0,5,7,0,0,0
19,28,10,0,9,9,6,10,18,6,5,0,0,0
25,31,12,7,7,8,9,12,0,5,4,0,0,0
21,22,10,5,8,9,6,10,10,7,8,4,0,0
24,26,13,6,8,10,9,12,0,5,7,0,0,0
24,23,14,5,7,9,11,13,0,7,7,0,0,0
25,21,10,7,7,8,8,12,4,7,6,0,0,5
19,21,11,9,8,8,6,9,18,5,6,0,0,0
26,26,10,4,8,8,8,12,0,7,7,4,0,0
19,27,10,7,7,9,8,10,8,6,5,4,0,0
24,23,9,6,8,7,7,11,7,6,7,0,0,5
19,25,10,11,6,9,6,8,11,6,5,4,0,0
22,27,9,4,11,8,8,12,5,6,8,0,0,0
20,27,16,0,7,8,7,10,11,6,4,4,0,0
21,21,8,14,9,8,8,11,6,6,8,0,0,0
22,23,14,8,8,8,8,11,8,6,0,4,0,0
22,27,11,0,8,9,10,12,8,6,7,0,0,0
18,22,9,10,6,8,9,9,10,6,4,4,0,5
20,23,9,13,8,7,9,10,10,5,6,0,0,0
26,24,10,5,9,7,8,11,9,5,6,0,0,0
21,23,11,8,9,7,8,14,7,6,6,0,0,0
21,24,12,5,8,8,11,10,7,6,4,4,0,0
21,23,10,5,9,8,11,11,6,7,5,4,0,0
24,25,11,7,7,8,8,11,9,6,4,0,0,0
21,26,12,8,7,8,9,10,10,5,4,0,0,0
22,23,10,7,8,8,7,11,5,6,9,0,0,4
21,25,11,6,7,8,9,11,7,6,5,4,0,0
22,23,10,8,9,7,8,13,7,6,7,0,0,0
23,24,10,7,10,7,8,12,6,6,7,0,0,0
22,22,11,7,9,8,9,11,4,6,7,0,0,4
21,24,11,7,8,9,9,9,6,7,9,0,0,0
24,19,10,8,7,9,10,10,4,5,5,4,0,5
21,22,12,10,8,9,6,9,11,7,5,0,0,0
24,23,12,8,8,7,7,11,11,5,4,0,0,0
19,21,8,13,8,9,8,10,5,6,8,0,0,5
24,25,13,0,8,8,6,13,8,6,5,0,0,4
25,24,12,0,8,9,6,15,8,6,7,0,0,0
18,26,8,10,8,8,8,8,8,5,5,4,0,4
20,22,10,16,7,8,6,10,9,5,7,0,0,0
22,25,11,0,9,8,9,10,8,6,4,4,0,4
21,25,12,9,8,8,6,10,6,6,9,0,0,0
21,29,12,0,9,9,8,10,6,5,7,4,0,0
21,22,9,14,8,7,7,9,6,5,4,4,0,4
20,28,12,0,8,8,7,11,11,7,8,0,0,0
23,28,10,6,6,7,9,11,10,5,5,0,0,0
22,31,12,5,9,8,6,9,6,5,7,0,0,0
20,31,10,11,6,6,6,10,9,5,6,0,0,0
23,30,11,0,8,10,9,13,5,6,5,0,0,0
22,24,9,20,7,6,5,9,8,5,5,0,0,0
21,26,8,12,9,8,7,11,9,5,4,0,0,0
22,26,9,11,10,8,8,8,8,6,0,4,0,0
21,27,10,7,8,8,8,10,7,6,4,4,0,0
22,27,11,6,7,9,7,10,9,6,6,0,0,0
22,23,10,5,8,8,9,10,9,6,6,4,0,0
20,24,10,18,8,7,6,10,6,6,5,0,0,0
20,26,10,0,7,8,9,10,11,5,6,4,0,4
21,29,10,9,8,8,6,8,8,6,7,0,0,0
22,32,10,5,6,7,10,12,6,5,5,0,0,0
20,28,11,6,8,8,7,10,6,5,7,4,0,0
24,28,11,5,7,9,8,10,8,6,4,0,0,0
21,31,8,5,8,7,8,11,5,6,6,4,0,0
20,27,11,8,7,9,6,9,8,5,6,0,0,4
21,27,11,9,7,10,7,8,10,5,5,0,0,0
19,28,12,7,7,9,6,9,8,6,5,0,0,4
20,24,10,8,8,7,8,12,7,6,6,4,0,0
21,24,10,6,9,9,7,10,7,6,5,0,0,6
20,24,11,6,8,10,7,10,7,6,5,0,0,6
22,23,11,6,9,7,7,11,5,6,5,4,0,4
24,23,12,4,8,8,8,11,5,6,7,4,0,0
22,21,10,11,6,7,10,11,6,6,6,4,0,0
26,21,12,10,7,6,9,10,7,6,6,0,0,0
25,22,13,10,7,7,9,9,7,6,5,0,0,0
23,26,13,6,8,9,8,12,4,6,5,0,0,0
21,20,11,6,7,8,8,10,12,6,6,5,0,0
25,25,11,0,9,8,9,11,5,6,6,0,0,5
17,25,8,17,6,7,6,8,11,6,5,4,0,0
24,25,10,5,8,9,7,11,6,6,5,0,0,4
22,27,10,0,7,7,7,10,15,6,5,4,0,0
22,30,10,0,8,7,8,9,11,5,5,5,0,0
19,31,10,7,6,7,8,12,7,6,7,0,0,0
18,29,10,7,7,10,8,11,7,6,7,0,0,0
23,31,12,6,8,7,7,10,6,6,4,0,0,0
22,28,8,7,8,8,7,8,4,6,9,5,0,0
20,27,10,4,8,7,7,12,16,5,4,0,0,0
21,29,12,4,9,9,8,9,7,5,7,0,0,0
18,28,10,15,6,6,6,11,7,5,4,4,0,0
19,29,11,7,7,7,6,12,4,5,4,5,0,4
20,30,9,8,9,8,7,7,10,6,6,0,0,0
23,33,10,6,6,8,6,10,6,6,6,0,0,0
20,35,9,5,7,8,6,11,6,6,7,0,0,0
19,34,9,0,9,8,7,9,11,5,5,0,0,4
21,24,11,11,6,8,8,11,4,6,5,5,0,0
22,26,11,6,7,10,8,10,7,7,6,0,0,0
23,25,9,6,9,8,7,10,9,6,4,4,0,0
21,26,10,7,7,10,8,10,6,6,9,0,0,0
18,26,10,7,8,8,8,10,6,7,8,0,0,4
21,27,8,6,8,7,7,11,10,6,5,0,0,4
20,30,10,6,8,9,7,8,5,6,7,4,0,0
23,24,8,5,8,7,8,13,9,6,5,4,0,0
22,25,7,4,9,8,8,12,8,6,6,5,0,0
20,23,14,13,7,8,6,9,9,6,5,0,0,0
23,24,9,6,8,7,9,11,12,6,5,0,0,0
23,27,11,0,8,9,6,12,11,6,7,0,0,0
21,28,10,6,9,9,7,9,5,5,7,0,0,4
21,22,11,7,7,7,8,11,10,6,5,5,0,0
21,25,10,6,9,8,7,10,6,7,7,0,0,4
22,26,9,6,7,9,8,10,6,6,6,0,0,5
22,26,8,7,7,6,8,10,13,5,4,4,0,0
20,29,7,6,7,9,8,10,9,5,6,0,0,4
24,24,13,13,7,7,8,9,4,6,5,0,0,0
20,27,9,8,6,9,10,9,0,5,7,5,0,5
25,24,10,8,10,8,5,11,8,6,5,0,0,0
25,25,11,6,9,7,5,12,9,6,5,0,0,0
25,25,11,6,9,8,6,11,8,6,5,0,0,0
18,30,8,7,6,8,8,9,6,6,6,4,0,4
20,28,11,7,10,8,7,10,7,6,6,0,0,0
22,27,10,11,7,8,7,10,8,5,5,0,0,0
21,26,11,5,9,8,9,10,8,7,6,0,0,0
25,29,9,5,8,8,7,11,6,6,6,0,0,0
20,26,9,15,8,7,6,10,5,4,6,4,0,0
21,32,12,0,8,8,8,11,8,7,5,0,0,0
21,30,7,9,8,9,6,10,9,5,6,0,0,0
22,30,8,9,8,9,6,10,7,5,6,0,0,0
22,24,12,0,8,7,8,13,9,6,7,4,0,0
19,25,11,16,8,7,5,8,6,6,4,0,0,5
20,32,9,9,7,7,6,10,7,6,7,0,0,0
21,25,10,8,7,8,7,10,6,5,4,5,0,4
21,28,8,13,8,7,6,10,7,7,5,0,0,0
19,35,12,5,7,9,7,11,6,5,4,0,0,0
20,32,11,5,8,9,6,9,7,6,7,0,0,0
23,30,11,7,7,7,6,11,5,6,7,0,0,0
21,26,9,5,8,8,9,8,11,5,6,4,0,0
21,26,11,9,8,9,6,12,4,7,7,0,0,0
22,26,11,8,8,9,6,12,4,7,7,0,0,0
21,26,9,0,8,8,10,8,11,5,5,5,0,4
21,26,9,0,7,8,11,8,11,5,5,5,0,4
21,26,8,5,9,7,6,13,7,7,6,0,0,5
22,25,11,8,8,8,8,10,4,7,5,4,0,0
21,24,9,4,8,8,7,10,16,6,7,0,0,0
23,22,6,8,9,8,7,10,9,7,6,5,0,0
20,24,14,7,9,8,9,10,7,6,6,0,0,0
20,22,12,13,8,9,7,11,8,5,5,0,0,0
19,26,9,0,7,8,9,13,11,7,7,4,0,0
22,26,12,0,8,9,10,11,9,7,6,0,0,0
22,25,8,6,8,7,8,10,7,5,5,5,0,4
21,32,8,5,8,7,8,10,10,6,5,0,0,0
21,27,13,10,8,7,8,10,0,6,5,5,0,0
19,28,13,15,9,7,8,10,0,6,0,5,0,0
19,29,14,12,8,9,9,9,0,7,4,0,0,0
24,24,9,0,7,7,7,13,16,6,7,0,0,0
20,28,11,5,9,9,8,10,5,6,5,0,0,4
23,23,14,7,8,9,9,10,4,5,4,0,0,4
21,26,10,6,7,7,7,11,7,7,7,4,0,0
20,25,11,5,7,7,8,11,9,6,7,4,0,0
25,22,10,0,8,9,8,11,10,5,7,5,0,0
23,23,9,5,7,8,9,10,10,6,6,0,0,4
21,22,11,10,9,8,8,11,7,7,6,0,0,0
23,20,9,11,9,7,8,10,8,5,6,0,0,4
23,22,9,6,9,7,7,11,7,7,6,6,0,0
21,27,12,10,8,8,8,10,5,5,6,0,0,0
22,28,9,5,8,7,7,10,9,6,5,4,0,0
22,26,11,6,8,9,11,9,7,6,5,0,0,0
23,26,9,6,9,10,8,9,6,5,5,4,0,0
18,32,9,6,8,7,7,11,10,7,5,0,0,0
23,26,10,5,8,9,8,9,6,5,7,4,0,0
22,26,11,5,8,9,8,9,8,7,7,0,0,0
22,27,11,8,7,8,8,11,7,6,5,0,0,0
20,27,11,6,9,9,9,9,10,5,5,0,0,0
23,29,11,0,8,7,6,13,6,6,6,5,0,0
22,21,10,0,8,9,6,10,25,5,4,0,0,0
20,29,11,13,7,7,7,10,4,6,6,0,0,0
22,24,8,7,8,8,6,10,16,5,6,0,0,0
22,26,11,6,7,8,7,10,9,6,8,0,0,0
18,28,10,8,9,8,6,11,7,6,5,4,0,0
24,26,10,5,9,7,6,11,7,6,5,4,0,0
20,28,13,10,6,9,8,10,4,5,7,0,0,0
19,28,11,16,8,7,9,11,0,5,6,0,0,0
21,35,9,0,8,8,9,9,9,7,5,0,0,0
20,33,12,5,8,7,5,11,9,5,5,0,0,0
23,29,9,0,9,9,9,11,5,8,8,0,0,0
19,23,9,21,7,7,6,10,5,5,4,4,0,0
22,34,10,0,8,8,9,10,7,6,6,0,0,0
24,30,8,5,8,8,8,11,6,6,6,0,0,0
20,28,11,8,7,7,8,10,7,5,5,4,0,0
22,31,10,4,8,7,6,9,7,6,5,0,0,5
19,27,9,5,6,9,8,10,9,6,8,4,0,0
19,26,9,7,8,7,8,11,9,6,6,4,0,0
23,21,12,6,8,9,8,11,7,6,5,0,0,4
20,25,9,9,7,7,8,10,10,6,5,4,0,0
21,29,11,0,8,7,13,10,9,6,6,0,0,0
19,21,10,13,9,8,4,12,8,6,6,0,0,4
26,25,13,9,7,8,5,11,6,5,5,0,0,0
20,27,11,0,9,9,7,12,8,6,7,4,0,0
21,27,10,4,8,8,7,11,8,6,6,4,0,0
20,29,10,9,7,7,7,10,6,5,6,4,0,0
20,29,12,15,6,5,5,10,8,5,5,0,0,0
21,24,10,0,9,9,10,10,6,7,6,4,0,4
20,26,12,0,10,9,10,11,6,6,6,4,0,0
20,24,9,9,8,8,9,10,7,6,6,4,0,0
16,25,10,11,8,9,8,9,12,6,6,0,0,0
20,24,10,11,8,8,8,10,6,6,5,0,0,4
21,28,13,7,8,7,5,9,7,5,6,4,0,0
22,25,8,8,7,9,9,10,10,7,5,0,0,0
20,25,9,5,8,8,6,11,12,6,6,0,0,4
19,26,11,4,10,8,9,12,9,6,6,0,0,0
22,29,9,8,7,8,8,9,9,5,6,0,0,0
20,29,11,4,9,8,7,11,6,6,5,0,0,4
22,25,9,6,8,8,8,10,11,6,7,0,0,0
24,26,13,0,8,8,7,11,6,6,7,0,0,4
19,28,11,5,9,8,9,9,10,7,5,0,0,0
22,23,12,10,7,10,9,9,6,6,6,0,0,0
25,22,11,11,7,9,7,9,8,6,5,0,0,0
20,39,9,0,7,6,7,13,6,6,7,0,0,0
19,41,9,0,9,6,6,12,7,5,6,0,0,0
21,35,10,9,7,9,6,8,6,5,4,0,0,0
19,33,8,8,10,6,7,12,6,5,6,0,0,0
23,27,11,0,7,10,7,10,9,6,5,0,0,5
23,28,9,8,8,7,8,10,6,6,7,0,0,0
20,24,10,6,9,8,9,12,9,6,7,0,0,0
21,26,12,10,6,7,6,8,8,5,7,0,0,4
22,28,10,6,7,9,8,9,7,5,5,0,0,4
21,28,12,4,7,7,5,13,7,6,6,4,0,0
20,24,10,15,8,7,5,9,6,5,6,5,0,0
21,30,10,0,8,8,10,10,7,6,5,0,0,5
23,30,10,0,9,8,8,13,7,6,6,0,0,0
22,30,11,4,7,8,5,12,8,6,7,0,0,0
24,29,10,0,9,8,10,10,8,6,6,0,0,0
19,26,9,9,8,7,6,10,10,6,6,4,0,0
21,25,10,10,7,7,6,10,12,5,7,0,0,0
19,29,10,7,8,7,9,10,8,6,7,0,0,0
20,31,7,7,7,8,7,10,8,6,5,0,0,4
17,29,9,12,6,7,8,10,12,5,5,0,0,0
17,30,9,10,6,7,8,11,9,6,7,0,0,0
19,29,11,15,6,7,7,9,5,5,7,0,0,0
21,31,10,6,8,7,8,11,7,7,0,4,0,0
20,33,11,7,7,8,6,10,6,5,7,0,0,0
19,33,10,7,7,8,5,11,8,5,7,0,0,0
21,32,9,0,8,8,6,10,9,5,8,4,0,0
21,31,11,8,9,9,9,11,5,6,0,0,0,0
19,25,12,5,8,8,5,11,11,6,6,0,0,4
23,29,8,7,8,8,8,10,7,5,7,0,0,0
19,28,12,6,8,8,7,11,8,8,5,0,0,0
20,25,9,0,7,8,8,10,18,6,5,4,0,0
23,23,11,10,8,7,8,10,5,5,5,0,0,5
21,24,11,8,8,9,8,12,9,6,4,0,0,0
24,29,10,0,7,8,9,9,6,6,7,5,0,0
21,26,8,6,8,8,8,9,6,5,7,4,0,4
22,28,10,6,8,8,8,9,5,5,6,5,0,0
21,31,10,0,10,9,8,11,7,7,6,0,0,0
21,25,9,20,5,7,7,9,7,5,5,0,0,0
18,31,11,7,9,8,6,9,6,6,5,4,0,0
23,28,10,0,8,9,6,11,6,7,6,0,0,6
26,22,9,5,7,8,6,8,8,6,6,4,0,5
20,23,11,13,7,7,7,10,9,7,6,0,0,0
22,23,9,7,7,9,6,11,7,5,5,4,0,5
18,30,11,7,8,7,9,10,7,6,7,0,0,0
25,30,9,0,10,8,7,11,4,6,5,5,0,0
21,30,10,9,8,8,7,8,7,6,6,0,0,0
20,28,10,4,7,9,6,11,10,5,6,4,0,0
21,25,10,8,8,7,10,11,6,6,8,0,0,0
23,30,12,8,6,9,6,9,7,6,4,0,0,0
21,28,9,5,9,8,10,11,6,6,7,0,0,0
21,27,10,6,8,7,10,11,7,6,7,0,0,0
20,23,10,5,7,8,8,11,11,6,6,0,0,5
26,24,11,4,6,9,8,10,7,6,5,0,0,4
26,24,11,4,6,9,8,9,8,6,5,0,0,4
21,28,9,0,11,9,10,11,8,7,6,0,0,0
22,26,11,7,6,9,6,9,10,5,5,4,0,0
22,28,11,4,6,7,8,12,9,7,6,0,0,0
21,23,9,6,10,10,8,8,9,6,6,4,0,0
17,23,10,5,9,8,12,9,14,6,7,0,0,0
22,21,9,8,9,7,9,12,7,6,6,4,0,0
20,24,10,8,8,9,9,9,8,7,8,0,0,0
22,25,13,6,8,8,5,11,11,6,5,0,0,0
24,26,9,6,8,9,12,10,5,6,5,0,0,0
21,22,10,4,7,7,8,10,11,5,5,4,0,6
20,26,9,13,8,8,7,10,9,6,4,0,0,0
21,25,11,0,8,8,7,13,5,6,8,4,0,4
23,23,10,9,7,8,9,9,12,5,5,0,0,0
22,23,9,7,8,8,10,11,6,6,6,4,0,0
22,25,12,5,7,8,7,11,7,6,5,5,0,0
22,27,11,7,9,9,8,9,6,6,6,0,0,0
21,24,12,4,8,7,8,11,9,6,6,4,0,0
23,24,9,5,9,9,8,10,6,5,4,4,0,4
21,30,11,6,7,7,6,11,10,6,5,0,0,0
21,30,8,8,9,9,8,10,5,6,6,0,0,0
21,31,11,8,7,6,6,11,9,5,5,0,0,0
20,30,9,5,9,8,9,9,5,6,6,4,0,0
24,29,7,5,9,7,7,11,9,6,6,0,0,0
20,28,9,4,8,9,8,10,8,6,6,4,0,0
22,29,10,4,9,8,9,9,4,5,6,5,0,0
19,31,13,0,9,8,9,11,6,7,7,0,0,0
23,26,11,6,6,8,6,9,11,6,4,0,0,4
17,32,9,6,7,8,7,10,6,6,7,5,0,0
25,24,12,4,7,9,8,9,6,6,5,0,0,5
25,28,12,0,9,9,7,10,9,6,5,0,0,0
17,25,11,6,7,8,8,9,8,6,7,4,0,4
21,27,9,9,9,6,7,12,8,5,7,0,0,0
22,25,8,9,10,9,8,10,7,6,6,0,0,0
21,25,8,7,9,7,7,10,8,6,6,0,0,6
19,23,10,5,7,9,8,8,10,6,6,5,0,4
22,28,11,7,9,7,8,12,4,6,6,0,0,0
20,23,9,4,7,9,7,9,11,5,7,4,0,5
23,23,10,10,9,7,6,11,5,6,5,5,0,0
22,26,9,4,7,9,9,9,8,6,6,0,0,5
20,29,11,8,10,7,6,11,8,5,5,0,0,0
20,30,10,5,6,9,9,9,6,5,7,0,0,4
21,31,10,0,7,9,9,8,7,6,8,0,0,4
20,27,11,5,10,7,8,12,9,5,6,0,0,0
19,26,9,12,7,7,11,10,5,8,6,0,0,0
21,30,11,0,9,9,7,11,11,5,6,0,0,0
21,26,12,0,6,11,6,9,9,5,6,4,0,5
21,25,8,12,10,6,7,12,7,6,6,0,0,0
22,26,10,0,8,10,10,10,8,7,4,5,0,0
21,26,12,0,8,9,9,10,8,7,5,5,0,0
21,23,10,16,8,7,7,11,4,6,7,0,0,0
22,22,11,0,9,8,7,10,14,6,5,0,0,6
22,21,8,10,8,8,8,12,6,6,7,4,0,0
22,26,11,4,8,8,7,9,8,6,5,0,0,6
18,27,10,10,8,8,10,10,8,6,5,0,0,0
19,27,11,8,8,8,10,9,7,7,6,0,0,0
24,25,10,6,7,8,6,13,9,6,6,0,0,0
22,25,10,0,9,8,7,11,6,6,7,5,0,4
21,25,13,0,8,8,7,11,6,6,7,4,0,4
21,27,10,4,10,8,9,12,6,7,6,0,0,0
22,26,12,6,8,8,8,11,4,5,6,4,0,0
23,28,8,6,9,10,6,9,6,6,9,0,0,0
20,23,11,6,7,7,8,12,13,5,4,4,0,0
24,26,14,5,8,8,8,10,7,5,5,0,0,0
20,27,9,4,9,10,7,11,9,7,7,0,0,0
24,22,10,9,8,8,7,10,6,6,5,0,0,5
20,27,10,6,8,8,8,13,8,6,6,0,0,0
21,25,10,7,9,8,8,12,7,7,6,0,0,0
22,30,11,5,8,7,6,9,6,5,7,0,0,4
22,26,10,16,7,8,11,9,0,5,6,0,0,0
23,23,11,12,9,9,5,10,7,6,5,0,0,0
19,22,10,6,7,7,8,8,11,6,5,7,0,4
25,25,9,5,9,7,7,11,12,5,5,0,0,0
19,29,11,6,7,8,8,11,5,6,6,4,0,0
24,25,9,5,9,8,7,12,10,5,6,0,0,0
23,27,8,8,9,8,8,9,9,6,5,0,0,0
20,32,11,7,7,8,7,9,8,5,6,0,0,0
21,29,9,5,7,8,8,10,8,6,5,4,0,0
21,26,10,6,8,8,9,9,10,5,8,0,0,0
21,26,13,7,8,7,6,9,6,6,6,5,0,0
22,25,10,8,7,9,10,13,5,5,6,0,0,0
21,24,11,8,8,7,6,8,10,6,6,5,0,0
21,25,10,5,9,8,7,12,12,6,5,0,0,0
16,24,11,5,9,10,8,9,12,5,6,5,0,0
22,23,10,8,7,7,6,12,9,6,6,0,0,4
22,23,10,6,9,9,11,9,7,7,7,0,0,0
21,22,9,8,8,8,9,13,11,5,6,0,0,0
19,22,12,4,7,8,7,9,12,6,6,4,0,4
24,26,8,8,9,7,8,10,4,6,6,4,0,0
25,26,9,8,8,8,9,10,6,6,5,0,0,0
22,29,10,7,9,9,7,10,0,7,5,5,0,0
21,26,10,7,6,8,7,11,12,5,7,0,0,0
20,30,9,9,9,9,7,9,7,7,4,0,0,0
22,26,11,4,7,7,7,11,9,6,6,0,0,4
21,25,7,9,9,9,8,9,7,6,6,4,0,0
20,31,12,7,5,6,8,12,8,5,6,0,0,0
20,33,8,5,9,8,7,9,6,6,5,4,0,0
22,32,9,0,9,8,7,10,7,6,5,5,0,0
21,32,10,8,0,8,10,10,10,5,6,0,0,0
21,30,9,4,10,9,6,9,5,6,6,5,0,0
24,28,11,8,8,7,8,11,4,6,5,0,0,0
25,27,10,6,7,8,10,10,5,6,6,0,0,0
21,29,14,0,7,8,7,12,6,7,5,0,0,4
21,27,13,5,6,7,7,11,7,7,5,0,0,4
25,27,10,5,8,8,7,10,7,6,7,0,0,0
17,26,10,10,8,8,10,10,10,6,5,0,0,0
18,25,10,13,8,7,8,11,10,5,5,0,0,0
23,26,11,5,8,9,8,9,5,6,6,0,0,4
20,29,12,0,8,9,9,12,9,7,5,0,0,0
19,27,8,23,6,6,7,9,0,5,6,0,0,4
22,27,11,5,9,8,6,9,7,7,5,4,0,0
23,22,11,10,7,8,9,11,7,6,6,0,0,0
22,26,10,5,9,8,8,9,7,6,6,4,0,0
22,24,11,6,8,8,9,9,9,5,9,0,0,0
19,23,12,11,8,7,7,12,10,6,5,0,0,0
23,25,9,7,8,8,8,9,6,6,6,5,0,0
24,24,10,0,7,10,8,9,11,6,6,5,0,0
20,25,13,0,9,7,9,13,7,6,7,0,0,4
22,31,8,5,7,11,6,8,7,6,5,4,0,0
22,32,8,4,7,11,6,9,7,6,4,4,0,0
21,31,11,5,9,7,6,10,10,5,5,0,0,0
18,31,9,10,7,6,8,10,6,6,5,4,0,0
17,27,7,27,6,6,7,8,4,5,6,0,0,0
21,35,10,0,6,8,7,10,8,5,5,5,0,0
19,34,10,4,6,8,8,9,7,5,4,6,0,0
19,32,11,0,8,6,7,10,8,6,7,0,0,6
25,23,8,7,7,9,8,10,7,5,6,5,0,0
19,28,12,5,9,7,7,10,8,6,5,0,0,4
23,30,11,0,6,9,8,11,6,6,5,5,0,0
18,29,10,12,7,7,6,9,6,5,5,0,0,6
22,26,9,7,6,7,9,11,8,5,5,5,0,0
22,24,13,9,8,9,7,11,5,6,6,0,0,0
19,21,13,19,8,7,5,10,7,6,5,0,0,0
20,30,7,0,8,8,9,10,8,5,7,4,0,4
21,35,9,4,8,7,7,11,6,7,5,0,0,0
20,32,10,5,8,7,7,10,6,6,5,4,0,0
22,33,10,4,8,7,7,9,9,6,5,0,0,0
20,31,10,0,7,6,8,9,14,6,5,4,0,0
20,27,11,7,7,10,5,12,10,6,5,0,0,0
23,24,10,7,10,7,8,8,8,5,6,4,0,0
25,24,9,7,9,8,8,8,10,5,7,0,0,0
22,26,12,5,8,8,5,12,10,7,5,0,0,0
21,25,10,11,7,8,9,9,5,5,6,4,0,0
18,26,12,10,7,8,6,9,8,6,6,0,0,4
23,26,10,4,8,8,8,11,7,6,5,4,0,0
21,26,10,9,9,8,7,9,7,7,7,0,0,0
21,26,11,5,6,7,8,11,7,5,4,4,0,5
23,22,10,8,10,9,7,11,7,6,7,0,0,0
25,20,10,10,7,9,9,9,5,5,6,0,0,5
20,29,10,4,8,8,6,10,10,6,5,4,0,0
21,27,9,9,7,8,8,10,5,6,5,0,0,5
19,27,10,6,7,7,7,11,10,5,7,4,0,0
20,29,14,0,8,8,7,12,6,5,7,4,0,0
23,27,9,9,8,8,8,9,8,6,5,0,0,0
21,26,14,6,8,8,8,10,6,6,7,0,0,0
21,23,10,14,7,8,8,9,7,6,7,0,0,0
20,23,8,11,7,8,10,11,9,5,0,4,0,4
22,25,10,11,7,7,10,11,7,6,4,0,0,0
22,24,8,10,8,7,8,9,7,5,5,7,0,0
18,26,12,10,7,8,7,10,7,5,5,0,0,5
24,25,7,7,8,7,7,9,6,6,6,8,0,0
18,35,11,0,7,8,7,11,12,5,6,0,0,0
18,31,10,0,7,7,8,12,11,6,6,4,0,0
25,26,12,0,9,9,6,10,10,6,7,0,0,0
21,26,10,7,8,8,8,11,8,7,6,0,0,0
22,24,9,9,8,8,8,10,10,5,7,0,0,0
21,24,12,6,8,9,5,10,9,5,7,4,0,0
21,24,10,6,8,7,8,10,16,5,5,0,0,0
22,28,11,8,8,9,7,11,4,6,6,0,0,0
22,29,9,10,8,8,7,10,0,6,7,4,0,0
23,27,9,8,8,7,7,10,4,6,6,5,0,0
18,27,10,5,8,8,7,10,17,5,5,0,0,0
24,23,9,4,9,8,8,12,6,6,6,5,0,0
20,28,10,4,8,9,7,12,6,5,7,0,0,4
22,30,11,0,6,9,8,9,12,6,7,0,0,0
25,23,12,6,11,7,7,13,5,7,4,0,0,0
23,23,12,4,9,8,9,11,5,6,6,0,0,4
20,25,9,12,6,8,7,9,9,5,5,5,0,0
22,31,10,5,10,7,7,11,7,5,5,0,0,0
25,26,12,5,7,7,6,10,5,6,4,0,0,7
20,29,10,10,7,8,7,10,8,6,5,0,0,0
22,29,12,8,9,7,9,9,0,6,5,4,0,0
20,30,9,13,9,7,8,9,5,5,5,0,0,0
21,28,12,0,8,9,8,12,9,7,6,0,0,0
24,28,15,0,9,8,7,10,5,5,5,0,0,4
21,26,13,5,8,8,7,10,6,6,5,5,0,0
23,25,8,10,7,8,8,11,8,6,6,0,0,0
23,24,9,6,9,9,7,9,9,6,5,0,0,4
20,26,12,8,6,7,10,11,8,6,6,0,0,0
23,29,11,0,10,9,6,10,6,6,5,0,0,5
18,27,8,7,7,7,8,12,10,6,6,4,0,0
26,28,14,5,8,8,6,8,6,6,5,0,0,0
20,29,11,0,9,7,9,11,10,6,4,4,0,0
22,24,10,11,6,8,6,10,5,5,8,0,0,5
20,27,10,0,9,7,10,11,11,6,5,4,0,0
22,24,12,13,8,9,6,9,6,6,5,0,0,0
22,25,10,0,8,7,11,11,8,7,6,5,0,0
20,27,12,11,6,7,5,10,9,5,8,0,0,0
22,26,9,4,9,8,11,11,6,6,4,4,0,0
23,26,10,5,8,8,5,10,7,5,7,6,0,0
22,31,12,6,6,7,7,12,6,6,5,0,0,0
22,31,12,6,6,7,7,12,6,6,5,0,0,0
19,27,11,8,7,8,7,7,10,6,5,5,0,0
21,27,11,10,7,7,7,8,6,6,5,5,0,0
19,29,9,8,9,7,6,11,11,5,6,0,0,0
23,27,10,5,7,8,9,10,5,6,5,5,0,0
21,25,11,7,8,8,7,10,9,5,5,0,0,4
22,27,12,0,8,8,6,11,8,7,6,5,0,0
21,27,8,15,8,7,7,9,8,5,5,0,0,0
22,25,10,14,7,7,5,9,7,5,5,4,0,0
20,24,10,0,9,10,10,12,7,8,5,0,0,5
22,23,10,8,7,7,6,9,12,5,7,4,0,0
22,27,8,7,9,9,8,11,7,6,6,0,0,0
20,23,8,14,8,8,8,10,5,6,6,0,0,4
20,22,12,8,9,8,9,10,8,5,5,4,0,0
22,19,9,10,8,8,9,10,8,5,7,5,0,0
19,21,12,6,8,8,6,10,8,6,7,4,0,5
24,23,10,8,8,8,8,9,10,5,7,0,0,0
20,26,11,9,8,9,8,10,8,6,5,0,0,0
26,23,10,6,8,7,9,12,7,6,6,0,0,0
21,22,13,11,8,9,8,10,6,6,6,0,0,0
20,23,11,5,8,8,10,11,8,6,5,0,0,5
22,20,9,10,8,8,6,9,10,6,6,6,0,0
20,23,11,9,8,8,9,10,7,6,5,0,0,4
20,23,11,8,8,8,9,10,8,6,5,0,0,4
20,26,9,8,8,9,8,12,4,6,6,4,0,0
21,22,11,4,7,8,8,9,14,6,5,0,0,5
23,23,9,7,8,8,8,11,10,6,7,0,0,0
22,23,10,8,7,8,8,11,10,6,7,0,0,0
20,21,9,13,8,8,8,10,11,7,5,0,0,0
22,27,12,0,7,8,8,10,5,6,6,4,0,5
20,28,10,8,9,7,7,10,9,5,7,0,0,0
18,28,14,0,8,8,10,10,6,6,8,0,0,4
24,29,9,6,7,8,7,9,6,7,4,0,0,4
21,28,11,4,9,8,9,10,8,5,7,0,0,0
23,28,11,0,7,8,9,12,5,7,6,4,0,0
20,23,11,10,9,8,7,10,11,6,5,0,0,0
24,23,9,7,7,8,8,12,7,7,8,0,0,0
21,21,11,8,11,7,8,8,11,5,5,4,0,0
23,26,12,0,7,9,9,14,4,7,9,0,0,0
21,25,11,5,8,9,6,12,9,7,7,0,0,0
23,23,13,4,8,8,6,11,6,5,9,0,0,4
23,25,9,8,8,8,9,10,8,6,6,0,0,0
22,25,13,6,7,8,6,11,7,5,6,0,0,4
23,23,9,7,8,8,8,8,7,6,5,4,0,4
22,22,12,6,9,8,7,14,7,6,7,0,0,0
23,20,11,12,7,7,8,8,8,6,5,0,0,5
19,20,10,7,8,8,9,12,11,7,9,0,0,0
20,18,10,8,9,8,9,10,13,6,9,0,0,0
24,23,10,12,7,8,6,9,6,5,5,0,0,5
21,26,10,0,9,8,7,14,10,5,5,5,0,0
21,25,11,10,7,8,7,8,7,6,5,0,0,5
22,22,11,6,9,8,7,12,6,6,5,6,0,0
20,28,9,9,7,8,9,7,7,6,6,0,0,4
22,31,10,0,8,8,6,12,8,6,5,4,0,0
23,31,11,7,8,8,6,9,6,6,5,0,0,0
20,20,10,6,8,8,8,12,10,6,8,0,0,4
24,28,10,8,8,9,6,9,6,6,6,0,0,0
22,26,11,11,8,8,6,10,5,7,6,0,0,0
21,26,10,0,9,10,10,11,7,5,6,5,0,0
21,27,9,11,7,6,7,10,7,6,5,0,0,4
21,29,12,4,8,8,9,12,4,6,7,0,0,0
21,27,10,15,8,7,6,11,10,5,0,0,0,0
25,31,11,0,7,8,8,10,6,6,8,0,0,0
18,29,9,11,8,8,7,11,8,6,5,0,0,0
21,21,10,23,6,7,4,8,11,4,5,0,0,0
22,22,11,13,8,7,6,8,11,5,7,0,0,0
20,29,12,0,7,8,10,13,5,6,6,4,0,0
22,29,8,9,8,7,6,12,14,5,0,0,0,0
20,27,7,11,8,7,5,11,15,5,4,0,0,0
19,27,12,9,7,8,7,9,6,6,6,4,0,0
22,32,9,0,8,7,8,12,12,5,5,0,0,0
19,31,11,10,8,8,7,9,5,6,6,0,0,0
23,24,10,8,8,6,7,12,11,6,5,0,0,0
21,23,10,14,8,9,8,9,5,6,7,0,0,0
20,24,12,9,8,8,8,9,6,5,7,0,0,4
25,25,9,7,7,8,7,9,8,6,0,5,0,4
18,26,11,6,9,8,9,12,9,5,7,0,0,0
23,24,8,9,6,8,6,8,9,5,4,5,0,5
20,28,7,11,8,8,8,8,10,6,6,0,0,0
20,26,13,4,7,9,6,10,7,5,5,8,0,0
22,28,8,7,8,7,8,11,10,5,6,0,0,0
23,25,11,5,8,10,6,9,6,6,6,5,0,0
30,24,12,0,7,7,7,11,11,6,5,0,0,0
19,29,9,4,8,10,7,10,7,6,7,4,0,0
25,27,11,7,8,6,7,11,9,5,4,0,0,0
16,37,9,8,7,9,5,8,6,5,6,4,0,0
19,37,12,0,7,8,10,10,7,6,4,0,0,0
20,32,9,5,8,7,6,9,8,6,5,0,0,5
