ref,pollster,publisher,fieldwork_start,fieldwork_end,respondents,method,question_type,qid,question,party,party_as_written,seats,pct,undecided_pct,in_model,cec_publish_date
4036,פרויקט המדגם (רוזנר),חדשות 13,2026-07-28,2026-07-29,956,mixed,main,1,"אם הבחירות לכנסת היו מתקיימות היום, לאיזו מפלגה היית מצביע/ה?",כחול לבן,כחול לבן,23,,,0,2026-08-03
4036,פרויקט המדגם (רוזנר),חדשות 13,2026-07-28,2026-07-29,956,mixed,main,1,"אם הבחירות לכנסת היו מתקיימות היום, לאיזו מפלגה היית מצביע/ה?",הליכוד,ליכוד,23,,,0,2026-08-03
4036,פרויקט המדגם (רוזנר),חדשות 13,2026-07-28,2026-07-29,956,mixed,main,1,"אם הבחירות לכנסת היו מתקיימות היום, לאיזו מפלגה היית מצביע/ה?","ש""ס","ש""ס",13,,,0,2026-08-03
4036,פרויקט המדגם (רוזנר),חדשות 13,2026-07-28,2026-07-29,956,mixed,main,1,"אם הבחירות לכנסת היו מתקיימות היום, לאיזו מפלגה היית מצביע/ה?",הציונות הדתית,הציונות הדתית,10,,,0,2026-08-03
4036,פרויקט המדגם (רוזנר),חדשות 13,2026-07-28,2026-07-29,956,mixed,main,1,"אם הבחירות לכנסת היו מתקיימות היום, לאיזו מפלגה היית מצביע/ה?",יהדות התורה,יהדות התורה,9,,,0,2026-08-03
4036,פרויקט המדגם (רוזנר),חדשות 13,2026-07-28,2026-07-29,956,mixed,main,1,"אם הבחירות לכנסת היו מתקיימות היום, לאיזו מפלגה היית מצביע/ה?",הרשימה המשותפת,"חד""ש-תע""ל",9,,,0,2026-08-03
4036,פרויקט המדגם (רוזנר),חדשות 13,2026-07-28,2026-07-29,956,mixed,main,1,"אם הבחירות לכנסת היו מתקיימות היום, לאיזו מפלגה היית מצביע/ה?","רע""ם","רע""ם",8,,,0,2026-08-03
4036,פרויקט המדגם (רוזנר),חדשות 13,2026-07-28,2026-07-29,956,mixed,main,1,"אם הבחירות לכנסת היו מתקיימות היום, לאיזו מפלגה היית מצביע/ה?",ישראל ביתנו,ישראל ביתנו,7,,,0,2026-08-03
4036,פרויקט המדגם (רוזנר),חדשות 13,2026-07-28,2026-07-29,956,mixed,main,1,"אם הבחירות לכנסת היו מתקיימות היום, לאיזו מפלגה היית מצביע/ה?",הדמוקרטים,הדמוקרטים,5,,,0,2026-08-03
4036,פרויקט המדגם (רוזנר),חדשות 13,2026-07-28,2026-07-29,956,mixed,main,1,"אם הבחירות לכנסת היו מתקיימות היום, לאיזו מפלגה היית מצביע/ה?",ביחד,ביחד,5,,,0,2026-08-03
4036,פרויקט המדגם (רוזנר),חדשות 13,2026-07-28,2026-07-29,956,mixed,main,1,"אם הבחירות לכנסת היו מתקיימות היום, לאיזו מפלגה היית מצביע/ה?",אחר,"בל""ד",4,,,0,2026-08-03
4036,פרויקט המדגם (רוזנר),חדשות 13,2026-07-28,2026-07-29,956,mixed,main,1,"אם הבחירות לכנסת היו מתקיימות היום, לאיזו מפלגה היית מצביע/ה?",עוצמה יהודית,עוצמה יהודית,4,,,0,2026-08-03
4036,פרויקט המדגם (רוזנר),חדשות 13,2026-07-28,2026-07-29,956,mixed,main,1,"אם הבחירות לכנסת היו מתקיימות היום, לאיזו מפלגה היית מצביע/ה?",ישר,ישר,,,,0,2026-08-03
4036,פרויקט המדגם (רוזנר),חדשות 13,2026-07-28,2026-07-29,956,mixed,main,1,"אם הבחירות לכנסת היו מתקיימות היום, לאיזו מפלגה היית מצביע/ה?",אחר,יסודות ישראל,,,,0,2026-08-03
4048,פרויקט המדגם (רוזנר),חדשות 13,2026-07-28,2026-07-29,956,mixed,main,1,"אם הבחירות לכנסת היו מתקיימות היום, לאיזו מפלגה היית מצביע/ה?",הליכוד,ליכוד,23,,,1,2026-08-06
4048,פרויקט המדגם (רוזנר),חדשות 13,2026-07-28,2026-07-29,956,mixed,main,1,"אם הבחירות לכנסת היו מתקיימות היום, לאיזו מפלגה היית מצביע/ה?",ישר,ישר,23,,,1,2026-08-06
4048,פרויקט המדגם (רוזנר),חדשות 13,2026-07-28,2026-07-29,956,mixed,main,1,"אם הבחירות לכנסת היו מתקיימות היום, לאיזו מפלגה היית מצביע/ה?",ביחד,ביחד,13,,,1,2026-08-06
4048,פרויקט המדגם (רוזנר),חדשות 13,2026-07-28,2026-07-29,956,mixed,main,1,"אם הבחירות לכנסת היו מתקיימות היום, לאיזו מפלגה היית מצביע/ה?",ישראל ביתנו,ישראל ביתנו,10,,,1,2026-08-06
4048,פרויקט המדגם (רוזנר),חדשות 13,2026-07-28,2026-07-29,956,mixed,main,1,"אם הבחירות לכנסת היו מתקיימות היום, לאיזו מפלגה היית מצביע/ה?",יהדות התורה,יהדות התורה,9,,,1,2026-08-06
4048,פרויקט המדגם (רוזנר),חדשות 13,2026-07-28,2026-07-29,956,mixed,main,1,"אם הבחירות לכנסת היו מתקיימות היום, לאיזו מפלגה היית מצביע/ה?",הדמוקרטים,הדמוקרטים,9,,,1,2026-08-06
4048,פרויקט המדגם (רוזנר),חדשות 13,2026-07-28,2026-07-29,956,mixed,main,1,"אם הבחירות לכנסת היו מתקיימות היום, לאיזו מפלגה היית מצביע/ה?",עוצמה יהודית,עוצמה יהודית,8,,,1,2026-08-06
4048,פרויקט המדגם (רוזנר),חדשות 13,2026-07-28,2026-07-29,956,mixed,main,1,"אם הבחירות לכנסת היו מתקיימות היום, לאיזו מפלגה היית מצביע/ה?","ש""ס","ש""ס",7,,,1,2026-08-06
4048,פרויקט המדגם (רוזנר),חדשות 13,2026-07-28,2026-07-29,956,mixed,main,1,"אם הבחירות לכנסת היו מתקיימות היום, לאיזו מפלגה היית מצביע/ה?","רע""ם","רע""ם",5,,,1,2026-08-06
4048,פרויקט המדגם (רוזנר),חדשות 13,2026-07-28,2026-07-29,956,mixed,main,1,"אם הבחירות לכנסת היו מתקיימות היום, לאיזו מפלגה היית מצביע/ה?",אחר,יסודות ישראל,5,,,1,2026-08-06
4048,פרויקט המדגם (רוזנר),חדשות 13,2026-07-28,2026-07-29,956,mixed,main,1,"אם הבחירות לכנסת היו מתקיימות היום, לאיזו מפלגה היית מצביע/ה?",הציונות הדתית,הציונות הדתית,4,,,1,2026-08-06
4048,פרויקט המדגם (רוזנר),חדשות 13,2026-07-28,2026-07-29,956,mixed,main,1,"אם הבחירות לכנסת היו מתקיימות היום, לאיזו מפלגה היית מצביע/ה?",הרשימה המשותפת,"חד""ש-תע""ל",4,,,1,2026-08-06
4048,פרויקט המדגם (רוזנר),חדשות 13,2026-07-28,2026-07-29,956,mixed,main,1,"אם הבחירות לכנסת היו מתקיימות היום, לאיזו מפלגה היית מצביע/ה?",כחול לבן,כחול לבן,0,,,1,2026-08-06
4048,פרויקט המדגם (רוזנר),חדשות 13,2026-07-28,2026-07-29,956,mixed,main,1,"אם הבחירות לכנסת היו מתקיימות היום, לאיזו מפלגה היית מצביע/ה?",אחר,"בל""ד",0,,,1,2026-08-06
4072,נקסט דאטה,ערוץ 14,2026-07-29,2026-07-29,539,internet,main,1,"תוצאות עיקריות - מנדטים: מפת המנדטים הסופית, כנסת בת 120 מושבים, אחוז חסימה 3.25% (no explicit question wording given)",הליכוד,הליכוד בראשות בנימין נתניהו,32,24.6,,1,2026-08-16
4072,נקסט דאטה,ערוץ 14,2026-07-29,2026-07-29,539,internet,main,1,"תוצאות עיקריות - מנדטים: מפת המנדטים הסופית, כנסת בת 120 מושבים, אחוז חסימה 3.25% (no explicit question wording given)",ישר,ישר בראשות גדי איזנקוט,22,16.9,,1,2026-08-16
4072,נקסט דאטה,ערוץ 14,2026-07-29,2026-07-29,539,internet,main,1,"תוצאות עיקריות - מנדטים: מפת המנדטים הסופית, כנסת בת 120 מושבים, אחוז חסימה 3.25% (no explicit question wording given)","ש""ס","ש""ס בראשות אריה דרעי",10,7.7,,1,2026-08-16
4072,נקסט דאטה,ערוץ 14,2026-07-29,2026-07-29,539,internet,main,1,"תוצאות עיקריות - מנדטים: מפת המנדטים הסופית, כנסת בת 120 מושבים, אחוז חסימה 3.25% (no explicit question wording given)",הדמוקרטים,הדמוקרטים בראשות יאיר גולן,10,7.7,,1,2026-08-16
4072,נקסט דאטה,ערוץ 14,2026-07-29,2026-07-29,539,internet,main,1,"תוצאות עיקריות - מנדטים: מפת המנדטים הסופית, כנסת בת 120 מושבים, אחוז חסימה 3.25% (no explicit question wording given)",יהדות התורה,יהדות התורה,8,6.2,,1,2026-08-16
4072,נקסט דאטה,ערוץ 14,2026-07-29,2026-07-29,539,internet,main,1,"תוצאות עיקריות - מנדטים: מפת המנדטים הסופית, כנסת בת 120 מושבים, אחוז חסימה 3.25% (no explicit question wording given)",ישראל ביתנו,ישראל ביתנו בראשות אביגדור ליברמן,8,6.2,,1,2026-08-16
4072,נקסט דאטה,ערוץ 14,2026-07-29,2026-07-29,539,internet,main,1,"תוצאות עיקריות - מנדטים: מפת המנדטים הסופית, כנסת בת 120 מושבים, אחוז חסימה 3.25% (no explicit question wording given)",עוצמה יהודית,עוצמה יהודית בראשות איתמר בן גביר,7,5.4,,1,2026-08-16
4072,נקסט דאטה,ערוץ 14,2026-07-29,2026-07-29,539,internet,main,1,"תוצאות עיקריות - מנדטים: מפת המנדטים הסופית, כנסת בת 120 מושבים, אחוז חסימה 3.25% (no explicit question wording given)",ביחד,יחד בראשות נפתלי בנט,7,5.4,,1,2026-08-16
4072,נקסט דאטה,ערוץ 14,2026-07-29,2026-07-29,539,internet,main,1,"תוצאות עיקריות - מנדטים: מפת המנדטים הסופית, כנסת בת 120 מושבים, אחוז חסימה 3.25% (no explicit question wording given)",הרשימה המשותפת,"חד""ש-תע""ל",6,4.6,,1,2026-08-16
4072,נקסט דאטה,ערוץ 14,2026-07-29,2026-07-29,539,internet,main,1,"תוצאות עיקריות - מנדטים: מפת המנדטים הסופית, כנסת בת 120 מושבים, אחוז חסימה 3.25% (no explicit question wording given)",הציונות הדתית,הציונות הדתית בראשות בצלאל סמוטריץ',5,3.9,,1,2026-08-16
4072,נקסט דאטה,ערוץ 14,2026-07-29,2026-07-29,539,internet,main,1,"תוצאות עיקריות - מנדטים: מפת המנדטים הסופית, כנסת בת 120 מושבים, אחוז חסימה 3.25% (no explicit question wording given)","רע""ם","רע""מ בראשות מנסור עבאס",5,3.9,,1,2026-08-16
4072,נקסט דאטה,ערוץ 14,2026-07-29,2026-07-29,539,internet,main,1,"תוצאות עיקריות - מנדטים: מפת המנדטים הסופית, כנסת בת 120 מושבים, אחוז חסימה 3.25% (no explicit question wording given)",אחר,"בל""ד",0,2.1,,1,2026-08-16
4072,נקסט דאטה,ערוץ 14,2026-07-29,2026-07-29,539,internet,main,1,"תוצאות עיקריות - מנדטים: מפת המנדטים הסופית, כנסת בת 120 מושבים, אחוז חסימה 3.25% (no explicit question wording given)",בית ציוני,מפלגה בראשות יועז הנדל וחילי טרופר,0,2.1,,1,2026-08-16
4072,נקסט דאטה,ערוץ 14,2026-07-29,2026-07-29,539,internet,main,1,"תוצאות עיקריות - מנדטים: מפת המנדטים הסופית, כנסת בת 120 מושבים, אחוז חסימה 3.25% (no explicit question wording given)",זהות,זהות בראשות משה פייגלין,0,1.3,,1,2026-08-16
4072,נקסט דאטה,ערוץ 14,2026-07-29,2026-07-29,539,internet,main,1,"תוצאות עיקריות - מנדטים: מפת המנדטים הסופית, כנסת בת 120 מושבים, אחוז חסימה 3.25% (no explicit question wording given)",כחול לבן,כחול לבן בראשות בני גנץ,0,1.1,,1,2026-08-16
4072,נקסט דאטה,ערוץ 14,2026-07-29,2026-07-29,539,internet,main,1,"תוצאות עיקריות - מנדטים: מפת המנדטים הסופית, כנסת בת 120 מושבים, אחוז חסימה 3.25% (no explicit question wording given)",עמך ישראל,מפלגה בראשות עופר וינטר,0,1.1,,1,2026-08-16
4072,נקסט דאטה,ערוץ 14,2026-07-29,2026-07-29,539,internet,main,1,"תוצאות עיקריות - מנדטים: מפת המנדטים הסופית, כנסת בת 120 מושבים, אחוז חסימה 3.25% (no explicit question wording given)",האחדות,"מפלגה בראשות גלעד ארדן, איילת שקד ויולי אדלשטיין",0,0.9,,1,2026-08-16
4042,טאטיקה,זמן ישראל,2026-07-29,2026-07-30,500,mixed,main,1,"אם הבחירות היו מתקיימות היום, וכל המפלגות הקיימות היו מתמודדות בנפרד, למי היית מצביע/ה?",ישר,ישר בראשות גדי אייזנקוט,21,18.0,,1,2026-08-04
4042,טאטיקה,זמן ישראל,2026-07-29,2026-07-30,500,mixed,main,1,"אם הבחירות היו מתקיימות היום, וכל המפלגות הקיימות היו מתמודדות בנפרד, למי היית מצביע/ה?",הליכוד,הליכוד,20,16.4,,1,2026-08-04
4042,טאטיקה,זמן ישראל,2026-07-29,2026-07-30,500,mixed,main,1,"אם הבחירות היו מתקיימות היום, וכל המפלגות הקיימות היו מתמודדות בנפרד, למי היית מצביע/ה?",ביחד,ביחד בראשות נפתלי בנט,13,10.6,,1,2026-08-04
4042,טאטיקה,זמן ישראל,2026-07-29,2026-07-30,500,mixed,main,1,"אם הבחירות היו מתקיימות היום, וכל המפלגות הקיימות היו מתמודדות בנפרד, למי היית מצביע/ה?",ישראל ביתנו,ישראל ביתנו,10,8.2,,1,2026-08-04
4042,טאטיקה,זמן ישראל,2026-07-29,2026-07-30,500,mixed,main,1,"אם הבחירות היו מתקיימות היום, וכל המפלגות הקיימות היו מתמודדות בנפרד, למי היית מצביע/ה?",הדמוקרטים,הדמוקרטים,8,6.6,,1,2026-08-04
4042,טאטיקה,זמן ישראל,2026-07-29,2026-07-30,500,mixed,main,1,"אם הבחירות היו מתקיימות היום, וכל המפלגות הקיימות היו מתמודדות בנפרד, למי היית מצביע/ה?","ש""ס","ש""ס",8,6.6,,1,2026-08-04
4042,טאטיקה,זמן ישראל,2026-07-29,2026-07-30,500,mixed,main,1,"אם הבחירות היו מתקיימות היום, וכל המפלגות הקיימות היו מתמודדות בנפרד, למי היית מצביע/ה?",יהדות התורה,יהדות התורה,8,6.6,,1,2026-08-04
4042,טאטיקה,זמן ישראל,2026-07-29,2026-07-30,500,mixed,main,1,"אם הבחירות היו מתקיימות היום, וכל המפלגות הקיימות היו מתמודדות בנפרד, למי היית מצביע/ה?",עוצמה יהודית,עוצמה יהודית,7,5.8,,1,2026-08-04
4042,טאטיקה,זמן ישראל,2026-07-29,2026-07-30,500,mixed,main,1,"אם הבחירות היו מתקיימות היום, וכל המפלגות הקיימות היו מתמודדות בנפרד, למי היית מצביע/ה?",הרשימה המשותפת,"חד""ש תע""ל בל""ד",6,5.0,,1,2026-08-04
4042,טאטיקה,זמן ישראל,2026-07-29,2026-07-30,500,mixed,main,1,"אם הבחירות היו מתקיימות היום, וכל המפלגות הקיימות היו מתמודדות בנפרד, למי היית מצביע/ה?",הציונות הדתית,הציונות הדתית,6,5.0,,1,2026-08-04
4042,טאטיקה,זמן ישראל,2026-07-29,2026-07-30,500,mixed,main,1,"אם הבחירות היו מתקיימות היום, וכל המפלגות הקיימות היו מתמודדות בנפרד, למי היית מצביע/ה?","רע""ם","רע""ם",5,4.4,,1,2026-08-04
4042,טאטיקה,זמן ישראל,2026-07-29,2026-07-30,500,mixed,main,1,"אם הבחירות היו מתקיימות היום, וכל המפלגות הקיימות היו מתמודדות בנפרד, למי היית מצביע/ה?",בית ציוני,בית ציוני בהובלת יועז הנדל וחילי טרופר,4,3.4,,1,2026-08-04
4042,טאטיקה,זמן ישראל,2026-07-29,2026-07-30,500,mixed,main,1,"אם הבחירות היו מתקיימות היום, וכל המפלגות הקיימות היו מתמודדות בנפרד, למי היית מצביע/ה?",כחול לבן,כחול לבן בהובלת בני גנץ ודדי שמחי,4,3.4,,1,2026-08-04
4042,טאטיקה,זמן ישראל,2026-07-29,2026-07-30,500,mixed,scenario,2,אם הבחירות היו נערכות היום וגלעד ארדן היה מקים מפלגת ימין ממלכתי חדשה בראשותו יחד עם יולי אדלשטיין למי היית מצביע?,ישר,ישר בראשות גדי אייזנקוט,23,18.0,,1,2026-08-04
4042,טאטיקה,זמן ישראל,2026-07-29,2026-07-30,500,mixed,scenario,2,אם הבחירות היו נערכות היום וגלעד ארדן היה מקים מפלגת ימין ממלכתי חדשה בראשותו יחד עם יולי אדלשטיין למי היית מצביע?,הליכוד,הליכוד,20,15.8,,1,2026-08-04
4042,טאטיקה,זמן ישראל,2026-07-29,2026-07-30,500,mixed,scenario,2,אם הבחירות היו נערכות היום וגלעד ארדן היה מקים מפלגת ימין ממלכתי חדשה בראשותו יחד עם יולי אדלשטיין למי היית מצביע?,ביחד,ביחד בראשות נפתלי בנט,14,10.6,,1,2026-08-04
4042,טאטיקה,זמן ישראל,2026-07-29,2026-07-30,500,mixed,scenario,2,אם הבחירות היו נערכות היום וגלעד ארדן היה מקים מפלגת ימין ממלכתי חדשה בראשותו יחד עם יולי אדלשטיין למי היית מצביע?,ישראל ביתנו,ישראל ביתנו,10,7.6,,1,2026-08-04
4042,טאטיקה,זמן ישראל,2026-07-29,2026-07-30,500,mixed,scenario,2,אם הבחירות היו נערכות היום וגלעד ארדן היה מקים מפלגת ימין ממלכתי חדשה בראשותו יחד עם יולי אדלשטיין למי היית מצביע?,הדמוקרטים,הדמוקרטים,8,6.6,,1,2026-08-04
4042,טאטיקה,זמן ישראל,2026-07-29,2026-07-30,500,mixed,scenario,2,אם הבחירות היו נערכות היום וגלעד ארדן היה מקים מפלגת ימין ממלכתי חדשה בראשותו יחד עם יולי אדלשטיין למי היית מצביע?,"ש""ס","ש""ס",8,6.6,,1,2026-08-04
4042,טאטיקה,זמן ישראל,2026-07-29,2026-07-30,500,mixed,scenario,2,אם הבחירות היו נערכות היום וגלעד ארדן היה מקים מפלגת ימין ממלכתי חדשה בראשותו יחד עם יולי אדלשטיין למי היית מצביע?,יהדות התורה,יהדות התורה,8,6.4,,1,2026-08-04
4042,טאטיקה,זמן ישראל,2026-07-29,2026-07-30,500,mixed,scenario,2,אם הבחירות היו נערכות היום וגלעד ארדן היה מקים מפלגת ימין ממלכתי חדשה בראשותו יחד עם יולי אדלשטיין למי היית מצביע?,עוצמה יהודית,עוצמה יהודית,7,5.8,,1,2026-08-04
4042,טאטיקה,זמן ישראל,2026-07-29,2026-07-30,500,mixed,scenario,2,אם הבחירות היו נערכות היום וגלעד ארדן היה מקים מפלגת ימין ממלכתי חדשה בראשותו יחד עם יולי אדלשטיין למי היית מצביע?,הרשימה המשותפת,"חד""ש תע""ל בל""ד",6,5.0,,1,2026-08-04
4042,טאטיקה,זמן ישראל,2026-07-29,2026-07-30,500,mixed,scenario,2,אם הבחירות היו נערכות היום וגלעד ארדן היה מקים מפלגת ימין ממלכתי חדשה בראשותו יחד עם יולי אדלשטיין למי היית מצביע?,הציונות הדתית,הציונות הדתית,6,4.6,,1,2026-08-04
4042,טאטיקה,זמן ישראל,2026-07-29,2026-07-30,500,mixed,scenario,2,אם הבחירות היו נערכות היום וגלעד ארדן היה מקים מפלגת ימין ממלכתי חדשה בראשותו יחד עם יולי אדלשטיין למי היית מצביע?,"רע""ם","רע""ם",5,4.4,,1,2026-08-04
4042,טאטיקה,זמן ישראל,2026-07-29,2026-07-30,500,mixed,scenario,2,אם הבחירות היו נערכות היום וגלעד ארדן היה מקים מפלגת ימין ממלכתי חדשה בראשותו יחד עם יולי אדלשטיין למי היית מצביע?,האחדות,מפלגה בהובלת גלעד ארדן ויולי אדלשטיין,5,4.0,,1,2026-08-04
4042,טאטיקה,זמן ישראל,2026-07-29,2026-07-30,500,mixed,scenario,2,אם הבחירות היו נערכות היום וגלעד ארדן היה מקים מפלגת ימין ממלכתי חדשה בראשותו יחד עם יולי אדלשטיין למי היית מצביע?,בית ציוני,בית ציוני בהובלת יועז הנדל וחילי טרופר,0,2.4,,1,2026-08-04
4042,טאטיקה,זמן ישראל,2026-07-29,2026-07-30,500,mixed,scenario,2,אם הבחירות היו נערכות היום וגלעד ארדן היה מקים מפלגת ימין ממלכתי חדשה בראשותו יחד עם יולי אדלשטיין למי היית מצביע?,כחול לבן,כחול לבן בהובלת בני גנץ ודדי שמחי,0,2.2,,1,2026-08-04
4054,לזר מחקרים,מעריב,2026-07-29,2026-07-30,501,internet,main,1,"אם היו מתקיימות היום בחירות לכנסת, לאיזו מפלגה היית מצביע?",ישר,ישר! עם איזנקוט בראשות גדי איזנקוט,23,18.0,,1,2026-08-10
4054,לזר מחקרים,מעריב,2026-07-29,2026-07-30,501,internet,main,1,"אם היו מתקיימות היום בחירות לכנסת, לאיזו מפלגה היית מצביע?",הליכוד,הליכוד בראשות בנימין נתניהו,22,17.8,,1,2026-08-10
4054,לזר מחקרים,מעריב,2026-07-29,2026-07-30,501,internet,main,1,"אם היו מתקיימות היום בחירות לכנסת, לאיזו מפלגה היית מצביע?",ביחד,ביחד - בראשות נפתלי בנט,15,11.5,,1,2026-08-10
4054,לזר מחקרים,מעריב,2026-07-29,2026-07-30,501,internet,main,1,"אם היו מתקיימות היום בחירות לכנסת, לאיזו מפלגה היית מצביע?",ישראל ביתנו,ישראל ביתנו בראשות אביגדור ליברמן,10,7.6,,1,2026-08-10
4054,לזר מחקרים,מעריב,2026-07-29,2026-07-30,501,internet,main,1,"אם היו מתקיימות היום בחירות לכנסת, לאיזו מפלגה היית מצביע?",הדמוקרטים,הדמוקרטים בראשות יאיר גולן,9,7.3,,1,2026-08-10
4054,לזר מחקרים,מעריב,2026-07-29,2026-07-30,501,internet,main,1,"אם היו מתקיימות היום בחירות לכנסת, לאיזו מפלגה היית מצביע?",יהדות התורה,יהדות התורה בראשות יצחק גולדקנופף,8,6.1,,1,2026-08-10
4054,לזר מחקרים,מעריב,2026-07-29,2026-07-30,501,internet,main,1,"אם היו מתקיימות היום בחירות לכנסת, לאיזו מפלגה היית מצביע?",עוצמה יהודית,עוצמה יהודית בראשות איתמר בן גביר,7,5.1,,1,2026-08-10
4054,לזר מחקרים,מעריב,2026-07-29,2026-07-30,501,internet,main,1,"אם היו מתקיימות היום בחירות לכנסת, לאיזו מפלגה היית מצביע?","ש""ס",שס בראשות אריה דרעי,7,5.4,,1,2026-08-10
4054,לזר מחקרים,מעריב,2026-07-29,2026-07-30,501,internet,main,1,"אם היו מתקיימות היום בחירות לכנסת, לאיזו מפלגה היית מצביע?",הרשימה המשותפת,חדש תעל,5,3.9,,1,2026-08-10
4054,לזר מחקרים,מעריב,2026-07-29,2026-07-30,501,internet,main,1,"אם היו מתקיימות היום בחירות לכנסת, לאיזו מפלגה היית מצביע?","רע""ם",רעמ בראשות דר מנסור עבאס,5,3.8,,1,2026-08-10
4054,לזר מחקרים,מעריב,2026-07-29,2026-07-30,501,internet,main,1,"אם היו מתקיימות היום בחירות לכנסת, לאיזו מפלגה היית מצביע?",הציונות הדתית,הציונות הדתית בראשות סמוטריץ,5,4.1,,1,2026-08-10
4054,לזר מחקרים,מעריב,2026-07-29,2026-07-30,501,internet,main,1,"אם היו מתקיימות היום בחירות לכנסת, לאיזו מפלגה היית מצביע?",בית ציוני,בית ציוני בראשות חילי טרופר ויועז הנדל,4,3.4,,1,2026-08-10
4054,לזר מחקרים,מעריב,2026-07-29,2026-07-30,501,internet,main,1,"אם היו מתקיימות היום בחירות לכנסת, לאיזו מפלגה היית מצביע?",אחר,"בל""ד בראשות סמי אבו שחאדה",0,0.7,,1,2026-08-10
4054,לזר מחקרים,מעריב,2026-07-29,2026-07-30,501,internet,main,1,"אם היו מתקיימות היום בחירות לכנסת, לאיזו מפלגה היית מצביע?",כחול לבן,כחול לבן בראשות בני גנץ,0,0.8,,1,2026-08-10
4054,לזר מחקרים,מעריב,2026-07-29,2026-07-30,501,internet,scenario,2,"אם לקראת הבחירות לכנסת תקום מפלגה חדשה בראשות בני גנץ, איילת שקד, יולי אדלשטיין ודדי שמחי, שאר המפלגות ללא שינוי למי תצביע?",הליכוד,הליכוד בראשות בנימין נתניהו,22,17.9,,1,2026-08-10
4054,לזר מחקרים,מעריב,2026-07-29,2026-07-30,501,internet,scenario,2,"אם לקראת הבחירות לכנסת תקום מפלגה חדשה בראשות בני גנץ, איילת שקד, יולי אדלשטיין ודדי שמחי, שאר המפלגות ללא שינוי למי תצביע?",ישר,ישר! עם איזנקוט בראשות גדי איזנקוט,22,17.6,,1,2026-08-10
4054,לזר מחקרים,מעריב,2026-07-29,2026-07-30,501,internet,scenario,2,"אם לקראת הבחירות לכנסת תקום מפלגה חדשה בראשות בני גנץ, איילת שקד, יולי אדלשטיין ודדי שמחי, שאר המפלגות ללא שינוי למי תצביע?",ביחד,מפלגת ביחד - בראשות נפתלי בנט,15,11.3,,1,2026-08-10
4054,לזר מחקרים,מעריב,2026-07-29,2026-07-30,501,internet,scenario,2,"אם לקראת הבחירות לכנסת תקום מפלגה חדשה בראשות בני גנץ, איילת שקד, יולי אדלשטיין ודדי שמחי, שאר המפלגות ללא שינוי למי תצביע?",ישראל ביתנו,ישראל ביתנו בראשות אביגדור ליברמן,10,7.2,,1,2026-08-10
4054,לזר מחקרים,מעריב,2026-07-29,2026-07-30,501,internet,scenario,2,"אם לקראת הבחירות לכנסת תקום מפלגה חדשה בראשות בני גנץ, איילת שקד, יולי אדלשטיין ודדי שמחי, שאר המפלגות ללא שינוי למי תצביע?",הדמוקרטים,הדמוקרטים בראשות יאיר גולן,9,7.3,,1,2026-08-10
4054,לזר מחקרים,מעריב,2026-07-29,2026-07-30,501,internet,scenario,2,"אם לקראת הבחירות לכנסת תקום מפלגה חדשה בראשות בני גנץ, איילת שקד, יולי אדלשטיין ודדי שמחי, שאר המפלגות ללא שינוי למי תצביע?",עוצמה יהודית,עוצמה יהודית בראשות איתמר בן גביר,8,6.2,,1,2026-08-10
4054,לזר מחקרים,מעריב,2026-07-29,2026-07-30,501,internet,scenario,2,"אם לקראת הבחירות לכנסת תקום מפלגה חדשה בראשות בני גנץ, איילת שקד, יולי אדלשטיין ודדי שמחי, שאר המפלגות ללא שינוי למי תצביע?",יהדות התורה,יהדות התורה בראשות יצחק גולדקנופף,8,6.3,,1,2026-08-10
4054,לזר מחקרים,מעריב,2026-07-29,2026-07-30,501,internet,scenario,2,"אם לקראת הבחירות לכנסת תקום מפלגה חדשה בראשות בני גנץ, איילת שקד, יולי אדלשטיין ודדי שמחי, שאר המפלגות ללא שינוי למי תצביע?","ש""ס",שס בראשות אריה דרעי,7,5.3,,1,2026-08-10
4054,לזר מחקרים,מעריב,2026-07-29,2026-07-30,501,internet,scenario,2,"אם לקראת הבחירות לכנסת תקום מפלגה חדשה בראשות בני גנץ, איילת שקד, יולי אדלשטיין ודדי שמחי, שאר המפלגות ללא שינוי למי תצביע?",הציונות הדתית,הציונות הדתית בראשות סמוטריץ,5,4.0,,1,2026-08-10
4054,לזר מחקרים,מעריב,2026-07-29,2026-07-30,501,internet,scenario,2,"אם לקראת הבחירות לכנסת תקום מפלגה חדשה בראשות בני גנץ, איילת שקד, יולי אדלשטיין ודדי שמחי, שאר המפלגות ללא שינוי למי תצביע?","רע""ם",רעמ בראשות דר מנסור עבאס,5,3.8,,1,2026-08-10
4054,לזר מחקרים,מעריב,2026-07-29,2026-07-30,501,internet,scenario,2,"אם לקראת הבחירות לכנסת תקום מפלגה חדשה בראשות בני גנץ, איילת שקד, יולי אדלשטיין ודדי שמחי, שאר המפלגות ללא שינוי למי תצביע?",הרשימה המשותפת,חדש תעל,5,4.0,,1,2026-08-10
4054,לזר מחקרים,מעריב,2026-07-29,2026-07-30,501,internet,scenario,2,"אם לקראת הבחירות לכנסת תקום מפלגה חדשה בראשות בני גנץ, איילת שקד, יולי אדלשטיין ודדי שמחי, שאר המפלגות ללא שינוי למי תצביע?",כחול לבן,"מפלגה חדשה בראשות בני גנץ, איילת שקד, יולי אדלשטיין ודדי שמחי",4,3.8,,1,2026-08-10
4054,לזר מחקרים,מעריב,2026-07-29,2026-07-30,501,internet,scenario,2,"אם לקראת הבחירות לכנסת תקום מפלגה חדשה בראשות בני גנץ, איילת שקד, יולי אדלשטיין ודדי שמחי, שאר המפלגות ללא שינוי למי תצביע?",בית ציוני,בית ציוני בראשות חילי טרופר ויועז הנדל,0,2.4,,1,2026-08-10
4054,לזר מחקרים,מעריב,2026-07-29,2026-07-30,501,internet,scenario,2,"אם לקראת הבחירות לכנסת תקום מפלגה חדשה בראשות בני גנץ, איילת שקד, יולי אדלשטיין ודדי שמחי, שאר המפלגות ללא שינוי למי תצביע?",אחר,"בל""ד בראשות סמי אבו שחאדה",0,0.9,,1,2026-08-10
4040,קנטאר,כאן 11,2026-08-02,2026-08-02,551,internet,main,1,"אילו היו מתקיימות היום הבחירות לכנסת, והמפלגות המתמודדות יהיו המפלגות הבאות עם ראשי המפלגות שברשימה בפניך, עבור איזו מפלגה היית מצביע? - חישוב המנדטים - מצב נוכחי",הליכוד,הליכוד בראשות בנימין נתניהו,23,18.4,,1,2026-08-03
4040,קנטאר,כאן 11,2026-08-02,2026-08-02,551,internet,main,1,"אילו היו מתקיימות היום הבחירות לכנסת, והמפלגות המתמודדות יהיו המפלגות הבאות עם ראשי המפלגות שברשימה בפניך, עבור איזו מפלגה היית מצביע? - חישוב המנדטים - מצב נוכחי",ישר,מפלגת ישר! בראשות גדי איזנקוט,23,18.3,,1,2026-08-03
4040,קנטאר,כאן 11,2026-08-02,2026-08-02,551,internet,main,1,"אילו היו מתקיימות היום הבחירות לכנסת, והמפלגות המתמודדות יהיו המפלגות הבאות עם ראשי המפלגות שברשימה בפניך, עבור איזו מפלגה היית מצביע? - חישוב המנדטים - מצב נוכחי",ביחד,ביחד בראשות נפתלי בנט,13,10.5,,1,2026-08-03
4040,קנטאר,כאן 11,2026-08-02,2026-08-02,551,internet,main,1,"אילו היו מתקיימות היום הבחירות לכנסת, והמפלגות המתמודדות יהיו המפלגות הבאות עם ראשי המפלגות שברשימה בפניך, עבור איזו מפלגה היית מצביע? - חישוב המנדטים - מצב נוכחי",עוצמה יהודית,עוצמה יהודית בראשות איתמר בן גביר,9,7.2,,1,2026-08-03
4040,קנטאר,כאן 11,2026-08-02,2026-08-02,551,internet,main,1,"אילו היו מתקיימות היום הבחירות לכנסת, והמפלגות המתמודדות יהיו המפלגות הבאות עם ראשי המפלגות שברשימה בפניך, עבור איזו מפלגה היית מצביע? - חישוב המנדטים - מצב נוכחי",ישראל ביתנו,ישראל ביתנו בראשות אביגדור ליברמן,9,7.2,,1,2026-08-03
4040,קנטאר,כאן 11,2026-08-02,2026-08-02,551,internet,main,1,"אילו היו מתקיימות היום הבחירות לכנסת, והמפלגות המתמודדות יהיו המפלגות הבאות עם ראשי המפלגות שברשימה בפניך, עבור איזו מפלגה היית מצביע? - חישוב המנדטים - מצב נוכחי",הדמוקרטים,מפלגת הדמוקרטים בראשות יאיר גולן,8,6.4,,1,2026-08-03
4040,קנטאר,כאן 11,2026-08-02,2026-08-02,551,internet,main,1,"אילו היו מתקיימות היום הבחירות לכנסת, והמפלגות המתמודדות יהיו המפלגות הבאות עם ראשי המפלגות שברשימה בפניך, עבור איזו מפלגה היית מצביע? - חישוב המנדטים - מצב נוכחי","ש""ס","ש""ס בראשות אריה דרעי",8,6.4,,1,2026-08-03
4040,קנטאר,כאן 11,2026-08-02,2026-08-02,551,internet,main,1,"אילו היו מתקיימות היום הבחירות לכנסת, והמפלגות המתמודדות יהיו המפלגות הבאות עם ראשי המפלגות שברשימה בפניך, עבור איזו מפלגה היית מצביע? - חישוב המנדטים - מצב נוכחי",יהדות התורה,יהדות התורה בראשות יצחק גולדקנופף,8,6.4,,1,2026-08-03
4040,קנטאר,כאן 11,2026-08-02,2026-08-02,551,internet,main,1,"אילו היו מתקיימות היום הבחירות לכנסת, והמפלגות המתמודדות יהיו המפלגות הבאות עם ראשי המפלגות שברשימה בפניך, עבור איזו מפלגה היית מצביע? - חישוב המנדטים - מצב נוכחי",הרשימה המשותפת,"חד""ש-תע""ל בראשות יוסף ג'אברין ואחמד טיבי",6,4.8,,1,2026-08-03
4040,קנטאר,כאן 11,2026-08-02,2026-08-02,551,internet,main,1,"אילו היו מתקיימות היום הבחירות לכנסת, והמפלגות המתמודדות יהיו המפלגות הבאות עם ראשי המפלגות שברשימה בפניך, עבור איזו מפלגה היית מצביע? - חישוב המנדטים - מצב נוכחי","רע""ם","רע""ם בראשות מנסור עבאס",5,4.0,,1,2026-08-03
4040,קנטאר,כאן 11,2026-08-02,2026-08-02,551,internet,main,1,"אילו היו מתקיימות היום הבחירות לכנסת, והמפלגות המתמודדות יהיו המפלגות הבאות עם ראשי המפלגות שברשימה בפניך, עבור איזו מפלגה היית מצביע? - חישוב המנדטים - מצב נוכחי",בית ציוני,בית ציוני-המילואימניקים בראשות חילי טרופר ויועז הנדל,4,3.3,,1,2026-08-03
4040,קנטאר,כאן 11,2026-08-02,2026-08-02,551,internet,main,1,"אילו היו מתקיימות היום הבחירות לכנסת, והמפלגות המתמודדות יהיו המפלגות הבאות עם ראשי המפלגות שברשימה בפניך, עבור איזו מפלגה היית מצביע? - חישוב המנדטים - מצב נוכחי",הציונות הדתית,הציונות הדתית בראשות בצלאל סמוטריץ',4,3.3,,1,2026-08-03
4040,קנטאר,כאן 11,2026-08-02,2026-08-02,551,internet,main,1,"אילו היו מתקיימות היום הבחירות לכנסת, והמפלגות המתמודדות יהיו המפלגות הבאות עם ראשי המפלגות שברשימה בפניך, עבור איזו מפלגה היית מצביע? - חישוב המנדטים - מצב נוכחי",כחול לבן,איחוד של בני גנץ (כחול לבן) ודדי שמחי,0,1.4,,1,2026-08-03
4040,קנטאר,כאן 11,2026-08-02,2026-08-02,551,internet,main,1,"אילו היו מתקיימות היום הבחירות לכנסת, והמפלגות המתמודדות יהיו המפלגות הבאות עם ראשי המפלגות שברשימה בפניך, עבור איזו מפלגה היית מצביע? - חישוב המנדטים - מצב נוכחי",אחר,"בל""ד בראשות סמי אבו שחאדה",0,2.2,,1,2026-08-03
4040,קנטאר,כאן 11,2026-08-02,2026-08-02,551,internet,scenario,2,סיטואציה חדשה א': אם ירוצו שתי מפלגות חדשות: (1) מפלגת ימין חדשה בראשות גלעד ארדן ויולי אדלשטיין (2) מפלגת ימין חדשה בראשות עופר וינטר,הליכוד,הליכוד בראשות בנימין נתניהו,23,17.3,,1,2026-08-03
4040,קנטאר,כאן 11,2026-08-02,2026-08-02,551,internet,scenario,2,סיטואציה חדשה א': אם ירוצו שתי מפלגות חדשות: (1) מפלגת ימין חדשה בראשות גלעד ארדן ויולי אדלשטיין (2) מפלגת ימין חדשה בראשות עופר וינטר,ישר,מפלגת ישר! בראשות גדי איזנקוט,23,17.3,,1,2026-08-03
4040,קנטאר,כאן 11,2026-08-02,2026-08-02,551,internet,scenario,2,סיטואציה חדשה א': אם ירוצו שתי מפלגות חדשות: (1) מפלגת ימין חדשה בראשות גלעד ארדן ויולי אדלשטיין (2) מפלגת ימין חדשה בראשות עופר וינטר,ביחד,ביחד בראשות נפתלי בנט,13,9.7,,1,2026-08-03
4040,קנטאר,כאן 11,2026-08-02,2026-08-02,551,internet,scenario,2,סיטואציה חדשה א': אם ירוצו שתי מפלגות חדשות: (1) מפלגת ימין חדשה בראשות גלעד ארדן ויולי אדלשטיין (2) מפלגת ימין חדשה בראשות עופר וינטר,הדמוקרטים,מפלגת הדמוקרטים בראשות יאיר גולן,9,6.8,,1,2026-08-03
4040,קנטאר,כאן 11,2026-08-02,2026-08-02,551,internet,scenario,2,סיטואציה חדשה א': אם ירוצו שתי מפלגות חדשות: (1) מפלגת ימין חדשה בראשות גלעד ארדן ויולי אדלשטיין (2) מפלגת ימין חדשה בראשות עופר וינטר,ישראל ביתנו,ישראל ביתנו בראשות אביגדור ליברמן,9,6.7,,1,2026-08-03
4040,קנטאר,כאן 11,2026-08-02,2026-08-02,551,internet,scenario,2,סיטואציה חדשה א': אם ירוצו שתי מפלגות חדשות: (1) מפלגת ימין חדשה בראשות גלעד ארדן ויולי אדלשטיין (2) מפלגת ימין חדשה בראשות עופר וינטר,עוצמה יהודית,עוצמה יהודית בראשות איתמר בן גביר,8,6.1,,1,2026-08-03
4040,קנטאר,כאן 11,2026-08-02,2026-08-02,551,internet,scenario,2,סיטואציה חדשה א': אם ירוצו שתי מפלגות חדשות: (1) מפלגת ימין חדשה בראשות גלעד ארדן ויולי אדלשטיין (2) מפלגת ימין חדשה בראשות עופר וינטר,"ש""ס","ש""ס בראשות אריה דרעי",8,6.1,,1,2026-08-03
4040,קנטאר,כאן 11,2026-08-02,2026-08-02,551,internet,scenario,2,סיטואציה חדשה א': אם ירוצו שתי מפלגות חדשות: (1) מפלגת ימין חדשה בראשות גלעד ארדן ויולי אדלשטיין (2) מפלגת ימין חדשה בראשות עופר וינטר,יהדות התורה,יהדות התורה בראשות יצחק גולדקנופף,8,6.0,,1,2026-08-03
4040,קנטאר,כאן 11,2026-08-02,2026-08-02,551,internet,scenario,2,סיטואציה חדשה א': אם ירוצו שתי מפלגות חדשות: (1) מפלגת ימין חדשה בראשות גלעד ארדן ויולי אדלשטיין (2) מפלגת ימין חדשה בראשות עופר וינטר,הרשימה המשותפת,"חד""ש-תע""ל בראשות יוסף ג'אברין ואחמד טיבי",6,4.5,,1,2026-08-03
4040,קנטאר,כאן 11,2026-08-02,2026-08-02,551,internet,scenario,2,סיטואציה חדשה א': אם ירוצו שתי מפלגות חדשות: (1) מפלגת ימין חדשה בראשות גלעד ארדן ויולי אדלשטיין (2) מפלגת ימין חדשה בראשות עופר וינטר,"רע""ם","רע""ם בראשות מנסור עבאס",5,3.8,,1,2026-08-03
4040,קנטאר,כאן 11,2026-08-02,2026-08-02,551,internet,scenario,2,סיטואציה חדשה א': אם ירוצו שתי מפלגות חדשות: (1) מפלגת ימין חדשה בראשות גלעד ארדן ויולי אדלשטיין (2) מפלגת ימין חדשה בראשות עופר וינטר,הציונות הדתית,הציונות הדתית בראשות בצלאל סמוטריץ',4,3.3,,1,2026-08-03
4040,קנטאר,כאן 11,2026-08-02,2026-08-02,551,internet,scenario,2,סיטואציה חדשה א': אם ירוצו שתי מפלגות חדשות: (1) מפלגת ימין חדשה בראשות גלעד ארדן ויולי אדלשטיין (2) מפלגת ימין חדשה בראשות עופר וינטר,בית ציוני,בית ציוני-המילואימניקים בראשות חילי טרופר ויועז הנדל,4,3.3,,1,2026-08-03
4040,קנטאר,כאן 11,2026-08-02,2026-08-02,551,internet,scenario,2,סיטואציה חדשה א': אם ירוצו שתי מפלגות חדשות: (1) מפלגת ימין חדשה בראשות גלעד ארדן ויולי אדלשטיין (2) מפלגת ימין חדשה בראשות עופר וינטר,כחול לבן,איחוד של בני גנץ (כחול לבן) ודדי שמחי,0,1.2,,1,2026-08-03
4040,קנטאר,כאן 11,2026-08-02,2026-08-02,551,internet,scenario,2,סיטואציה חדשה א': אם ירוצו שתי מפלגות חדשות: (1) מפלגת ימין חדשה בראשות גלעד ארדן ויולי אדלשטיין (2) מפלגת ימין חדשה בראשות עופר וינטר,עמך ישראל,מפלגת ימין חדשה בראשות עופר וינטר,0,3.0,,1,2026-08-03
4040,קנטאר,כאן 11,2026-08-02,2026-08-02,551,internet,scenario,2,סיטואציה חדשה א': אם ירוצו שתי מפלגות חדשות: (1) מפלגת ימין חדשה בראשות גלעד ארדן ויולי אדלשטיין (2) מפלגת ימין חדשה בראשות עופר וינטר,האחדות,מפלגת ימין חדשה בראשות גלעד ארדן ויולי אדלשטיין,0,2.8,,1,2026-08-03
4040,קנטאר,כאן 11,2026-08-02,2026-08-02,551,internet,scenario,2,סיטואציה חדשה א': אם ירוצו שתי מפלגות חדשות: (1) מפלגת ימין חדשה בראשות גלעד ארדן ויולי אדלשטיין (2) מפלגת ימין חדשה בראשות עופר וינטר,אחר,"בל""ד בראשות סמי אבו שחאדה",0,2.2,,1,2026-08-03
4040,קנטאר,כאן 11,2026-08-02,2026-08-02,551,internet,scenario,3,"סיטואציה חדשה ב': יואב סיגלוביץ יצטרף למפלגת רע""ם בראשות מנסור עבאס",הליכוד,הליכוד בראשות בנימין נתניהו,23,18.4,,1,2026-08-03
4040,קנטאר,כאן 11,2026-08-02,2026-08-02,551,internet,scenario,3,"סיטואציה חדשה ב': יואב סיגלוביץ יצטרף למפלגת רע""ם בראשות מנסור עבאס",ישר,מפלגת ישר! בראשות גדי איזנקוט,23,18.4,,1,2026-08-03
4040,קנטאר,כאן 11,2026-08-02,2026-08-02,551,internet,scenario,3,"סיטואציה חדשה ב': יואב סיגלוביץ יצטרף למפלגת רע""ם בראשות מנסור עבאס",ביחד,ביחד בראשות נפתלי בנט,13,10.5,,1,2026-08-03
4040,קנטאר,כאן 11,2026-08-02,2026-08-02,551,internet,scenario,3,"סיטואציה חדשה ב': יואב סיגלוביץ יצטרף למפלגת רע""ם בראשות מנסור עבאס",עוצמה יהודית,עוצמה יהודית בראשות איתמר בן גביר,9,7.2,,1,2026-08-03
4040,קנטאר,כאן 11,2026-08-02,2026-08-02,551,internet,scenario,3,"סיטואציה חדשה ב': יואב סיגלוביץ יצטרף למפלגת רע""ם בראשות מנסור עבאס",ישראל ביתנו,ישראל ביתנו בראשות אביגדור ליברמן,9,7.2,,1,2026-08-03
4040,קנטאר,כאן 11,2026-08-02,2026-08-02,551,internet,scenario,3,"סיטואציה חדשה ב': יואב סיגלוביץ יצטרף למפלגת רע""ם בראשות מנסור עבאס",הדמוקרטים,מפלגת הדמוקרטים בראשות יאיר גולן,8,6.4,,1,2026-08-03
4040,קנטאר,כאן 11,2026-08-02,2026-08-02,551,internet,scenario,3,"סיטואציה חדשה ב': יואב סיגלוביץ יצטרף למפלגת רע""ם בראשות מנסור עבאס","ש""ס","ש""ס בראשות אריה דרעי",8,6.4,,1,2026-08-03
4040,קנטאר,כאן 11,2026-08-02,2026-08-02,551,internet,scenario,3,"סיטואציה חדשה ב': יואב סיגלוביץ יצטרף למפלגת רע""ם בראשות מנסור עבאס",יהדות התורה,יהדות התורה בראשות יצחק גולדקנופף,8,6.4,,1,2026-08-03
4040,קנטאר,כאן 11,2026-08-02,2026-08-02,551,internet,scenario,3,"סיטואציה חדשה ב': יואב סיגלוביץ יצטרף למפלגת רע""ם בראשות מנסור עבאס",הרשימה המשותפת,"חד""ש-תע""ל בראשות יוסף ג'אברין ואחמד טיבי",6,4.8,,1,2026-08-03
4040,קנטאר,כאן 11,2026-08-02,2026-08-02,551,internet,scenario,3,"סיטואציה חדשה ב': יואב סיגלוביץ יצטרף למפלגת רע""ם בראשות מנסור עבאס","רע""ם","רע""ם בראשות מנסור עבאס ויואב סיגלוביץ'",5,4.0,,1,2026-08-03
4040,קנטאר,כאן 11,2026-08-02,2026-08-02,551,internet,scenario,3,"סיטואציה חדשה ב': יואב סיגלוביץ יצטרף למפלגת רע""ם בראשות מנסור עבאס",בית ציוני,בית ציוני-המילואימניקים בראשות חילי טרופר ויועז הנדל,4,3.3,,1,2026-08-03
4040,קנטאר,כאן 11,2026-08-02,2026-08-02,551,internet,scenario,3,"סיטואציה חדשה ב': יואב סיגלוביץ יצטרף למפלגת רע""ם בראשות מנסור עבאס",הציונות הדתית,הציונות הדתית בראשות בצלאל סמוטריץ',4,3.3,,1,2026-08-03
4040,קנטאר,כאן 11,2026-08-02,2026-08-02,551,internet,scenario,3,"סיטואציה חדשה ב': יואב סיגלוביץ יצטרף למפלגת רע""ם בראשות מנסור עבאס",כחול לבן,איחוד של בני גנץ (כחול לבן) ודדי שמחי,0,1.5,,1,2026-08-03
4040,קנטאר,כאן 11,2026-08-02,2026-08-02,551,internet,scenario,3,"סיטואציה חדשה ב': יואב סיגלוביץ יצטרף למפלגת רע""ם בראשות מנסור עבאס",אחר,"בל""ד בראשות סמי אבו שחאדה",0,2.0,,1,2026-08-03
4046,מדגם,חדשות 12,2026-08-03,2026-08-03,503,mixed,main,1,"אילו הבחירות לכנסת היו מתקיימות היום, לאיזו מפלגה היית מצביע?",ישר,ישר! עם איזנקוט בראשות גדי איזנקוט,23,18.7,10.4,1,2026-08-04
4046,מדגם,חדשות 12,2026-08-03,2026-08-03,503,mixed,main,1,"אילו הבחירות לכנסת היו מתקיימות היום, לאיזו מפלגה היית מצביע?",הליכוד,הליכוד בראשות בנימין נתניהו,23,18.6,10.4,1,2026-08-04
4046,מדגם,חדשות 12,2026-08-03,2026-08-03,503,mixed,main,1,"אילו הבחירות לכנסת היו מתקיימות היום, לאיזו מפלגה היית מצביע?",ביחד,ביחד בראשות נפתלי בנט,14,11.2,10.4,1,2026-08-04
4046,מדגם,חדשות 12,2026-08-03,2026-08-03,503,mixed,main,1,"אילו הבחירות לכנסת היו מתקיימות היום, לאיזו מפלגה היית מצביע?",הדמוקרטים,הדמוקרטים בראשות יאיר גולן,10,8.0,10.4,1,2026-08-04
4046,מדגם,חדשות 12,2026-08-03,2026-08-03,503,mixed,main,1,"אילו הבחירות לכנסת היו מתקיימות היום, לאיזו מפלגה היית מצביע?",ישראל ביתנו,ישראל ביתנו בראשות אביגדור ליברמן,9,7.2,10.4,1,2026-08-04
4046,מדגם,חדשות 12,2026-08-03,2026-08-03,503,mixed,main,1,"אילו הבחירות לכנסת היו מתקיימות היום, לאיזו מפלגה היית מצביע?",יהדות התורה,יהדות התורה בראשות יצחק גולדקנופף,8,6.4,10.4,1,2026-08-04
4046,מדגם,חדשות 12,2026-08-03,2026-08-03,503,mixed,main,1,"אילו הבחירות לכנסת היו מתקיימות היום, לאיזו מפלגה היית מצביע?","ש""ס","ש""ס בראשות אריה דרעי",7,5.7,10.4,1,2026-08-04
4046,מדגם,חדשות 12,2026-08-03,2026-08-03,503,mixed,main,1,"אילו הבחירות לכנסת היו מתקיימות היום, לאיזו מפלגה היית מצביע?",עוצמה יהודית,עוצמה יהודית בראשות איתמר בן גביר,7,5.6,10.4,1,2026-08-04
4046,מדגם,חדשות 12,2026-08-03,2026-08-03,503,mixed,main,1,"אילו הבחירות לכנסת היו מתקיימות היום, לאיזו מפלגה היית מצביע?",הרשימה המשותפת,"חד""ש-תע""ל בראשות יוסף ג'אברין ואחמד טיבי",5,4.1,10.4,1,2026-08-04
4046,מדגם,חדשות 12,2026-08-03,2026-08-03,503,mixed,main,1,"אילו הבחירות לכנסת היו מתקיימות היום, לאיזו מפלגה היית מצביע?",הציונות הדתית,הציונות הדתית בראשות בצלאל סמוטריץ',5,4.0,10.4,1,2026-08-04
4046,מדגם,חדשות 12,2026-08-03,2026-08-03,503,mixed,main,1,"אילו הבחירות לכנסת היו מתקיימות היום, לאיזו מפלגה היית מצביע?","רע""ם","הרשימה הערבית המאוחדת - רע""ם בראשות מנסור עבאס",5,3.9,10.4,1,2026-08-04
4046,מדגם,חדשות 12,2026-08-03,2026-08-03,503,mixed,main,1,"אילו הבחירות לכנסת היו מתקיימות היום, לאיזו מפלגה היית מצביע?",בית ציוני,בית ציוני - המילואימניקים בראשות חילי טרופר ויועז הנדל,4,3.3,10.4,1,2026-08-04
4046,מדגם,חדשות 12,2026-08-03,2026-08-03,503,mixed,main,1,"אילו הבחירות לכנסת היו מתקיימות היום, לאיזו מפלגה היית מצביע?",כחול לבן,כחול לבן בראשות בני גנץ,0,1.4,10.4,1,2026-08-04
4046,מדגם,חדשות 12,2026-08-03,2026-08-03,503,mixed,main,1,"אילו הבחירות לכנסת היו מתקיימות היום, לאיזו מפלגה היית מצביע?",אחר,"בל""ד בראשות סמי אבו שחאדה",0,0.8,10.4,1,2026-08-04
4046,מדגם,חדשות 12,2026-08-03,2026-08-03,503,mixed,scenario,2,"ואילו הבחירות לכנסת היו מתקיימות היום ומפלגות חד""ש, תע""ל ובל""ד היו מתמודדות ברשימה אחת, ובנוסף, ח""כ יואב סגלוביץ' יצטרף לרשימה הערבית המאוחדת - רע""ם בראשות מנסור עבאס, ויתר המפלגות ללא שינוי, לאיזו מפלגה היית מצביע?",הליכוד,הליכוד בראשות בנימין נתניהו,23,18.7,8.0,1,2026-08-04
4046,מדגם,חדשות 12,2026-08-03,2026-08-03,503,mixed,scenario,2,"ואילו הבחירות לכנסת היו מתקיימות היום ומפלגות חד""ש, תע""ל ובל""ד היו מתמודדות ברשימה אחת, ובנוסף, ח""כ יואב סגלוביץ' יצטרף לרשימה הערבית המאוחדת - רע""ם בראשות מנסור עבאס, ויתר המפלגות ללא שינוי, לאיזו מפלגה היית מצביע?",ישר,ישר! עם איזנקוט בראשות גדי איזנקוט,23,18.6,8.0,1,2026-08-04
4046,מדגם,חדשות 12,2026-08-03,2026-08-03,503,mixed,scenario,2,"ואילו הבחירות לכנסת היו מתקיימות היום ומפלגות חד""ש, תע""ל ובל""ד היו מתמודדות ברשימה אחת, ובנוסף, ח""כ יואב סגלוביץ' יצטרף לרשימה הערבית המאוחדת - רע""ם בראשות מנסור עבאס, ויתר המפלגות ללא שינוי, לאיזו מפלגה היית מצביע?",ביחד,ביחד בראשות נפתלי בנט,14,11.3,8.0,1,2026-08-04
4046,מדגם,חדשות 12,2026-08-03,2026-08-03,503,mixed,scenario,2,"ואילו הבחירות לכנסת היו מתקיימות היום ומפלגות חד""ש, תע""ל ובל""ד היו מתמודדות ברשימה אחת, ובנוסף, ח""כ יואב סגלוביץ' יצטרף לרשימה הערבית המאוחדת - רע""ם בראשות מנסור עבאס, ויתר המפלגות ללא שינוי, לאיזו מפלגה היית מצביע?",ישראל ביתנו,ישראל ביתנו בראשות אביגדור ליברמן,9,7.4,8.0,1,2026-08-04
4046,מדגם,חדשות 12,2026-08-03,2026-08-03,503,mixed,scenario,2,"ואילו הבחירות לכנסת היו מתקיימות היום ומפלגות חד""ש, תע""ל ובל""ד היו מתמודדות ברשימה אחת, ובנוסף, ח""כ יואב סגלוביץ' יצטרף לרשימה הערבית המאוחדת - רע""ם בראשות מנסור עבאס, ויתר המפלגות ללא שינוי, לאיזו מפלגה היית מצביע?",הדמוקרטים,הדמוקרטים בראשות יאיר גולן,9,7.4,8.0,1,2026-08-04
4046,מדגם,חדשות 12,2026-08-03,2026-08-03,503,mixed,scenario,2,"ואילו הבחירות לכנסת היו מתקיימות היום ומפלגות חד""ש, תע""ל ובל""ד היו מתמודדות ברשימה אחת, ובנוסף, ח""כ יואב סגלוביץ' יצטרף לרשימה הערבית המאוחדת - רע""ם בראשות מנסור עבאס, ויתר המפלגות ללא שינוי, לאיזו מפלגה היית מצביע?",יהדות התורה,יהדות התורה בראשות יצחק גולדקנופף,8,6.5,8.0,1,2026-08-04
4046,מדגם,חדשות 12,2026-08-03,2026-08-03,503,mixed,scenario,2,"ואילו הבחירות לכנסת היו מתקיימות היום ומפלגות חד""ש, תע""ל ובל""ד היו מתמודדות ברשימה אחת, ובנוסף, ח""כ יואב סגלוביץ' יצטרף לרשימה הערבית המאוחדת - רע""ם בראשות מנסור עבאס, ויתר המפלגות ללא שינוי, לאיזו מפלגה היית מצביע?","ש""ס","ש""ס בראשות אריה דרעי",7,5.6,8.0,1,2026-08-04
4046,מדגם,חדשות 12,2026-08-03,2026-08-03,503,mixed,scenario,2,"ואילו הבחירות לכנסת היו מתקיימות היום ומפלגות חד""ש, תע""ל ובל""ד היו מתמודדות ברשימה אחת, ובנוסף, ח""כ יואב סגלוביץ' יצטרף לרשימה הערבית המאוחדת - רע""ם בראשות מנסור עבאס, ויתר המפלגות ללא שינוי, לאיזו מפלגה היית מצביע?",עוצמה יהודית,עוצמה יהודית בראשות איתמר בן גביר,7,5.6,8.0,1,2026-08-04
4046,מדגם,חדשות 12,2026-08-03,2026-08-03,503,mixed,scenario,2,"ואילו הבחירות לכנסת היו מתקיימות היום ומפלגות חד""ש, תע""ל ובל""ד היו מתמודדות ברשימה אחת, ובנוסף, ח""כ יואב סגלוביץ' יצטרף לרשימה הערבית המאוחדת - רע""ם בראשות מנסור עבאס, ויתר המפלגות ללא שינוי, לאיזו מפלגה היית מצביע?","רע""ם","הרשימה הערבית המאוחדת - רע""ם בראשות מנסור עבאס עם יואב סגלוביץ'",6,4.8,8.0,1,2026-08-04
4046,מדגם,חדשות 12,2026-08-03,2026-08-03,503,mixed,scenario,2,"ואילו הבחירות לכנסת היו מתקיימות היום ומפלגות חד""ש, תע""ל ובל""ד היו מתמודדות ברשימה אחת, ובנוסף, ח""כ יואב סגלוביץ' יצטרף לרשימה הערבית המאוחדת - רע""ם בראשות מנסור עבאס, ויתר המפלגות ללא שינוי, לאיזו מפלגה היית מצביע?",הציונות הדתית,הציונות הדתית בראשות בצלאל סמוטריץ',5,4.1,8.0,1,2026-08-04
4046,מדגם,חדשות 12,2026-08-03,2026-08-03,503,mixed,scenario,2,"ואילו הבחירות לכנסת היו מתקיימות היום ומפלגות חד""ש, תע""ל ובל""ד היו מתמודדות ברשימה אחת, ובנוסף, ח""כ יואב סגלוביץ' יצטרף לרשימה הערבית המאוחדת - רע""ם בראשות מנסור עבאס, ויתר המפלגות ללא שינוי, לאיזו מפלגה היית מצביע?",הרשימה המשותפת,"איחוד המפלגות הערביות של חד""ש, תע""ל ובל""ד",5,4.0,8.0,1,2026-08-04
4046,מדגם,חדשות 12,2026-08-03,2026-08-03,503,mixed,scenario,2,"ואילו הבחירות לכנסת היו מתקיימות היום ומפלגות חד""ש, תע""ל ובל""ד היו מתמודדות ברשימה אחת, ובנוסף, ח""כ יואב סגלוביץ' יצטרף לרשימה הערבית המאוחדת - רע""ם בראשות מנסור עבאס, ויתר המפלגות ללא שינוי, לאיזו מפלגה היית מצביע?",בית ציוני,בית ציוני - המילואימניקים בראשות חילי טרופר ויועז הנדל,4,3.3,8.0,1,2026-08-04
4046,מדגם,חדשות 12,2026-08-03,2026-08-03,503,mixed,scenario,2,"ואילו הבחירות לכנסת היו מתקיימות היום ומפלגות חד""ש, תע""ל ובל""ד היו מתמודדות ברשימה אחת, ובנוסף, ח""כ יואב סגלוביץ' יצטרף לרשימה הערבית המאוחדת - רע""ם בראשות מנסור עבאס, ויתר המפלגות ללא שינוי, לאיזו מפלגה היית מצביע?",כחול לבן,כחול לבן בראשות בני גנץ,0,1.3,8.0,1,2026-08-04
4047,מאגר מוחות,ערוץ 16,2026-08-02,2026-08-03,547,mixed,main,1,"אם הבחירות לכנסת היו מתקיימות היום, לאיזו מפלגה היית מצביע? (ברוטציה)",ישר,"מפלגת ""ישר!"" בראשות גדי איזנקוט",22,16.0,10.0,1,2026-08-06
4047,מאגר מוחות,ערוץ 16,2026-08-02,2026-08-03,547,mixed,main,1,"אם הבחירות לכנסת היו מתקיימות היום, לאיזו מפלגה היית מצביע? (ברוטציה)",הליכוד,הליכוד בראשות בנימין נתניהו,21,15.0,10.0,1,2026-08-06
4047,מאגר מוחות,ערוץ 16,2026-08-02,2026-08-03,547,mixed,main,1,"אם הבחירות לכנסת היו מתקיימות היום, לאיזו מפלגה היית מצביע? (ברוטציה)",ביחד,"מפלגת ""ביחד"", בראשות נפתלי בנט",14,10.0,10.0,1,2026-08-06
4047,מאגר מוחות,ערוץ 16,2026-08-02,2026-08-03,547,mixed,main,1,"אם הבחירות לכנסת היו מתקיימות היום, לאיזו מפלגה היית מצביע? (ברוטציה)",הדמוקרטים,הדמוקרטים בראשות יאיר גולן,11,8.0,10.0,1,2026-08-06
4047,מאגר מוחות,ערוץ 16,2026-08-02,2026-08-03,547,mixed,main,1,"אם הבחירות לכנסת היו מתקיימות היום, לאיזו מפלגה היית מצביע? (ברוטציה)",עוצמה יהודית,עוצמה יהודית בראשות איתמר בן גביר,9,7.0,10.0,1,2026-08-06
4047,מאגר מוחות,ערוץ 16,2026-08-02,2026-08-03,547,mixed,main,1,"אם הבחירות לכנסת היו מתקיימות היום, לאיזו מפלגה היית מצביע? (ברוטציה)","ש""ס","ש""ס בראשות אריה דרעי",9,6.0,10.0,1,2026-08-06
4047,מאגר מוחות,ערוץ 16,2026-08-02,2026-08-03,547,mixed,main,1,"אם הבחירות לכנסת היו מתקיימות היום, לאיזו מפלגה היית מצביע? (ברוטציה)",ישראל ביתנו,ישראל ביתנו בראשות אביגדור ליברמן,9,6.0,10.0,1,2026-08-06
4047,מאגר מוחות,ערוץ 16,2026-08-02,2026-08-03,547,mixed,main,1,"אם הבחירות לכנסת היו מתקיימות היום, לאיזו מפלגה היית מצביע? (ברוטציה)",יהדות התורה,יהדות התורה בראשות יצחק גולדקנופף,8,5.0,10.0,1,2026-08-06
4047,מאגר מוחות,ערוץ 16,2026-08-02,2026-08-03,547,mixed,main,1,"אם הבחירות לכנסת היו מתקיימות היום, לאיזו מפלגה היית מצביע? (ברוטציה)",הרשימה המשותפת,"חדש-תע""ל בראשות יוסף ג'בארין ואחמד טיבי",5,3.0,10.0,1,2026-08-06
4047,מאגר מוחות,ערוץ 16,2026-08-02,2026-08-03,547,mixed,main,1,"אם הבחירות לכנסת היו מתקיימות היום, לאיזו מפלגה היית מצביע? (ברוטציה)",הציונות הדתית,הציונות הדתית בראשות בצלאל סמוטריץ',4,3.0,10.0,1,2026-08-06
4047,מאגר מוחות,ערוץ 16,2026-08-02,2026-08-03,547,mixed,main,1,"אם הבחירות לכנסת היו מתקיימות היום, לאיזו מפלגה היית מצביע? (ברוטציה)","רע""ם","רע""ם בראשות מנסור עבאס",4,3.0,10.0,1,2026-08-06
4047,מאגר מוחות,ערוץ 16,2026-08-02,2026-08-03,547,mixed,main,1,"אם הבחירות לכנסת היו מתקיימות היום, לאיזו מפלגה היית מצביע? (ברוטציה)",בית ציוני,הבית הציוני בראשות יועז הנדל וחילי טרופר,4,3.0,10.0,1,2026-08-06
4047,מאגר מוחות,ערוץ 16,2026-08-02,2026-08-03,547,mixed,main,1,"אם הבחירות לכנסת היו מתקיימות היום, לאיזו מפלגה היית מצביע? (ברוטציה)",כחול לבן,כחול לבן בראשות בני גנץ,0,1.2,10.0,1,2026-08-06
4047,מאגר מוחות,ערוץ 16,2026-08-02,2026-08-03,547,mixed,main,1,"אם הבחירות לכנסת היו מתקיימות היום, לאיזו מפלגה היית מצביע? (ברוטציה)",אחר,"בל""ד בראשות סמי אבו שחאדה",0,2.2,10.0,1,2026-08-06
4070,נקסט דאטה,ערוץ 14,2026-08-03,2026-08-04,588,internet,main,1,"תוצאות עיקריות - מנדטים: מפת המנדטים הסופית, כנסת בת 120 מושבים, אחוז חסימה 3.25% (no explicit question wording given)",הליכוד,הליכוד בראשות בנימין נתניהו,31,23.7,,1,2026-08-16
4070,נקסט דאטה,ערוץ 14,2026-08-03,2026-08-04,588,internet,main,1,"תוצאות עיקריות - מנדטים: מפת המנדטים הסופית, כנסת בת 120 מושבים, אחוז חסימה 3.25% (no explicit question wording given)",ישר,ישר בראשות גדי אינזקוט,22,16.8,,1,2026-08-16
4070,נקסט דאטה,ערוץ 14,2026-08-03,2026-08-04,588,internet,main,1,"תוצאות עיקריות - מנדטים: מפת המנדטים הסופית, כנסת בת 120 מושבים, אחוז חסימה 3.25% (no explicit question wording given)","ש""ס","ש""ס בראשות אריה דרעי",11,8.4,,1,2026-08-16
4070,נקסט דאטה,ערוץ 14,2026-08-03,2026-08-04,588,internet,main,1,"תוצאות עיקריות - מנדטים: מפת המנדטים הסופית, כנסת בת 120 מושבים, אחוז חסימה 3.25% (no explicit question wording given)",הדמוקרטים,הדמוקרטים בראשות יאיר גולן,10,7.6,,1,2026-08-16
4070,נקסט דאטה,ערוץ 14,2026-08-03,2026-08-04,588,internet,main,1,"תוצאות עיקריות - מנדטים: מפת המנדטים הסופית, כנסת בת 120 מושבים, אחוז חסימה 3.25% (no explicit question wording given)",ביחד,יחד בראשות נפתלי בנט,8,6.1,,1,2026-08-16
4070,נקסט דאטה,ערוץ 14,2026-08-03,2026-08-04,588,internet,main,1,"תוצאות עיקריות - מנדטים: מפת המנדטים הסופית, כנסת בת 120 מושבים, אחוז חסימה 3.25% (no explicit question wording given)",יהדות התורה,יהדות התורה,8,6.2,,1,2026-08-16
4070,נקסט דאטה,ערוץ 14,2026-08-03,2026-08-04,588,internet,main,1,"תוצאות עיקריות - מנדטים: מפת המנדטים הסופית, כנסת בת 120 מושבים, אחוז חסימה 3.25% (no explicit question wording given)",ישראל ביתנו,ישראל ביתנו בראשות אביגדור ליברמן,8,6.0,,1,2026-08-16
4070,נקסט דאטה,ערוץ 14,2026-08-03,2026-08-04,588,internet,main,1,"תוצאות עיקריות - מנדטים: מפת המנדטים הסופית, כנסת בת 120 מושבים, אחוז חסימה 3.25% (no explicit question wording given)",עוצמה יהודית,עוצמה יהודית בראשות איתמר בן גביר,6,4.8,,1,2026-08-16
4070,נקסט דאטה,ערוץ 14,2026-08-03,2026-08-04,588,internet,main,1,"תוצאות עיקריות - מנדטים: מפת המנדטים הסופית, כנסת בת 120 מושבים, אחוז חסימה 3.25% (no explicit question wording given)",הציונות הדתית,הציונות הדתית בראשות בצלאל סמוטריץ',6,4.4,,1,2026-08-16
4070,נקסט דאטה,ערוץ 14,2026-08-03,2026-08-04,588,internet,main,1,"תוצאות עיקריות - מנדטים: מפת המנדטים הסופית, כנסת בת 120 מושבים, אחוז חסימה 3.25% (no explicit question wording given)","רע""ם","רע""מ בראשות מנסור עבאס",5,3.9,,1,2026-08-16
4070,נקסט דאטה,ערוץ 14,2026-08-03,2026-08-04,588,internet,main,1,"תוצאות עיקריות - מנדטים: מפת המנדטים הסופית, כנסת בת 120 מושבים, אחוז חסימה 3.25% (no explicit question wording given)",הרשימה המשותפת,"חד""ש-תע""ל",5,3.7,,1,2026-08-16
4070,נקסט דאטה,ערוץ 14,2026-08-03,2026-08-04,588,internet,main,1,"תוצאות עיקריות - מנדטים: מפת המנדטים הסופית, כנסת בת 120 מושבים, אחוז חסימה 3.25% (no explicit question wording given)",אחר,"בל""ד",0,2.9,,1,2026-08-16
4070,נקסט דאטה,ערוץ 14,2026-08-03,2026-08-04,588,internet,main,1,"תוצאות עיקריות - מנדטים: מפת המנדטים הסופית, כנסת בת 120 מושבים, אחוז חסימה 3.25% (no explicit question wording given)",בית ציוני,מפלגה בראשות חילי טרופר ויועז הנדל,0,1.9,,1,2026-08-16
4070,נקסט דאטה,ערוץ 14,2026-08-03,2026-08-04,588,internet,main,1,"תוצאות עיקריות - מנדטים: מפת המנדטים הסופית, כנסת בת 120 מושבים, אחוז חסימה 3.25% (no explicit question wording given)",זהות,זהות בראשות משה פייגלין,0,1.3,,1,2026-08-16
4070,נקסט דאטה,ערוץ 14,2026-08-03,2026-08-04,588,internet,main,1,"תוצאות עיקריות - מנדטים: מפת המנדטים הסופית, כנסת בת 120 מושבים, אחוז חסימה 3.25% (no explicit question wording given)",עמך ישראל,מפלגה בראשות עופר וינטר,0,1.2,,1,2026-08-16
4070,נקסט דאטה,ערוץ 14,2026-08-03,2026-08-04,588,internet,main,1,"תוצאות עיקריות - מנדטים: מפת המנדטים הסופית, כנסת בת 120 מושבים, אחוז חסימה 3.25% (no explicit question wording given)",כחול לבן,כחול לבן בראשות בני גנץ,0,0.5,,1,2026-08-16
4070,נקסט דאטה,ערוץ 14,2026-08-03,2026-08-04,588,internet,main,1,"תוצאות עיקריות - מנדטים: מפת המנדטים הסופית, כנסת בת 120 מושבים, אחוז חסימה 3.25% (no explicit question wording given)",האחדות,"מפלגה בראשות ארדן, אדלשטיין ושקד",0,0.5,,1,2026-08-16
4052,פרויקט המדגם (רוזנר),חדשות 13,2026-08-04,2026-08-05,961,mixed,main,1,"אם הבחירות לכנסת היו מתקיימות היום, לאיזו מפלגה היית מצביע/ה?",ישר,ישר,23,,,1,2026-08-10
4052,פרויקט המדגם (רוזנר),חדשות 13,2026-08-04,2026-08-05,961,mixed,main,1,"אם הבחירות לכנסת היו מתקיימות היום, לאיזו מפלגה היית מצביע/ה?",הליכוד,ליכוד,22,,,1,2026-08-10
4052,פרויקט המדגם (רוזנר),חדשות 13,2026-08-04,2026-08-05,961,mixed,main,1,"אם הבחירות לכנסת היו מתקיימות היום, לאיזו מפלגה היית מצביע/ה?",ביחד,ביחד,13,,,1,2026-08-10
4052,פרויקט המדגם (רוזנר),חדשות 13,2026-08-04,2026-08-05,961,mixed,main,1,"אם הבחירות לכנסת היו מתקיימות היום, לאיזו מפלגה היית מצביע/ה?",ישראל ביתנו,ישראל ביתנו,11,,,1,2026-08-10
4052,פרויקט המדגם (רוזנר),חדשות 13,2026-08-04,2026-08-05,961,mixed,main,1,"אם הבחירות לכנסת היו מתקיימות היום, לאיזו מפלגה היית מצביע/ה?",הדמוקרטים,הדמוקרטים,11,,,1,2026-08-10
4052,פרויקט המדגם (רוזנר),חדשות 13,2026-08-04,2026-08-05,961,mixed,main,1,"אם הבחירות לכנסת היו מתקיימות היום, לאיזו מפלגה היית מצביע/ה?",עוצמה יהודית,עוצמה יהודית,9,,,1,2026-08-10
4052,פרויקט המדגם (רוזנר),חדשות 13,2026-08-04,2026-08-05,961,mixed,main,1,"אם הבחירות לכנסת היו מתקיימות היום, לאיזו מפלגה היית מצביע/ה?",יהדות התורה,יהדות התורה,8,,,1,2026-08-10
4052,פרויקט המדגם (רוזנר),חדשות 13,2026-08-04,2026-08-05,961,mixed,main,1,"אם הבחירות לכנסת היו מתקיימות היום, לאיזו מפלגה היית מצביע/ה?","ש""ס","ש""ס",7,,,1,2026-08-10
4052,פרויקט המדגם (רוזנר),חדשות 13,2026-08-04,2026-08-05,961,mixed,main,1,"אם הבחירות לכנסת היו מתקיימות היום, לאיזו מפלגה היית מצביע/ה?",הרשימה המשותפת,"חד""ש-תע""ל",6,,,1,2026-08-10
4052,פרויקט המדגם (רוזנר),חדשות 13,2026-08-04,2026-08-05,961,mixed,main,1,"אם הבחירות לכנסת היו מתקיימות היום, לאיזו מפלגה היית מצביע/ה?",הציונות הדתית,הציונות הדתית,5,,,1,2026-08-10
4052,פרויקט המדגם (רוזנר),חדשות 13,2026-08-04,2026-08-05,961,mixed,main,1,"אם הבחירות לכנסת היו מתקיימות היום, לאיזו מפלגה היית מצביע/ה?","רע""ם","רע""ם",5,,,1,2026-08-10
4052,פרויקט המדגם (רוזנר),חדשות 13,2026-08-04,2026-08-05,961,mixed,main,1,"אם הבחירות לכנסת היו מתקיימות היום, לאיזו מפלגה היית מצביע/ה?",כחול לבן,כחול לבן,0,,,1,2026-08-10
4052,פרויקט המדגם (רוזנר),חדשות 13,2026-08-04,2026-08-05,961,mixed,main,1,"אם הבחירות לכנסת היו מתקיימות היום, לאיזו מפלגה היית מצביע/ה?",אחר,"בל""ד",0,,,1,2026-08-10
4052,פרויקט המדגם (רוזנר),חדשות 13,2026-08-04,2026-08-05,961,mixed,main,1,"אם הבחירות לכנסת היו מתקיימות היום, לאיזו מפלגה היית מצביע/ה?",אחר,יסודות ישראל,0,,,1,2026-08-10
4052,פרויקט המדגם (רוזנר),חדשות 13,2026-08-04,2026-08-05,961,mixed,main,1,"אם הבחירות לכנסת היו מתקיימות היום, לאיזו מפלגה היית מצביע/ה?",מקום לכולנו,מקום לכולנו,0,,,1,2026-08-10
4055,לזר מחקרים,מעריב,2026-08-05,2026-08-06,502,internet,main,1,"אם היו מתקיימות היום בחירות לכנסת, לאיזו מפלגה היית מצביע?",ישר,ישר! עם איזנקוט בראשות גדי איזנקוט,23,16.3,8.2,1,2026-08-10
4055,לזר מחקרים,מעריב,2026-08-05,2026-08-06,502,internet,main,1,"אם היו מתקיימות היום בחירות לכנסת, לאיזו מפלגה היית מצביע?",הליכוד,הליכוד בראשות בנימין נתניהו,22,16.0,8.2,1,2026-08-10
4055,לזר מחקרים,מעריב,2026-08-05,2026-08-06,502,internet,main,1,"אם היו מתקיימות היום בחירות לכנסת, לאיזו מפלגה היית מצביע?",ביחד,ביחד - בראשות נפתלי בנט,15,11.2,8.2,1,2026-08-10
4055,לזר מחקרים,מעריב,2026-08-05,2026-08-06,502,internet,main,1,"אם היו מתקיימות היום בחירות לכנסת, לאיזו מפלגה היית מצביע?",ישראל ביתנו,ישראל ביתנו בראשות אביגדור ליברמן,10,5.8,8.2,1,2026-08-10
4055,לזר מחקרים,מעריב,2026-08-05,2026-08-06,502,internet,main,1,"אם היו מתקיימות היום בחירות לכנסת, לאיזו מפלגה היית מצביע?",הדמוקרטים,הדמוקרטים בראשות יאיר גולן,9,6.2,8.2,1,2026-08-10
4055,לזר מחקרים,מעריב,2026-08-05,2026-08-06,502,internet,main,1,"אם היו מתקיימות היום בחירות לכנסת, לאיזו מפלגה היית מצביע?",עוצמה יהודית,עוצמה יהודית בראשות איתמר בן גביר,8,6.3,8.2,1,2026-08-10
4055,לזר מחקרים,מעריב,2026-08-05,2026-08-06,502,internet,main,1,"אם היו מתקיימות היום בחירות לכנסת, לאיזו מפלגה היית מצביע?",יהדות התורה,יהדות התורה בראשות יצחק גולדקנופף,8,4.9,8.2,1,2026-08-10
4055,לזר מחקרים,מעריב,2026-08-05,2026-08-06,502,internet,main,1,"אם היו מתקיימות היום בחירות לכנסת, לאיזו מפלגה היית מצביע?","ש""ס",שס בראשות אריה דרעי,7,4.2,8.2,1,2026-08-10
4055,לזר מחקרים,מעריב,2026-08-05,2026-08-06,502,internet,main,1,"אם היו מתקיימות היום בחירות לכנסת, לאיזו מפלגה היית מצביע?",הרשימה המשותפת,חדש תעל,5,3.4,8.2,1,2026-08-10
4055,לזר מחקרים,מעריב,2026-08-05,2026-08-06,502,internet,main,1,"אם היו מתקיימות היום בחירות לכנסת, לאיזו מפלגה היית מצביע?","רע""ם",רעמ בראשות דר מנסור עבאס,5,3.6,8.2,1,2026-08-10
4055,לזר מחקרים,מעריב,2026-08-05,2026-08-06,502,internet,main,1,"אם היו מתקיימות היום בחירות לכנסת, לאיזו מפלגה היית מצביע?",הציונות הדתית,הציונות הדתית בראשות סמוטריץ,4,3.2,8.2,1,2026-08-10
4055,לזר מחקרים,מעריב,2026-08-05,2026-08-06,502,internet,main,1,"אם היו מתקיימות היום בחירות לכנסת, לאיזו מפלגה היית מצביע?",בית ציוני,בית ציוני בראשות חילי טרופר ויועז הנדל,4,3.4,8.2,1,2026-08-10
4055,לזר מחקרים,מעריב,2026-08-05,2026-08-06,502,internet,main,1,"אם היו מתקיימות היום בחירות לכנסת, לאיזו מפלגה היית מצביע?",אחר,בלד,0,1.1,8.2,1,2026-08-10
4055,לזר מחקרים,מעריב,2026-08-05,2026-08-06,502,internet,main,1,"אם היו מתקיימות היום בחירות לכנסת, לאיזו מפלגה היית מצביע?",כחול לבן,כחול לבן,0,1.0,8.2,1,2026-08-10
4056,קנטאר,ישראל היום,2026-08-05,2026-08-06,552,internet,main,1,"אילו היו מתקיימות היום הבחירות לכנסת, והמפלגות המתמודדות יהיו המפלגות הבאות עם ראשי המפלגות שברשימה בפניך, עבור איזו מפלגה היית מצביע? (תחזית המנדטים 1 - מצב נוכחי)",הליכוד,הליכוד בראשות בנימין נתניהו,23,18.7,,1,2026-08-10
4056,קנטאר,ישראל היום,2026-08-05,2026-08-06,552,internet,main,1,"אילו היו מתקיימות היום הבחירות לכנסת, והמפלגות המתמודדות יהיו המפלגות הבאות עם ראשי המפלגות שברשימה בפניך, עבור איזו מפלגה היית מצביע? (תחזית המנדטים 1 - מצב נוכחי)",ישר,מפלגת ישר! בראשות גדי איזנקוט,22,17.9,,1,2026-08-10
4056,קנטאר,ישראל היום,2026-08-05,2026-08-06,552,internet,main,1,"אילו היו מתקיימות היום הבחירות לכנסת, והמפלגות המתמודדות יהיו המפלגות הבאות עם ראשי המפלגות שברשימה בפניך, עבור איזו מפלגה היית מצביע? (תחזית המנדטים 1 - מצב נוכחי)",ביחד,"""ביחד"" בראשות נפתלי בנט",13,10.6,,1,2026-08-10
4056,קנטאר,ישראל היום,2026-08-05,2026-08-06,552,internet,main,1,"אילו היו מתקיימות היום הבחירות לכנסת, והמפלגות המתמודדות יהיו המפלגות הבאות עם ראשי המפלגות שברשימה בפניך, עבור איזו מפלגה היית מצביע? (תחזית המנדטים 1 - מצב נוכחי)",הדמוקרטים,מפלגת הדמוקרטים בראשות יאיר גולן,10,8.1,,1,2026-08-10
4056,קנטאר,ישראל היום,2026-08-05,2026-08-06,552,internet,main,1,"אילו היו מתקיימות היום הבחירות לכנסת, והמפלגות המתמודדות יהיו המפלגות הבאות עם ראשי המפלגות שברשימה בפניך, עבור איזו מפלגה היית מצביע? (תחזית המנדטים 1 - מצב נוכחי)",עוצמה יהודית,עוצמה יהודית בראשות איתמר בן גביר,9,7.3,,1,2026-08-10
4056,קנטאר,ישראל היום,2026-08-05,2026-08-06,552,internet,main,1,"אילו היו מתקיימות היום הבחירות לכנסת, והמפלגות המתמודדות יהיו המפלגות הבאות עם ראשי המפלגות שברשימה בפניך, עבור איזו מפלגה היית מצביע? (תחזית המנדטים 1 - מצב נוכחי)",ישראל ביתנו,ישראל ביתנו בראשות אביגדור ליברמן,9,7.3,,1,2026-08-10
4056,קנטאר,ישראל היום,2026-08-05,2026-08-06,552,internet,main,1,"אילו היו מתקיימות היום הבחירות לכנסת, והמפלגות המתמודדות יהיו המפלגות הבאות עם ראשי המפלגות שברשימה בפניך, עבור איזו מפלגה היית מצביע? (תחזית המנדטים 1 - מצב נוכחי)",יהדות התורה,יהדות התורה בראשות יצחק גולדקנופף,8,6.5,,1,2026-08-10
4056,קנטאר,ישראל היום,2026-08-05,2026-08-06,552,internet,main,1,"אילו היו מתקיימות היום הבחירות לכנסת, והמפלגות המתמודדות יהיו המפלגות הבאות עם ראשי המפלגות שברשימה בפניך, עבור איזו מפלגה היית מצביע? (תחזית המנדטים 1 - מצב נוכחי)","ש""ס","ש""ס בראשות אריה דרעי",7,5.7,,1,2026-08-10
4056,קנטאר,ישראל היום,2026-08-05,2026-08-06,552,internet,main,1,"אילו היו מתקיימות היום הבחירות לכנסת, והמפלגות המתמודדות יהיו המפלגות הבאות עם ראשי המפלגות שברשימה בפניך, עבור איזו מפלגה היית מצביע? (תחזית המנדטים 1 - מצב נוכחי)","רע""ם","רע""מ בראשות מנסור עבאס",6,4.9,,1,2026-08-10
4056,קנטאר,ישראל היום,2026-08-05,2026-08-06,552,internet,main,1,"אילו היו מתקיימות היום הבחירות לכנסת, והמפלגות המתמודדות יהיו המפלגות הבאות עם ראשי המפלגות שברשימה בפניך, עבור איזו מפלגה היית מצביע? (תחזית המנדטים 1 - מצב נוכחי)",הרשימה המשותפת,"חד""ש-תע""ל בראשות יוסף ג'אברין ואחמד טיבי",5,4.1,,1,2026-08-10
4056,קנטאר,ישראל היום,2026-08-05,2026-08-06,552,internet,main,1,"אילו היו מתקיימות היום הבחירות לכנסת, והמפלגות המתמודדות יהיו המפלגות הבאות עם ראשי המפלגות שברשימה בפניך, עבור איזו מפלגה היית מצביע? (תחזית המנדטים 1 - מצב נוכחי)",בית ציוני,חילי טרופר ויועז הנדל – מפלגת בית ציוני המילואימניקים,4,3.3,,1,2026-08-10
4056,קנטאר,ישראל היום,2026-08-05,2026-08-06,552,internet,main,1,"אילו היו מתקיימות היום הבחירות לכנסת, והמפלגות המתמודדות יהיו המפלגות הבאות עם ראשי המפלגות שברשימה בפניך, עבור איזו מפלגה היית מצביע? (תחזית המנדטים 1 - מצב נוכחי)",הציונות הדתית,הציונות הדתית בראשות בצלאל סמוטריץ',4,3.3,,1,2026-08-10
4056,קנטאר,ישראל היום,2026-08-05,2026-08-06,552,internet,main,1,"אילו היו מתקיימות היום הבחירות לכנסת, והמפלגות המתמודדות יהיו המפלגות הבאות עם ראשי המפלגות שברשימה בפניך, עבור איזו מפלגה היית מצביע? (תחזית המנדטים 1 - מצב נוכחי)",כחול לבן,כחול לבן בראשות בני גנץ,0,0.7,,1,2026-08-10
4056,קנטאר,ישראל היום,2026-08-05,2026-08-06,552,internet,main,1,"אילו היו מתקיימות היום הבחירות לכנסת, והמפלגות המתמודדות יהיו המפלגות הבאות עם ראשי המפלגות שברשימה בפניך, עבור איזו מפלגה היית מצביע? (תחזית המנדטים 1 - מצב נוכחי)",אחר,"בל""ד בראשות סמי אבו שחאדה",0,1.6,,1,2026-08-10
4056,קנטאר,ישראל היום,2026-08-05,2026-08-06,552,internet,scenario,2,"תחזית המנדטים 2 - איחוד המועמדים והמפלגות הבאות למפלגה אחת חדשה (שאינה מזדהה עם אף אחד מהגושים ומעוניינת בהקמת ממשלת אחדות): חילי טרופר, יועז הנדל והמילואימניקים, גלעד ארדן, בני גנץ וכחול לבן, דדי שמחי, יולי אדלשטיין, שרן השכל, עליזה בלוך ואיילת שקד",הליכוד,הליכוד בראשות בנימין נתניהו,23,18.3,,1,2026-08-10
4056,קנטאר,ישראל היום,2026-08-05,2026-08-06,552,internet,scenario,2,"תחזית המנדטים 2 - איחוד המועמדים והמפלגות הבאות למפלגה אחת חדשה (שאינה מזדהה עם אף אחד מהגושים ומעוניינת בהקמת ממשלת אחדות): חילי טרופר, יועז הנדל והמילואימניקים, גלעד ארדן, בני גנץ וכחול לבן, דדי שמחי, יולי אדלשטיין, שרן השכל, עליזה בלוך ואיילת שקד",ישר,מפלגת ישר! בראשות גדי איזנקוט,21,16.7,,1,2026-08-10
4056,קנטאר,ישראל היום,2026-08-05,2026-08-06,552,internet,scenario,2,"תחזית המנדטים 2 - איחוד המועמדים והמפלגות הבאות למפלגה אחת חדשה (שאינה מזדהה עם אף אחד מהגושים ומעוניינת בהקמת ממשלת אחדות): חילי טרופר, יועז הנדל והמילואימניקים, גלעד ארדן, בני גנץ וכחול לבן, דדי שמחי, יולי אדלשטיין, שרן השכל, עליזה בלוך ואיילת שקד",ביחד,"""ביחד"" בראשות נפתלי בנט",13,10.4,,1,2026-08-10
4056,קנטאר,ישראל היום,2026-08-05,2026-08-06,552,internet,scenario,2,"תחזית המנדטים 2 - איחוד המועמדים והמפלגות הבאות למפלגה אחת חדשה (שאינה מזדהה עם אף אחד מהגושים ומעוניינת בהקמת ממשלת אחדות): חילי טרופר, יועז הנדל והמילואימניקים, גלעד ארדן, בני גנץ וכחול לבן, דדי שמחי, יולי אדלשטיין, שרן השכל, עליזה בלוך ואיילת שקד",הדמוקרטים,מפלגת הדמוקרטים בראשות יאיר גולן,11,8.8,,1,2026-08-10
4056,קנטאר,ישראל היום,2026-08-05,2026-08-06,552,internet,scenario,2,"תחזית המנדטים 2 - איחוד המועמדים והמפלגות הבאות למפלגה אחת חדשה (שאינה מזדהה עם אף אחד מהגושים ומעוניינת בהקמת ממשלת אחדות): חילי טרופר, יועז הנדל והמילואימניקים, גלעד ארדן, בני גנץ וכחול לבן, דדי שמחי, יולי אדלשטיין, שרן השכל, עליזה בלוך ואיילת שקד",עוצמה יהודית,עוצמה יהודית בראשות איתמר בן גביר,9,7.2,,1,2026-08-10
4056,קנטאר,ישראל היום,2026-08-05,2026-08-06,552,internet,scenario,2,"תחזית המנדטים 2 - איחוד המועמדים והמפלגות הבאות למפלגה אחת חדשה (שאינה מזדהה עם אף אחד מהגושים ומעוניינת בהקמת ממשלת אחדות): חילי טרופר, יועז הנדל והמילואימניקים, גלעד ארדן, בני גנץ וכחול לבן, דדי שמחי, יולי אדלשטיין, שרן השכל, עליזה בלוך ואיילת שקד",ישראל ביתנו,ישראל ביתנו בראשות אביגדור ליברמן,9,7.2,,1,2026-08-10
4056,קנטאר,ישראל היום,2026-08-05,2026-08-06,552,internet,scenario,2,"תחזית המנדטים 2 - איחוד המועמדים והמפלגות הבאות למפלגה אחת חדשה (שאינה מזדהה עם אף אחד מהגושים ומעוניינת בהקמת ממשלת אחדות): חילי טרופר, יועז הנדל והמילואימניקים, גלעד ארדן, בני גנץ וכחול לבן, דדי שמחי, יולי אדלשטיין, שרן השכל, עליזה בלוך ואיילת שקד",האחדות,איחוד של כל מפלגות האמצע שאינן מזדהות עם אף אחד מהגושים,8,6.4,,1,2026-08-10
4056,קנטאר,ישראל היום,2026-08-05,2026-08-06,552,internet,scenario,2,"תחזית המנדטים 2 - איחוד המועמדים והמפלגות הבאות למפלגה אחת חדשה (שאינה מזדהה עם אף אחד מהגושים ומעוניינת בהקמת ממשלת אחדות): חילי טרופר, יועז הנדל והמילואימניקים, גלעד ארדן, בני גנץ וכחול לבן, דדי שמחי, יולי אדלשטיין, שרן השכל, עליזה בלוך ואיילת שקד",יהדות התורה,יהדות התורה בראשות יצחק גולדקנופף,8,6.4,,1,2026-08-10
4056,קנטאר,ישראל היום,2026-08-05,2026-08-06,552,internet,scenario,2,"תחזית המנדטים 2 - איחוד המועמדים והמפלגות הבאות למפלגה אחת חדשה (שאינה מזדהה עם אף אחד מהגושים ומעוניינת בהקמת ממשלת אחדות): חילי טרופר, יועז הנדל והמילואימניקים, גלעד ארדן, בני גנץ וכחול לבן, דדי שמחי, יולי אדלשטיין, שרן השכל, עליזה בלוך ואיילת שקד","ש""ס","ש""ס בראשות אריה דרעי",7,5.6,,1,2026-08-10
4056,קנטאר,ישראל היום,2026-08-05,2026-08-06,552,internet,scenario,2,"תחזית המנדטים 2 - איחוד המועמדים והמפלגות הבאות למפלגה אחת חדשה (שאינה מזדהה עם אף אחד מהגושים ומעוניינת בהקמת ממשלת אחדות): חילי טרופר, יועז הנדל והמילואימניקים, גלעד ארדן, בני גנץ וכחול לבן, דדי שמחי, יולי אדלשטיין, שרן השכל, עליזה בלוך ואיילת שקד","רע""ם","רע""מ בראשות מנסור עבאס",6,4.8,,1,2026-08-10
4056,קנטאר,ישראל היום,2026-08-05,2026-08-06,552,internet,scenario,2,"תחזית המנדטים 2 - איחוד המועמדים והמפלגות הבאות למפלגה אחת חדשה (שאינה מזדהה עם אף אחד מהגושים ומעוניינת בהקמת ממשלת אחדות): חילי טרופר, יועז הנדל והמילואימניקים, גלעד ארדן, בני גנץ וכחול לבן, דדי שמחי, יולי אדלשטיין, שרן השכל, עליזה בלוך ואיילת שקד",הרשימה המשותפת,"חד""ש-תע""ל בראשות יוסף ג'אברין ואחמד טיבי",5,4.0,,1,2026-08-10
4056,קנטאר,ישראל היום,2026-08-05,2026-08-06,552,internet,scenario,2,"תחזית המנדטים 2 - איחוד המועמדים והמפלגות הבאות למפלגה אחת חדשה (שאינה מזדהה עם אף אחד מהגושים ומעוניינת בהקמת ממשלת אחדות): חילי טרופר, יועז הנדל והמילואימניקים, גלעד ארדן, בני גנץ וכחול לבן, דדי שמחי, יולי אדלשטיין, שרן השכל, עליזה בלוך ואיילת שקד",הציונות הדתית,הציונות הדתית בראשות בצלאל סמוטריץ',0,2.8,,1,2026-08-10
4056,קנטאר,ישראל היום,2026-08-05,2026-08-06,552,internet,scenario,2,"תחזית המנדטים 2 - איחוד המועמדים והמפלגות הבאות למפלגה אחת חדשה (שאינה מזדהה עם אף אחד מהגושים ומעוניינת בהקמת ממשלת אחדות): חילי טרופר, יועז הנדל והמילואימניקים, גלעד ארדן, בני גנץ וכחול לבן, דדי שמחי, יולי אדלשטיין, שרן השכל, עליזה בלוך ואיילת שקד",אחר,"בל""ד בראשות סמי אבו שחאדה",0,1.6,,1,2026-08-10
4057,טאטיקה,זמן ישראל,2026-08-05,2026-08-06,500,mixed,main,1,"אם הבחירות היו מתקיימות היום, וכל המפלגות הקיימות היו מתמודדות בנפרד, למי היית מצביע/ה?",ישר,ישר בראשות גדי אייזנקוט,23,17.6,,1,2026-08-10
4057,טאטיקה,זמן ישראל,2026-08-05,2026-08-06,500,mixed,main,1,"אם הבחירות היו מתקיימות היום, וכל המפלגות הקיימות היו מתמודדות בנפרד, למי היית מצביע/ה?",הליכוד,הליכוד,21,16.4,,1,2026-08-10
4057,טאטיקה,זמן ישראל,2026-08-05,2026-08-06,500,mixed,main,1,"אם הבחירות היו מתקיימות היום, וכל המפלגות הקיימות היו מתמודדות בנפרד, למי היית מצביע/ה?",ביחד,ביחד בראשות נפתלי בנט,15,11.6,,1,2026-08-10
4057,טאטיקה,זמן ישראל,2026-08-05,2026-08-06,500,mixed,main,1,"אם הבחירות היו מתקיימות היום, וכל המפלגות הקיימות היו מתמודדות בנפרד, למי היית מצביע/ה?",ישראל ביתנו,ישראל ביתנו,11,8.4,,1,2026-08-10
4057,טאטיקה,זמן ישראל,2026-08-05,2026-08-06,500,mixed,main,1,"אם הבחירות היו מתקיימות היום, וכל המפלגות הקיימות היו מתמודדות בנפרד, למי היית מצביע/ה?",יהדות התורה,יהדות התורה,8,6.4,,1,2026-08-10
4057,טאטיקה,זמן ישראל,2026-08-05,2026-08-06,500,mixed,main,1,"אם הבחירות היו מתקיימות היום, וכל המפלגות הקיימות היו מתמודדות בנפרד, למי היית מצביע/ה?",הדמוקרטים,הדמוקרטים,8,6.4,,1,2026-08-10
4057,טאטיקה,זמן ישראל,2026-08-05,2026-08-06,500,mixed,main,1,"אם הבחירות היו מתקיימות היום, וכל המפלגות הקיימות היו מתמודדות בנפרד, למי היית מצביע/ה?","ש""ס","ש""ס",8,6.4,,1,2026-08-10
4057,טאטיקה,זמן ישראל,2026-08-05,2026-08-06,500,mixed,main,1,"אם הבחירות היו מתקיימות היום, וכל המפלגות הקיימות היו מתמודדות בנפרד, למי היית מצביע/ה?",עוצמה יהודית,עוצמה יהודית,8,6.0,,1,2026-08-10
4057,טאטיקה,זמן ישראל,2026-08-05,2026-08-06,500,mixed,main,1,"אם הבחירות היו מתקיימות היום, וכל המפלגות הקיימות היו מתמודדות בנפרד, למי היית מצביע/ה?",הרשימה המשותפת,"חד""ש תע""ל בל""ד",6,5.0,,1,2026-08-10
4057,טאטיקה,זמן ישראל,2026-08-05,2026-08-06,500,mixed,main,1,"אם הבחירות היו מתקיימות היום, וכל המפלגות הקיימות היו מתמודדות בנפרד, למי היית מצביע/ה?",הציונות הדתית,הציונות הדתית,6,5.0,,1,2026-08-10
4057,טאטיקה,זמן ישראל,2026-08-05,2026-08-06,500,mixed,main,1,"אם הבחירות היו מתקיימות היום, וכל המפלגות הקיימות היו מתמודדות בנפרד, למי היית מצביע/ה?","רע""ם","רע""ם",6,4.8,,1,2026-08-10
4057,טאטיקה,זמן ישראל,2026-08-05,2026-08-06,500,mixed,main,1,"אם הבחירות היו מתקיימות היום, וכל המפלגות הקיימות היו מתמודדות בנפרד, למי היית מצביע/ה?",בית ציוני,בית ציוני בהובלת יועז הנדל וחילי טרופר,0,3.0,,1,2026-08-10
4057,טאטיקה,זמן ישראל,2026-08-05,2026-08-06,500,mixed,main,1,"אם הבחירות היו מתקיימות היום, וכל המפלגות הקיימות היו מתמודדות בנפרד, למי היית מצביע/ה?",כחול לבן,כחול לבן בהובלת בני גנץ ודדי שמחי,0,3.0,,1,2026-08-10
4068,דיירקט פולס,i24NEWS,2026-08-06,2026-08-06,535,mixed,main,1,"אילו הבחירות לכנסת היו מתקיימות היום, למי הייתם מצביעים?",הליכוד,הליכוד,28,21.6,,1,2026-08-16
4068,דיירקט פולס,i24NEWS,2026-08-06,2026-08-06,535,mixed,main,1,"אילו הבחירות לכנסת היו מתקיימות היום, למי הייתם מצביעים?",ישר,ישר,23,17.7,,1,2026-08-16
4068,דיירקט פולס,i24NEWS,2026-08-06,2026-08-06,535,mixed,main,1,"אילו הבחירות לכנסת היו מתקיימות היום, למי הייתם מצביעים?",הדמוקרטים,הדמוקרטים,10,7.7,,1,2026-08-16
4068,דיירקט פולס,i24NEWS,2026-08-06,2026-08-06,535,mixed,main,1,"אילו הבחירות לכנסת היו מתקיימות היום, למי הייתם מצביעים?",ישראל ביתנו,ישראל ביתנו,9,7.0,,1,2026-08-16
4068,דיירקט פולס,i24NEWS,2026-08-06,2026-08-06,535,mixed,main,1,"אילו הבחירות לכנסת היו מתקיימות היום, למי הייתם מצביעים?",יהדות התורה,יהדות התורה,9,6.8,,1,2026-08-16
4068,דיירקט פולס,i24NEWS,2026-08-06,2026-08-06,535,mixed,main,1,"אילו הבחירות לכנסת היו מתקיימות היום, למי הייתם מצביעים?",עוצמה יהודית,עוצמה יהודית,8,6.3,,1,2026-08-16
4068,דיירקט פולס,i24NEWS,2026-08-06,2026-08-06,535,mixed,main,1,"אילו הבחירות לכנסת היו מתקיימות היום, למי הייתם מצביעים?",הרשימה המשותפת,הרשימה המשותפת,8,6.1,,1,2026-08-16
4068,דיירקט פולס,i24NEWS,2026-08-06,2026-08-06,535,mixed,main,1,"אילו הבחירות לכנסת היו מתקיימות היום, למי הייתם מצביעים?","ש""ס","ש""ס",8,6.1,,1,2026-08-16
4068,דיירקט פולס,i24NEWS,2026-08-06,2026-08-06,535,mixed,main,1,"אילו הבחירות לכנסת היו מתקיימות היום, למי הייתם מצביעים?",ביחד,ביחד,7,5.4,,1,2026-08-16
4068,דיירקט פולס,i24NEWS,2026-08-06,2026-08-06,535,mixed,main,1,"אילו הבחירות לכנסת היו מתקיימות היום, למי הייתם מצביעים?","רע""ם","רע""ם",5,4.0,,1,2026-08-16
4068,דיירקט פולס,i24NEWS,2026-08-06,2026-08-06,535,mixed,main,1,"אילו הבחירות לכנסת היו מתקיימות היום, למי הייתם מצביעים?",הציונות הדתית,הציונות הדתית,5,3.8,,1,2026-08-16
4068,דיירקט פולס,i24NEWS,2026-08-06,2026-08-06,535,mixed,main,1,"אילו הבחירות לכנסת היו מתקיימות היום, למי הייתם מצביעים?",בית ציוני,בית ציוני,0,2.1,,1,2026-08-16
4068,דיירקט פולס,i24NEWS,2026-08-06,2026-08-06,535,mixed,main,1,"אילו הבחירות לכנסת היו מתקיימות היום, למי הייתם מצביעים?",האחדות,האחדות,0,1.6,,1,2026-08-16
4068,דיירקט פולס,i24NEWS,2026-08-06,2026-08-06,535,mixed,main,1,"אילו הבחירות לכנסת היו מתקיימות היום, למי הייתם מצביעים?",זהות,זהות,0,1.5,,1,2026-08-16
4061,קנטאר,כאן 11,2026-08-09,2026-08-09,551,internet,main,1,"אילו היו מתקיימות היום הבחירות לכנסת, והמפלגות המתמודדות יהיו המפלגות הבאות עם ראשי המפלגות שברשימה בפניך, עבור איזו מפלגה היית מצביע? (תחזית המנדטים 1 - מצב נוכחי)",הליכוד,הליכוד בראשות בנימין נתניהו,24,18.3,,1,2026-08-11
4061,קנטאר,כאן 11,2026-08-09,2026-08-09,551,internet,main,1,"אילו היו מתקיימות היום הבחירות לכנסת, והמפלגות המתמודדות יהיו המפלגות הבאות עם ראשי המפלגות שברשימה בפניך, עבור איזו מפלגה היית מצביע? (תחזית המנדטים 1 - מצב נוכחי)",ישר,מפלגת ישר! בראשות גדי איזנקוט,23,17.6,,1,2026-08-11
4061,קנטאר,כאן 11,2026-08-09,2026-08-09,551,internet,main,1,"אילו היו מתקיימות היום הבחירות לכנסת, והמפלגות המתמודדות יהיו המפלגות הבאות עם ראשי המפלגות שברשימה בפניך, עבור איזו מפלגה היית מצביע? (תחזית המנדטים 1 - מצב נוכחי)",ביחד,ביחד בראשות נפתלי בנט,13,9.9,,1,2026-08-11
4061,קנטאר,כאן 11,2026-08-09,2026-08-09,551,internet,main,1,"אילו היו מתקיימות היום הבחירות לכנסת, והמפלגות המתמודדות יהיו המפלגות הבאות עם ראשי המפלגות שברשימה בפניך, עבור איזו מפלגה היית מצביע? (תחזית המנדטים 1 - מצב נוכחי)",הדמוקרטים,מפלגת הדמוקרטים בראשות יאיר גולן,10,7.6,,1,2026-08-11
4061,קנטאר,כאן 11,2026-08-09,2026-08-09,551,internet,main,1,"אילו היו מתקיימות היום הבחירות לכנסת, והמפלגות המתמודדות יהיו המפלגות הבאות עם ראשי המפלגות שברשימה בפניך, עבור איזו מפלגה היית מצביע? (תחזית המנדטים 1 - מצב נוכחי)",ישראל ביתנו,ישראל ביתנו בראשות אביגדור ליברמן,10,7.6,,1,2026-08-11
4061,קנטאר,כאן 11,2026-08-09,2026-08-09,551,internet,main,1,"אילו היו מתקיימות היום הבחירות לכנסת, והמפלגות המתמודדות יהיו המפלגות הבאות עם ראשי המפלגות שברשימה בפניך, עבור איזו מפלגה היית מצביע? (תחזית המנדטים 1 - מצב נוכחי)",עוצמה יהודית,עוצמה יהודית בראשות איתמר בן גביר,8,6.1,,1,2026-08-11
4061,קנטאר,כאן 11,2026-08-09,2026-08-09,551,internet,main,1,"אילו היו מתקיימות היום הבחירות לכנסת, והמפלגות המתמודדות יהיו המפלגות הבאות עם ראשי המפלגות שברשימה בפניך, עבור איזו מפלגה היית מצביע? (תחזית המנדטים 1 - מצב נוכחי)","ש""ס","ש""ס בראשות אריה דרעי",8,6.1,,1,2026-08-11
4061,קנטאר,כאן 11,2026-08-09,2026-08-09,551,internet,main,1,"אילו היו מתקיימות היום הבחירות לכנסת, והמפלגות המתמודדות יהיו המפלגות הבאות עם ראשי המפלגות שברשימה בפניך, עבור איזו מפלגה היית מצביע? (תחזית המנדטים 1 - מצב נוכחי)",יהדות התורה,יהדות התורה בראשות יצחק גולדקנופף,8,6.1,,1,2026-08-11
4061,קנטאר,כאן 11,2026-08-09,2026-08-09,551,internet,main,1,"אילו היו מתקיימות היום הבחירות לכנסת, והמפלגות המתמודדות יהיו המפלגות הבאות עם ראשי המפלגות שברשימה בפניך, עבור איזו מפלגה היית מצביע? (תחזית המנדטים 1 - מצב נוכחי)","רע""ם","רע""מ בראשות מנסור עבאס",6,4.6,,1,2026-08-11
4061,קנטאר,כאן 11,2026-08-09,2026-08-09,551,internet,main,1,"אילו היו מתקיימות היום הבחירות לכנסת, והמפלגות המתמודדות יהיו המפלגות הבאות עם ראשי המפלגות שברשימה בפניך, עבור איזו מפלגה היית מצביע? (תחזית המנדטים 1 - מצב נוכחי)",הציונות הדתית,הציונות הדתית בראשות בצלאל סמוטריץ',5,3.8,,1,2026-08-11
4061,קנטאר,כאן 11,2026-08-09,2026-08-09,551,internet,main,1,"אילו היו מתקיימות היום הבחירות לכנסת, והמפלגות המתמודדות יהיו המפלגות הבאות עם ראשי המפלגות שברשימה בפניך, עבור איזו מפלגה היית מצביע? (תחזית המנדטים 1 - מצב נוכחי)",הרשימה המשותפת,"חד""ש-תע""ל בראשות יוסף ג'אברין ואחמד טיבי",5,3.8,,1,2026-08-11
4061,קנטאר,כאן 11,2026-08-09,2026-08-09,551,internet,main,1,"אילו היו מתקיימות היום הבחירות לכנסת, והמפלגות המתמודדות יהיו המפלגות הבאות עם ראשי המפלגות שברשימה בפניך, עבור איזו מפלגה היית מצביע? (תחזית המנדטים 1 - מצב נוכחי)",בית ציוני,בית ציוני-המילואימניקים בראשות חילי טרופר ויועז הנדל,0,3.0,,1,2026-08-11
4061,קנטאר,כאן 11,2026-08-09,2026-08-09,551,internet,main,1,"אילו היו מתקיימות היום הבחירות לכנסת, והמפלגות המתמודדות יהיו המפלגות הבאות עם ראשי המפלגות שברשימה בפניך, עבור איזו מפלגה היית מצביע? (תחזית המנדטים 1 - מצב נוכחי)",כחול לבן,כחול לבן בראשות בני גנץ,0,1.3,,1,2026-08-11
4061,קנטאר,כאן 11,2026-08-09,2026-08-09,551,internet,main,1,"אילו היו מתקיימות היום הבחירות לכנסת, והמפלגות המתמודדות יהיו המפלגות הבאות עם ראשי המפלגות שברשימה בפניך, עבור איזו מפלגה היית מצביע? (תחזית המנדטים 1 - מצב נוכחי)",האחדות,מפלגה בראשות גלעד ארדן ויולי אדלשטיין,0,1.9,,1,2026-08-11
4061,קנטאר,כאן 11,2026-08-09,2026-08-09,551,internet,main,1,"אילו היו מתקיימות היום הבחירות לכנסת, והמפלגות המתמודדות יהיו המפלגות הבאות עם ראשי המפלגות שברשימה בפניך, עבור איזו מפלגה היית מצביע? (תחזית המנדטים 1 - מצב נוכחי)",אחר,"בל""ד בראשות סמי אבו שחאדה",0,2.1,,1,2026-08-11
4061,קנטאר,כאן 11,2026-08-09,2026-08-09,551,internet,scenario,2,תחזית מנדטים 2 - אם תרוץ מפלגת ימין חדשה בראשות עופר וינטר,הליכוד,הליכוד בראשות בנימין נתניהו,24,17.8,,1,2026-08-11
4061,קנטאר,כאן 11,2026-08-09,2026-08-09,551,internet,scenario,2,תחזית מנדטים 2 - אם תרוץ מפלגת ימין חדשה בראשות עופר וינטר,ישר,מפלגת ישר! בראשות גדי איזנקוט,23,17.2,,1,2026-08-11
4061,קנטאר,כאן 11,2026-08-09,2026-08-09,551,internet,scenario,2,תחזית מנדטים 2 - אם תרוץ מפלגת ימין חדשה בראשות עופר וינטר,ביחד,ביחד בראשות נפתלי בנט,13,9.7,,1,2026-08-11
4061,קנטאר,כאן 11,2026-08-09,2026-08-09,551,internet,scenario,2,תחזית מנדטים 2 - אם תרוץ מפלגת ימין חדשה בראשות עופר וינטר,הדמוקרטים,מפלגת הדמוקרטים בראשות יאיר גולן,10,7.5,,1,2026-08-11
4061,קנטאר,כאן 11,2026-08-09,2026-08-09,551,internet,scenario,2,תחזית מנדטים 2 - אם תרוץ מפלגת ימין חדשה בראשות עופר וינטר,ישראל ביתנו,ישראל ביתנו בראשות אביגדור ליברמן,10,7.5,,1,2026-08-11
4061,קנטאר,כאן 11,2026-08-09,2026-08-09,551,internet,scenario,2,תחזית מנדטים 2 - אם תרוץ מפלגת ימין חדשה בראשות עופר וינטר,עוצמה יהודית,עוצמה יהודית בראשות איתמר בן גביר,8,6.0,,1,2026-08-11
4061,קנטאר,כאן 11,2026-08-09,2026-08-09,551,internet,scenario,2,תחזית מנדטים 2 - אם תרוץ מפלגת ימין חדשה בראשות עופר וינטר,"ש""ס","ש""ס בראשות אריה דרעי",8,6.0,,1,2026-08-11
4061,קנטאר,כאן 11,2026-08-09,2026-08-09,551,internet,scenario,2,תחזית מנדטים 2 - אם תרוץ מפלגת ימין חדשה בראשות עופר וינטר,יהדות התורה,יהדות התורה בראשות יצחק גולדקנופף,8,6.0,,1,2026-08-11
4061,קנטאר,כאן 11,2026-08-09,2026-08-09,551,internet,scenario,2,תחזית מנדטים 2 - אם תרוץ מפלגת ימין חדשה בראשות עופר וינטר,"רע""ם","רע""מ בראשות מנסור עבאס",6,4.5,,1,2026-08-11
4061,קנטאר,כאן 11,2026-08-09,2026-08-09,551,internet,scenario,2,תחזית מנדטים 2 - אם תרוץ מפלגת ימין חדשה בראשות עופר וינטר,הציונות הדתית,הציונות הדתית בראשות בצלאל סמוטריץ',5,3.7,,1,2026-08-11
4061,קנטאר,כאן 11,2026-08-09,2026-08-09,551,internet,scenario,2,תחזית מנדטים 2 - אם תרוץ מפלגת ימין חדשה בראשות עופר וינטר,הרשימה המשותפת,"חד""ש-תע""ל בראשות יוסף ג'אברין ואחמד טיבי",5,3.7,,1,2026-08-11
4061,קנטאר,כאן 11,2026-08-09,2026-08-09,551,internet,scenario,2,תחזית מנדטים 2 - אם תרוץ מפלגת ימין חדשה בראשות עופר וינטר,בית ציוני,בית ציוני-המילואימניקים בראשות חילי טרופר ויועז הנדל,0,2.8,,1,2026-08-11
4061,קנטאר,כאן 11,2026-08-09,2026-08-09,551,internet,scenario,2,תחזית מנדטים 2 - אם תרוץ מפלגת ימין חדשה בראשות עופר וינטר,עמך ישראל,מפלגת ימין חדשה בראשות עופר וינטר,0,3.0,,1,2026-08-11
4061,קנטאר,כאן 11,2026-08-09,2026-08-09,551,internet,scenario,2,תחזית מנדטים 2 - אם תרוץ מפלגת ימין חדשה בראשות עופר וינטר,כחול לבן,איחוד של בני גנץ (כחול לבן) ודדי שמחי,0,1.4,,1,2026-08-11
4061,קנטאר,כאן 11,2026-08-09,2026-08-09,551,internet,scenario,2,תחזית מנדטים 2 - אם תרוץ מפלגת ימין חדשה בראשות עופר וינטר,האחדות,מפלגה בראשות גלעד ארדן ויולי אדלשטיין,0,1.7,,1,2026-08-11
4061,קנטאר,כאן 11,2026-08-09,2026-08-09,551,internet,scenario,2,תחזית מנדטים 2 - אם תרוץ מפלגת ימין חדשה בראשות עופר וינטר,אחר,"בל""ד בראשות סמי אבו שחאדה",0,1.5,,1,2026-08-11
4061,קנטאר,כאן 11,2026-08-09,2026-08-09,551,internet,scenario,3,"תחזית מנדטים 3 - אם יהיה איחוד של חד""ש-תע""ל ובל""ד ובנוסף יואב סיגלוביץ יצטרף למפלגת רע""ם בראשות מנסור עבאס",הליכוד,הליכוד בראשות בנימין נתניהו,23,18.0,,1,2026-08-11
4061,קנטאר,כאן 11,2026-08-09,2026-08-09,551,internet,scenario,3,"תחזית מנדטים 3 - אם יהיה איחוד של חד""ש-תע""ל ובל""ד ובנוסף יואב סיגלוביץ יצטרף למפלגת רע""ם בראשות מנסור עבאס",ישר,מפלגת ישר! בראשות גדי איזנקוט,22,17.2,,1,2026-08-11
4061,קנטאר,כאן 11,2026-08-09,2026-08-09,551,internet,scenario,3,"תחזית מנדטים 3 - אם יהיה איחוד של חד""ש-תע""ל ובל""ד ובנוסף יואב סיגלוביץ יצטרף למפלגת רע""ם בראשות מנסור עבאס",ביחד,ביחד בראשות נפתלי בנט,14,10.8,,1,2026-08-11
4061,קנטאר,כאן 11,2026-08-09,2026-08-09,551,internet,scenario,3,"תחזית מנדטים 3 - אם יהיה איחוד של חד""ש-תע""ל ובל""ד ובנוסף יואב סיגלוביץ יצטרף למפלגת רע""ם בראשות מנסור עבאס",ישראל ביתנו,ישראל ביתנו בראשות אביגדור ליברמן,10,7.8,,1,2026-08-11
4061,קנטאר,כאן 11,2026-08-09,2026-08-09,551,internet,scenario,3,"תחזית מנדטים 3 - אם יהיה איחוד של חד""ש-תע""ל ובל""ד ובנוסף יואב סיגלוביץ יצטרף למפלגת רע""ם בראשות מנסור עבאס",הדמוקרטים,מפלגת הדמוקרטים בראשות יאיר גולן,9,7.0,,1,2026-08-11
4061,קנטאר,כאן 11,2026-08-09,2026-08-09,551,internet,scenario,3,"תחזית מנדטים 3 - אם יהיה איחוד של חד""ש-תע""ל ובל""ד ובנוסף יואב סיגלוביץ יצטרף למפלגת רע""ם בראשות מנסור עבאס",עוצמה יהודית,עוצמה יהודית בראשות איתמר בן גביר,8,6.3,,1,2026-08-11
4061,קנטאר,כאן 11,2026-08-09,2026-08-09,551,internet,scenario,3,"תחזית מנדטים 3 - אם יהיה איחוד של חד""ש-תע""ל ובל""ד ובנוסף יואב סיגלוביץ יצטרף למפלגת רע""ם בראשות מנסור עבאס","ש""ס","ש""ס בראשות אריה דרעי",8,6.3,,1,2026-08-11
4061,קנטאר,כאן 11,2026-08-09,2026-08-09,551,internet,scenario,3,"תחזית מנדטים 3 - אם יהיה איחוד של חד""ש-תע""ל ובל""ד ובנוסף יואב סיגלוביץ יצטרף למפלגת רע""ם בראשות מנסור עבאס",יהדות התורה,יהדות התורה בראשות יצחק גולדקנופף,8,6.3,,1,2026-08-11
4061,קנטאר,כאן 11,2026-08-09,2026-08-09,551,internet,scenario,3,"תחזית מנדטים 3 - אם יהיה איחוד של חד""ש-תע""ל ובל""ד ובנוסף יואב סיגלוביץ יצטרף למפלגת רע""ם בראשות מנסור עבאס",הרשימה המשותפת,"חד""ש-תע""ל ובל""ד בראשות יוסף ג'אברין, אחמד טיבי וסמי אבו שחאדה",8,6.3,,1,2026-08-11
4061,קנטאר,כאן 11,2026-08-09,2026-08-09,551,internet,scenario,3,"תחזית מנדטים 3 - אם יהיה איחוד של חד""ש-תע""ל ובל""ד ובנוסף יואב סיגלוביץ יצטרף למפלגת רע""ם בראשות מנסור עבאס",הציונות הדתית,הציונות הדתית בראשות בצלאל סמוטריץ',5,3.9,,1,2026-08-11
4061,קנטאר,כאן 11,2026-08-09,2026-08-09,551,internet,scenario,3,"תחזית מנדטים 3 - אם יהיה איחוד של חד""ש-תע""ל ובל""ד ובנוסף יואב סיגלוביץ יצטרף למפלגת רע""ם בראשות מנסור עבאס","רע""ם","רע""מ בראשות מנסור עבאס ויואב סיגלוביץ'",5,3.9,,1,2026-08-11
4061,קנטאר,כאן 11,2026-08-09,2026-08-09,551,internet,scenario,3,"תחזית מנדטים 3 - אם יהיה איחוד של חד""ש-תע""ל ובל""ד ובנוסף יואב סיגלוביץ יצטרף למפלגת רע""ם בראשות מנסור עבאס",בית ציוני,בית ציוני-המילואימניקים בראשות חילי טרופר ויועז הנדל,0,3.0,,1,2026-08-11
4061,קנטאר,כאן 11,2026-08-09,2026-08-09,551,internet,scenario,3,"תחזית מנדטים 3 - אם יהיה איחוד של חד""ש-תע""ל ובל""ד ובנוסף יואב סיגלוביץ יצטרף למפלגת רע""ם בראשות מנסור עבאס",כחול לבן,כחול לבן בראשות בני גנץ,0,1.3,,1,2026-08-11
4061,קנטאר,כאן 11,2026-08-09,2026-08-09,551,internet,scenario,3,"תחזית מנדטים 3 - אם יהיה איחוד של חד""ש-תע""ל ובל""ד ובנוסף יואב סיגלוביץ יצטרף למפלגת רע""ם בראשות מנסור עבאס",האחדות,מפלגה בראשות גלעד ארדן ויולי אדלשטיין,0,1.9,,1,2026-08-11
4059,מאגר מוחות,ערוץ 16,2026-08-09,2026-08-10,551,mixed,main,1,"אם הבחירות לכנסת היו מתקיימות היום, לאיזו מפלגה היית מצביע? (ברוטציה)",הליכוד,הליכוד בראשות בנימין נתניהו,22,14.0,10.0,1,2026-08-11
4059,מאגר מוחות,ערוץ 16,2026-08-09,2026-08-10,551,mixed,main,1,"אם הבחירות לכנסת היו מתקיימות היום, לאיזו מפלגה היית מצביע? (ברוטציה)",ישר,"מפלגת ""ישר!"" בראשות גדי איזנקוט",22,14.0,10.0,1,2026-08-11
4059,מאגר מוחות,ערוץ 16,2026-08-09,2026-08-10,551,mixed,main,1,"אם הבחירות לכנסת היו מתקיימות היום, לאיזו מפלגה היית מצביע? (ברוטציה)",ביחד,"מפלגת ""ביחד"", בראשות נפתלי בנט",16,11.0,10.0,1,2026-08-11
4059,מאגר מוחות,ערוץ 16,2026-08-09,2026-08-10,551,mixed,main,1,"אם הבחירות לכנסת היו מתקיימות היום, לאיזו מפלגה היית מצביע? (ברוטציה)",הדמוקרטים,הדמוקרטים בראשות יאיר גולן,12,8.0,10.0,1,2026-08-11
4059,מאגר מוחות,ערוץ 16,2026-08-09,2026-08-10,551,mixed,main,1,"אם הבחירות לכנסת היו מתקיימות היום, לאיזו מפלגה היית מצביע? (ברוטציה)","ש""ס","ש""ס בראשות אריה דרעי",10,7.0,10.0,1,2026-08-11
4059,מאגר מוחות,ערוץ 16,2026-08-09,2026-08-10,551,mixed,main,1,"אם הבחירות לכנסת היו מתקיימות היום, לאיזו מפלגה היית מצביע? (ברוטציה)",עוצמה יהודית,עוצמה יהודית בראשות איתמר בן גביר,9,6.0,10.0,1,2026-08-11
4059,מאגר מוחות,ערוץ 16,2026-08-09,2026-08-10,551,mixed,main,1,"אם הבחירות לכנסת היו מתקיימות היום, לאיזו מפלגה היית מצביע? (ברוטציה)",ישראל ביתנו,ישראל ביתנו בראשות אביגדור ליברמן,9,6.0,10.0,1,2026-08-11
4059,מאגר מוחות,ערוץ 16,2026-08-09,2026-08-10,551,mixed,main,1,"אם הבחירות לכנסת היו מתקיימות היום, לאיזו מפלגה היית מצביע? (ברוטציה)",יהדות התורה,יהדות התורה בראשות יצחק גולדקנופף,7,5.0,10.0,1,2026-08-11
4059,מאגר מוחות,ערוץ 16,2026-08-09,2026-08-10,551,mixed,main,1,"אם הבחירות לכנסת היו מתקיימות היום, לאיזו מפלגה היית מצביע? (ברוטציה)",הרשימה המשותפת,"חדש-תע""ל בראשות ד""ר יוסף ג'בארין ואחמד טיבי",5,3.0,10.0,1,2026-08-11
4059,מאגר מוחות,ערוץ 16,2026-08-09,2026-08-10,551,mixed,main,1,"אם הבחירות לכנסת היו מתקיימות היום, לאיזו מפלגה היית מצביע? (ברוטציה)",הציונות הדתית,הציונות הדתית בראשות בצלאל סמוטריץ',4,3.0,10.0,1,2026-08-11
4059,מאגר מוחות,ערוץ 16,2026-08-09,2026-08-10,551,mixed,main,1,"אם הבחירות לכנסת היו מתקיימות היום, לאיזו מפלגה היית מצביע? (ברוטציה)","רע""ם","רע""ם בראשות מנסור עבאס",4,3.0,10.0,1,2026-08-11
4059,מאגר מוחות,ערוץ 16,2026-08-09,2026-08-10,551,mixed,main,1,"אם הבחירות לכנסת היו מתקיימות היום, לאיזו מפלגה היית מצביע? (ברוטציה)",כחול לבן,כחול לבן בראשות בני גנץ,0,2.0,10.0,1,2026-08-11
4059,מאגר מוחות,ערוץ 16,2026-08-09,2026-08-10,551,mixed,main,1,"אם הבחירות לכנסת היו מתקיימות היום, לאיזו מפלגה היית מצביע? (ברוטציה)",אחר,"בל""ד בראשות סמי אבו שחאדה",0,2.0,10.0,1,2026-08-11
4059,מאגר מוחות,ערוץ 16,2026-08-09,2026-08-10,551,mixed,main,1,"אם הבחירות לכנסת היו מתקיימות היום, לאיזו מפלגה היית מצביע? (ברוטציה)",בית ציוני,הבית הציוני בראשות יועז הנדל וחילי טרופר,0,2.0,10.0,1,2026-08-11
4059,מאגר מוחות,ערוץ 16,2026-08-09,2026-08-10,551,mixed,main,1,"אם הבחירות לכנסת היו מתקיימות היום, לאיזו מפלגה היית מצביע? (ברוטציה)",האחדות,מפלגה בראשות גלעד ארדן ויולי אדלשטיין,0,2.0,10.0,1,2026-08-11
4059,מאגר מוחות,ערוץ 16,2026-08-09,2026-08-10,551,mixed,main,1,"אם הבחירות לכנסת היו מתקיימות היום, לאיזו מפלגה היית מצביע? (ברוטציה)",זהות,זהות בראשות משה פייגלין ומיכאל בן ארי,0,1.0,10.0,1,2026-08-11
4064,מדגם,חדשות 12,2026-08-10,2026-08-10,502,mixed,main,1,"אילו הבחירות לכנסת היו מתקיימות היום, לאיזו מפלגה היית מצביע?",ישר,ישר! עם איזנקוט בראשות גדי איזנקוט,24,18.5,9.4,1,2026-08-11
4064,מדגם,חדשות 12,2026-08-10,2026-08-10,502,mixed,main,1,"אילו הבחירות לכנסת היו מתקיימות היום, לאיזו מפלגה היית מצביע?",הליכוד,הליכוד בראשות בנימין נתניהו,22,17.2,9.4,1,2026-08-11
4064,מדגם,חדשות 12,2026-08-10,2026-08-10,502,mixed,main,1,"אילו הבחירות לכנסת היו מתקיימות היום, לאיזו מפלגה היית מצביע?",ביחד,ביחד בראשות נפתלי בנט,15,11.5,9.4,1,2026-08-11
4064,מדגם,חדשות 12,2026-08-10,2026-08-10,502,mixed,main,1,"אילו הבחירות לכנסת היו מתקיימות היום, לאיזו מפלגה היית מצביע?",הדמוקרטים,הדמוקרטים בראשות יאיר גולן,11,8.5,9.4,1,2026-08-11
4064,מדגם,חדשות 12,2026-08-10,2026-08-10,502,mixed,main,1,"אילו הבחירות לכנסת היו מתקיימות היום, לאיזו מפלגה היית מצביע?",ישראל ביתנו,ישראל ביתנו בראשות אביגדור ליברמן,10,7.8,9.4,1,2026-08-11
4064,מדגם,חדשות 12,2026-08-10,2026-08-10,502,mixed,main,1,"אילו הבחירות לכנסת היו מתקיימות היום, לאיזו מפלגה היית מצביע?",יהדות התורה,יהדות התורה בראשות יצחק גולדקנופף,8,6.2,9.4,1,2026-08-11
4064,מדגם,חדשות 12,2026-08-10,2026-08-10,502,mixed,main,1,"אילו הבחירות לכנסת היו מתקיימות היום, לאיזו מפלגה היית מצביע?",עוצמה יהודית,עוצמה יהודית בראשות איתמר בן גביר,8,6.1,9.4,1,2026-08-11
4064,מדגם,חדשות 12,2026-08-10,2026-08-10,502,mixed,main,1,"אילו הבחירות לכנסת היו מתקיימות היום, לאיזו מפלגה היית מצביע?","ש""ס","ש""ס בראשות אריה דרעי",7,5.4,9.4,1,2026-08-11
4064,מדגם,חדשות 12,2026-08-10,2026-08-10,502,mixed,main,1,"אילו הבחירות לכנסת היו מתקיימות היום, לאיזו מפלגה היית מצביע?",הרשימה המשותפת,"חד""ש-תע""ל בראשות יוסף ג'בארין ואחמד טיבי",5,3.9,9.4,1,2026-08-11
4064,מדגם,חדשות 12,2026-08-10,2026-08-10,502,mixed,main,1,"אילו הבחירות לכנסת היו מתקיימות היום, לאיזו מפלגה היית מצביע?","רע""ם","הרשימה הערבית המאוחדת - רע""ם בראשות מנסור עבאס",5,3.9,9.4,1,2026-08-11
4064,מדגם,חדשות 12,2026-08-10,2026-08-10,502,mixed,main,1,"אילו הבחירות לכנסת היו מתקיימות היום, לאיזו מפלגה היית מצביע?",הציונות הדתית,הציונות הדתית בראשות בצלאל סמוטריץ',5,3.7,9.4,1,2026-08-11
4064,מדגם,חדשות 12,2026-08-10,2026-08-10,502,mixed,main,1,"אילו הבחירות לכנסת היו מתקיימות היום, לאיזו מפלגה היית מצביע?",בית ציוני,בית ציוני - המילואימניקים בראשות חילי טרופר ויועז הנדל,0,2.7,9.4,1,2026-08-11
4064,מדגם,חדשות 12,2026-08-10,2026-08-10,502,mixed,main,1,"אילו הבחירות לכנסת היו מתקיימות היום, לאיזו מפלגה היית מצביע?",אחר,"בל""ד בראשות סמי אבו שחאדה",0,1.6,9.4,1,2026-08-11
4064,מדגם,חדשות 12,2026-08-10,2026-08-10,502,mixed,main,1,"אילו הבחירות לכנסת היו מתקיימות היום, לאיזו מפלגה היית מצביע?",האחדות,מפלגת ימין חדשה בראשות גלעד ארדן,0,1.3,9.4,1,2026-08-11
4064,מדגם,חדשות 12,2026-08-10,2026-08-10,502,mixed,main,1,"אילו הבחירות לכנסת היו מתקיימות היום, לאיזו מפלגה היית מצביע?",כחול לבן,כחול לבן בראשות בני גנץ,0,0.8,9.4,1,2026-08-11
4064,מדגם,חדשות 12,2026-08-10,2026-08-10,502,mixed,scenario,2,"ואילו הבחירות לכנסת היו מתקיימות היום ומפלגות חד""ש, תע""ל ובל""ד היו מתמודדות ברשימה אחת, ובנוסף, ח""כ יואב סגלוביץ' יצטרף לרשימה הערבית המאוחדת - רע""ם בראשות מנסור עבאס, ויתר המפלגות ללא שינוי, לאיזו מפלגה היית מצביע?",ישר,ישר! עם איזנקוט בראשות גדי איזנקוט,23,18.2,7.4,1,2026-08-11
4064,מדגם,חדשות 12,2026-08-10,2026-08-10,502,mixed,scenario,2,"ואילו הבחירות לכנסת היו מתקיימות היום ומפלגות חד""ש, תע""ל ובל""ד היו מתמודדות ברשימה אחת, ובנוסף, ח""כ יואב סגלוביץ' יצטרף לרשימה הערבית המאוחדת - רע""ם בראשות מנסור עבאס, ויתר המפלגות ללא שינוי, לאיזו מפלגה היית מצביע?",הליכוד,הליכוד בראשות בנימין נתניהו,22,17.4,7.4,1,2026-08-11
4064,מדגם,חדשות 12,2026-08-10,2026-08-10,502,mixed,scenario,2,"ואילו הבחירות לכנסת היו מתקיימות היום ומפלגות חד""ש, תע""ל ובל""ד היו מתמודדות ברשימה אחת, ובנוסף, ח""כ יואב סגלוביץ' יצטרף לרשימה הערבית המאוחדת - רע""ם בראשות מנסור עבאס, ויתר המפלגות ללא שינוי, לאיזו מפלגה היית מצביע?",ביחד,ביחד בראשות נפתלי בנט,15,11.5,7.4,1,2026-08-11
4064,מדגם,חדשות 12,2026-08-10,2026-08-10,502,mixed,scenario,2,"ואילו הבחירות לכנסת היו מתקיימות היום ומפלגות חד""ש, תע""ל ובל""ד היו מתמודדות ברשימה אחת, ובנוסף, ח""כ יואב סגלוביץ' יצטרף לרשימה הערבית המאוחדת - רע""ם בראשות מנסור עבאס, ויתר המפלגות ללא שינוי, לאיזו מפלגה היית מצביע?",ישראל ביתנו,ישראל ביתנו בראשות אביגדור ליברמן,10,7.8,7.4,1,2026-08-11
4064,מדגם,חדשות 12,2026-08-10,2026-08-10,502,mixed,scenario,2,"ואילו הבחירות לכנסת היו מתקיימות היום ומפלגות חד""ש, תע""ל ובל""ד היו מתמודדות ברשימה אחת, ובנוסף, ח""כ יואב סגלוביץ' יצטרף לרשימה הערבית המאוחדת - רע""ם בראשות מנסור עבאס, ויתר המפלגות ללא שינוי, לאיזו מפלגה היית מצביע?",הדמוקרטים,הדמוקרטים בראשות יאיר גולן,10,7.7,7.4,1,2026-08-11
4064,מדגם,חדשות 12,2026-08-10,2026-08-10,502,mixed,scenario,2,"ואילו הבחירות לכנסת היו מתקיימות היום ומפלגות חד""ש, תע""ל ובל""ד היו מתמודדות ברשימה אחת, ובנוסף, ח""כ יואב סגלוביץ' יצטרף לרשימה הערבית המאוחדת - רע""ם בראשות מנסור עבאס, ויתר המפלגות ללא שינוי, לאיזו מפלגה היית מצביע?",יהדות התורה,יהדות התורה בראשות יצחק גולדקנופף,8,6.3,7.4,1,2026-08-11
4064,מדגם,חדשות 12,2026-08-10,2026-08-10,502,mixed,scenario,2,"ואילו הבחירות לכנסת היו מתקיימות היום ומפלגות חד""ש, תע""ל ובל""ד היו מתמודדות ברשימה אחת, ובנוסף, ח""כ יואב סגלוביץ' יצטרף לרשימה הערבית המאוחדת - רע""ם בראשות מנסור עבאס, ויתר המפלגות ללא שינוי, לאיזו מפלגה היית מצביע?",עוצמה יהודית,עוצמה יהודית בראשות איתמר בן גביר,8,6.3,7.4,1,2026-08-11
4064,מדגם,חדשות 12,2026-08-10,2026-08-10,502,mixed,scenario,2,"ואילו הבחירות לכנסת היו מתקיימות היום ומפלגות חד""ש, תע""ל ובל""ד היו מתמודדות ברשימה אחת, ובנוסף, ח""כ יואב סגלוביץ' יצטרף לרשימה הערבית המאוחדת - רע""ם בראשות מנסור עבאס, ויתר המפלגות ללא שינוי, לאיזו מפלגה היית מצביע?","ש""ס","ש""ס בראשות אריה דרעי",7,5.5,7.4,1,2026-08-11
4064,מדגם,חדשות 12,2026-08-10,2026-08-10,502,mixed,scenario,2,"ואילו הבחירות לכנסת היו מתקיימות היום ומפלגות חד""ש, תע""ל ובל""ד היו מתמודדות ברשימה אחת, ובנוסף, ח""כ יואב סגלוביץ' יצטרף לרשימה הערבית המאוחדת - רע""ם בראשות מנסור עבאס, ויתר המפלגות ללא שינוי, לאיזו מפלגה היית מצביע?",הרשימה המשותפת,"איחוד המפלגות הערביות של חד""ש, תע""ל ובל""ד",6,4.7,7.4,1,2026-08-11
4064,מדגם,חדשות 12,2026-08-10,2026-08-10,502,mixed,scenario,2,"ואילו הבחירות לכנסת היו מתקיימות היום ומפלגות חד""ש, תע""ל ובל""ד היו מתמודדות ברשימה אחת, ובנוסף, ח""כ יואב סגלוביץ' יצטרף לרשימה הערבית המאוחדת - רע""ם בראשות מנסור עבאס, ויתר המפלגות ללא שינוי, לאיזו מפלגה היית מצביע?","רע""ם","הרשימה הערבית המאוחדת - רע""ם בראשות מנסור עבאס עם יואב סגלוביץ'",6,4.6,7.4,1,2026-08-11
4064,מדגם,חדשות 12,2026-08-10,2026-08-10,502,mixed,scenario,2,"ואילו הבחירות לכנסת היו מתקיימות היום ומפלגות חד""ש, תע""ל ובל""ד היו מתמודדות ברשימה אחת, ובנוסף, ח""כ יואב סגלוביץ' יצטרף לרשימה הערבית המאוחדת - רע""ם בראשות מנסור עבאס, ויתר המפלגות ללא שינוי, לאיזו מפלגה היית מצביע?",הציונות הדתית,הציונות הדתית בראשות בצלאל סמוטריץ',5,4.0,7.4,1,2026-08-11
4064,מדגם,חדשות 12,2026-08-10,2026-08-10,502,mixed,scenario,2,"ואילו הבחירות לכנסת היו מתקיימות היום ומפלגות חד""ש, תע""ל ובל""ד היו מתמודדות ברשימה אחת, ובנוסף, ח""כ יואב סגלוביץ' יצטרף לרשימה הערבית המאוחדת - רע""ם בראשות מנסור עבאס, ויתר המפלגות ללא שינוי, לאיזו מפלגה היית מצביע?",בית ציוני,בית ציוני - המילואימניקים בראשות חילי טרופר ויועז הנדל,0,2.6,7.4,1,2026-08-11
4064,מדגם,חדשות 12,2026-08-10,2026-08-10,502,mixed,scenario,2,"ואילו הבחירות לכנסת היו מתקיימות היום ומפלגות חד""ש, תע""ל ובל""ד היו מתמודדות ברשימה אחת, ובנוסף, ח""כ יואב סגלוביץ' יצטרף לרשימה הערבית המאוחדת - רע""ם בראשות מנסור עבאס, ויתר המפלגות ללא שינוי, לאיזו מפלגה היית מצביע?",האחדות,מפלגת ימין חדשה בראשות גלעד ארדן,0,1.3,7.4,1,2026-08-11
4064,מדגם,חדשות 12,2026-08-10,2026-08-10,502,mixed,scenario,2,"ואילו הבחירות לכנסת היו מתקיימות היום ומפלגות חד""ש, תע""ל ובל""ד היו מתמודדות ברשימה אחת, ובנוסף, ח""כ יואב סגלוביץ' יצטרף לרשימה הערבית המאוחדת - רע""ם בראשות מנסור עבאס, ויתר המפלגות ללא שינוי, לאיזו מפלגה היית מצביע?",כחול לבן,כחול לבן בראשות בני גנץ,0,0.8,7.4,1,2026-08-11
4064,מדגם,חדשות 12,2026-08-10,2026-08-10,502,mixed,scenario,3,"ואילו הבחירות לכנסת היו מתקיימות היום ומפלגות כחול לבן בראשות בני גנץ, בית ציוני-המילואימניקים בראשות חילי טרופר ויועז הנדל ומפלגת הימין החדשה בראשות גלעד ארדן היו מתמודדות ברשימה אחת, ויתר המפלגות ללא שינוי, לאיזו מפלגה היית מצביע?",ישר,ישר! עם איזנקוט בראשות גדי איזנקוט,22,17.9,7.0,1,2026-08-11
4064,מדגם,חדשות 12,2026-08-10,2026-08-10,502,mixed,scenario,3,"ואילו הבחירות לכנסת היו מתקיימות היום ומפלגות כחול לבן בראשות בני גנץ, בית ציוני-המילואימניקים בראשות חילי טרופר ויועז הנדל ומפלגת הימין החדשה בראשות גלעד ארדן היו מתמודדות ברשימה אחת, ויתר המפלגות ללא שינוי, לאיזו מפלגה היית מצביע?",הליכוד,הליכוד בראשות בנימין נתניהו,19,15.5,7.0,1,2026-08-11
4064,מדגם,חדשות 12,2026-08-10,2026-08-10,502,mixed,scenario,3,"ואילו הבחירות לכנסת היו מתקיימות היום ומפלגות כחול לבן בראשות בני גנץ, בית ציוני-המילואימניקים בראשות חילי טרופר ויועז הנדל ומפלגת הימין החדשה בראשות גלעד ארדן היו מתמודדות ברשימה אחת, ויתר המפלגות ללא שינוי, לאיזו מפלגה היית מצביע?",ביחד,ביחד בראשות נפתלי בנט,14,11.4,7.0,1,2026-08-11
4064,מדגם,חדשות 12,2026-08-10,2026-08-10,502,mixed,scenario,3,"ואילו הבחירות לכנסת היו מתקיימות היום ומפלגות כחול לבן בראשות בני גנץ, בית ציוני-המילואימניקים בראשות חילי טרופר ויועז הנדל ומפלגת הימין החדשה בראשות גלעד ארדן היו מתמודדות ברשימה אחת, ויתר המפלגות ללא שינוי, לאיזו מפלגה היית מצביע?",הדמוקרטים,הדמוקרטים בראשות יאיר גולן,11,9.0,7.0,1,2026-08-11
4064,מדגם,חדשות 12,2026-08-10,2026-08-10,502,mixed,scenario,3,"ואילו הבחירות לכנסת היו מתקיימות היום ומפלגות כחול לבן בראשות בני גנץ, בית ציוני-המילואימניקים בראשות חילי טרופר ויועז הנדל ומפלגת הימין החדשה בראשות גלעד ארדן היו מתמודדות ברשימה אחת, ויתר המפלגות ללא שינוי, לאיזו מפלגה היית מצביע?",ישראל ביתנו,ישראל ביתנו בראשות אביגדור ליברמן,10,8.2,7.0,1,2026-08-11
4064,מדגם,חדשות 12,2026-08-10,2026-08-10,502,mixed,scenario,3,"ואילו הבחירות לכנסת היו מתקיימות היום ומפלגות כחול לבן בראשות בני גנץ, בית ציוני-המילואימניקים בראשות חילי טרופר ויועז הנדל ומפלגת הימין החדשה בראשות גלעד ארדן היו מתמודדות ברשימה אחת, ויתר המפלגות ללא שינוי, לאיזו מפלגה היית מצביע?",יהדות התורה,יהדות התורה בראשות יצחק גולדקנופף,8,6.4,7.0,1,2026-08-11
4064,מדגם,חדשות 12,2026-08-10,2026-08-10,502,mixed,scenario,3,"ואילו הבחירות לכנסת היו מתקיימות היום ומפלגות כחול לבן בראשות בני גנץ, בית ציוני-המילואימניקים בראשות חילי טרופר ויועז הנדל ומפלגת הימין החדשה בראשות גלעד ארדן היו מתמודדות ברשימה אחת, ויתר המפלגות ללא שינוי, לאיזו מפלגה היית מצביע?",עוצמה יהודית,עוצמה יהודית בראשות איתמר בן גביר,8,6.3,7.0,1,2026-08-11
4064,מדגם,חדשות 12,2026-08-10,2026-08-10,502,mixed,scenario,3,"ואילו הבחירות לכנסת היו מתקיימות היום ומפלגות כחול לבן בראשות בני גנץ, בית ציוני-המילואימניקים בראשות חילי טרופר ויועז הנדל ומפלגת הימין החדשה בראשות גלעד ארדן היו מתמודדות ברשימה אחת, ויתר המפלגות ללא שינוי, לאיזו מפלגה היית מצביע?","ש""ס","ש""ס בראשות אריה דרעי",7,5.7,7.0,1,2026-08-11
4064,מדגם,חדשות 12,2026-08-10,2026-08-10,502,mixed,scenario,3,"ואילו הבחירות לכנסת היו מתקיימות היום ומפלגות כחול לבן בראשות בני גנץ, בית ציוני-המילואימניקים בראשות חילי טרופר ויועז הנדל ומפלגת הימין החדשה בראשות גלעד ארדן היו מתמודדות ברשימה אחת, ויתר המפלגות ללא שינוי, לאיזו מפלגה היית מצביע?",כחול לבן,"כחול לבן של בני גנץ, בית ציוני - המילואימניקים של טרופר והנדל והמפלגה של גלעד ארדן",6,4.9,7.0,1,2026-08-11
4064,מדגם,חדשות 12,2026-08-10,2026-08-10,502,mixed,scenario,3,"ואילו הבחירות לכנסת היו מתקיימות היום ומפלגות כחול לבן בראשות בני גנץ, בית ציוני-המילואימניקים בראשות חילי טרופר ויועז הנדל ומפלגת הימין החדשה בראשות גלעד ארדן היו מתמודדות ברשימה אחת, ויתר המפלגות ללא שינוי, לאיזו מפלגה היית מצביע?",הרשימה המשותפת,"חד""ש-תע""ל בראשות יוסף ג'בארין ואחמד טיבי",5,4.1,7.0,1,2026-08-11
4064,מדגם,חדשות 12,2026-08-10,2026-08-10,502,mixed,scenario,3,"ואילו הבחירות לכנסת היו מתקיימות היום ומפלגות כחול לבן בראשות בני גנץ, בית ציוני-המילואימניקים בראשות חילי טרופר ויועז הנדל ומפלגת הימין החדשה בראשות גלעד ארדן היו מתמודדות ברשימה אחת, ויתר המפלגות ללא שינוי, לאיזו מפלגה היית מצביע?","רע""ם","הרשימה הערבית המאוחדת - רע""ם בראשות מנסור עבאס",5,4.1,7.0,1,2026-08-11
4064,מדגם,חדשות 12,2026-08-10,2026-08-10,502,mixed,scenario,3,"ואילו הבחירות לכנסת היו מתקיימות היום ומפלגות כחול לבן בראשות בני גנץ, בית ציוני-המילואימניקים בראשות חילי טרופר ויועז הנדל ומפלגת הימין החדשה בראשות גלעד ארדן היו מתמודדות ברשימה אחת, ויתר המפלגות ללא שינוי, לאיזו מפלגה היית מצביע?",הציונות הדתית,הציונות הדתית בראשות בצלאל סמוטריץ',5,4.0,7.0,1,2026-08-11
4064,מדגם,חדשות 12,2026-08-10,2026-08-10,502,mixed,scenario,3,"ואילו הבחירות לכנסת היו מתקיימות היום ומפלגות כחול לבן בראשות בני גנץ, בית ציוני-המילואימניקים בראשות חילי טרופר ויועז הנדל ומפלגת הימין החדשה בראשות גלעד ארדן היו מתמודדות ברשימה אחת, ויתר המפלגות ללא שינוי, לאיזו מפלגה היית מצביע?",אחר,"בל""ד בראשות סמי אבו שחאדה",0,1.6,7.0,1,2026-08-11
4071,נקסט דאטה,ערוץ 14,2026-08-09,2026-08-10,741,internet,main,1,"תוצאות עיקריות - מנדטים: מפת המנדטים הסופית, כנסת בת 120 מושבים, אחוז חסימה 3.25% (no explicit question wording given)",הליכוד,הליכוד בראשות בנימין נתניהו,33,24.5,,1,2026-08-16
4071,נקסט דאטה,ערוץ 14,2026-08-09,2026-08-10,741,internet,main,1,"תוצאות עיקריות - מנדטים: מפת המנדטים הסופית, כנסת בת 120 מושבים, אחוז חסימה 3.25% (no explicit question wording given)",ישר,ישר בראשות גדי איזנקוט,23,17.9,,1,2026-08-16
4071,נקסט דאטה,ערוץ 14,2026-08-09,2026-08-10,741,internet,main,1,"תוצאות עיקריות - מנדטים: מפת המנדטים הסופית, כנסת בת 120 מושבים, אחוז חסימה 3.25% (no explicit question wording given)","ש""ס","ש""ס בראשות אריה דרעי",10,7.9,,1,2026-08-16
4071,נקסט דאטה,ערוץ 14,2026-08-09,2026-08-10,741,internet,main,1,"תוצאות עיקריות - מנדטים: מפת המנדטים הסופית, כנסת בת 120 מושבים, אחוז חסימה 3.25% (no explicit question wording given)",הדמוקרטים,הדמוקרטים בראשות יאיר גולן,10,7.3,,1,2026-08-16
4071,נקסט דאטה,ערוץ 14,2026-08-09,2026-08-10,741,internet,main,1,"תוצאות עיקריות - מנדטים: מפת המנדטים הסופית, כנסת בת 120 מושבים, אחוז חסימה 3.25% (no explicit question wording given)",ישראל ביתנו,ישראל ביתנו בראשות אביגדור ליברמן,8,6.0,,1,2026-08-16
4071,נקסט דאטה,ערוץ 14,2026-08-09,2026-08-10,741,internet,main,1,"תוצאות עיקריות - מנדטים: מפת המנדטים הסופית, כנסת בת 120 מושבים, אחוז חסימה 3.25% (no explicit question wording given)",ביחד,ביחד בראשות נפתלי בנט ויאיר לפיד,7,5.2,,1,2026-08-16
4071,נקסט דאטה,ערוץ 14,2026-08-09,2026-08-10,741,internet,main,1,"תוצאות עיקריות - מנדטים: מפת המנדטים הסופית, כנסת בת 120 מושבים, אחוז חסימה 3.25% (no explicit question wording given)",יהדות התורה,יהדות התורה,7,5.4,,1,2026-08-16
4071,נקסט דאטה,ערוץ 14,2026-08-09,2026-08-10,741,internet,main,1,"תוצאות עיקריות - מנדטים: מפת המנדטים הסופית, כנסת בת 120 מושבים, אחוז חסימה 3.25% (no explicit question wording given)",הציונות הדתית,הציונות הדתית בראשות בצלאל סמוטריץ',6,4.6,,1,2026-08-16
4071,נקסט דאטה,ערוץ 14,2026-08-09,2026-08-10,741,internet,main,1,"תוצאות עיקריות - מנדטים: מפת המנדטים הסופית, כנסת בת 120 מושבים, אחוז חסימה 3.25% (no explicit question wording given)",עוצמה יהודית,עוצמה יהודית בראשות איתמר בן גביר,6,4.6,,1,2026-08-16
4071,נקסט דאטה,ערוץ 14,2026-08-09,2026-08-10,741,internet,main,1,"תוצאות עיקריות - מנדטים: מפת המנדטים הסופית, כנסת בת 120 מושבים, אחוז חסימה 3.25% (no explicit question wording given)","רע""ם","רע""מ בראשות מנסור עבאס",5,3.6,,1,2026-08-16
4071,נקסט דאטה,ערוץ 14,2026-08-09,2026-08-10,741,internet,main,1,"תוצאות עיקריות - מנדטים: מפת המנדטים הסופית, כנסת בת 120 מושבים, אחוז חסימה 3.25% (no explicit question wording given)",הרשימה המשותפת,"חד""ש-תע""ל",5,3.4,,1,2026-08-16
4071,נקסט דאטה,ערוץ 14,2026-08-09,2026-08-10,741,internet,main,1,"תוצאות עיקריות - מנדטים: מפת המנדטים הסופית, כנסת בת 120 מושבים, אחוז חסימה 3.25% (no explicit question wording given)",אחר,"בל""ד",0,2.3,,1,2026-08-16
4071,נקסט דאטה,ערוץ 14,2026-08-09,2026-08-10,741,internet,main,1,"תוצאות עיקריות - מנדטים: מפת המנדטים הסופית, כנסת בת 120 מושבים, אחוז חסימה 3.25% (no explicit question wording given)",זהות,זהות בראשות משה פייגלין,0,1.3,,1,2026-08-16
4071,נקסט דאטה,ערוץ 14,2026-08-09,2026-08-10,741,internet,main,1,"תוצאות עיקריות - מנדטים: מפת המנדטים הסופית, כנסת בת 120 מושבים, אחוז חסימה 3.25% (no explicit question wording given)",הכלכלית החדשה,המפלגה הכלכלית החדשה בראשות יורם זליכה,0,1.2,,1,2026-08-16
4071,נקסט דאטה,ערוץ 14,2026-08-09,2026-08-10,741,internet,main,1,"תוצאות עיקריות - מנדטים: מפת המנדטים הסופית, כנסת בת 120 מושבים, אחוז חסימה 3.25% (no explicit question wording given)",בית ציוני,הבית הציוני-המילואימניקים בראשות יועז הנדל וחילי טרופר,0,1.2,,1,2026-08-16
4071,נקסט דאטה,ערוץ 14,2026-08-09,2026-08-10,741,internet,main,1,"תוצאות עיקריות - מנדטים: מפת המנדטים הסופית, כנסת בת 120 מושבים, אחוז חסימה 3.25% (no explicit question wording given)",האחדות,מפלגה בראשות גלעד ארדן ויולי אדלשטיין,0,0.9,,1,2026-08-16
4071,נקסט דאטה,ערוץ 14,2026-08-09,2026-08-10,741,internet,main,1,"תוצאות עיקריות - מנדטים: מפת המנדטים הסופית, כנסת בת 120 מושבים, אחוז חסימה 3.25% (no explicit question wording given)",עמך ישראל,מפלגה בראשות עופר וינטר,0,0.6,,1,2026-08-16
4071,נקסט דאטה,ערוץ 14,2026-08-09,2026-08-10,741,internet,main,1,"תוצאות עיקריות - מנדטים: מפת המנדטים הסופית, כנסת בת 120 מושבים, אחוז חסימה 3.25% (no explicit question wording given)",כחול לבן,כחול לבן בראשות בני גנץ,0,0.4,,1,2026-08-16
4077,פרויקט המדגם (רוזנר),חדשות 13,2026-08-11,2026-08-12,1240,mixed,main,1,"אם הבחירות לכנסת היו מתקיימות היום, לאיזו מפלגה היית מצביע/ה?",ישר,ישר,23,,,1,2026-08-17
4077,פרויקט המדגם (רוזנר),חדשות 13,2026-08-11,2026-08-12,1240,mixed,main,1,"אם הבחירות לכנסת היו מתקיימות היום, לאיזו מפלגה היית מצביע/ה?",הליכוד,ליכוד,21,,,1,2026-08-17
4077,פרויקט המדגם (רוזנר),חדשות 13,2026-08-11,2026-08-12,1240,mixed,main,1,"אם הבחירות לכנסת היו מתקיימות היום, לאיזו מפלגה היית מצביע/ה?",ביחד,ביחד,12,,,1,2026-08-17
4077,פרויקט המדגם (רוזנר),חדשות 13,2026-08-11,2026-08-12,1240,mixed,main,1,"אם הבחירות לכנסת היו מתקיימות היום, לאיזו מפלגה היית מצביע/ה?",הדמוקרטים,הדמוקרטים,11,,,1,2026-08-17
4077,פרויקט המדגם (רוזנר),חדשות 13,2026-08-11,2026-08-12,1240,mixed,main,1,"אם הבחירות לכנסת היו מתקיימות היום, לאיזו מפלגה היית מצביע/ה?",ישראל ביתנו,ישראל ביתנו,10,,,1,2026-08-17
4077,פרויקט המדגם (רוזנר),חדשות 13,2026-08-11,2026-08-12,1240,mixed,main,1,"אם הבחירות לכנסת היו מתקיימות היום, לאיזו מפלגה היית מצביע/ה?",יהדות התורה,יהדות התורה,8,,,1,2026-08-17
4077,פרויקט המדגם (רוזנר),חדשות 13,2026-08-11,2026-08-12,1240,mixed,main,1,"אם הבחירות לכנסת היו מתקיימות היום, לאיזו מפלגה היית מצביע/ה?",עוצמה יהודית,עוצמה יהודית,8,,,1,2026-08-17
4077,פרויקט המדגם (רוזנר),חדשות 13,2026-08-11,2026-08-12,1240,mixed,main,1,"אם הבחירות לכנסת היו מתקיימות היום, לאיזו מפלגה היית מצביע/ה?","ש""ס","ש""ס",7,,,1,2026-08-17
4077,פרויקט המדגם (רוזנר),חדשות 13,2026-08-11,2026-08-12,1240,mixed,main,1,"אם הבחירות לכנסת היו מתקיימות היום, לאיזו מפלגה היית מצביע/ה?",הרשימה המשותפת,"חד""ש-תע""ל",6,,,1,2026-08-17
4077,פרויקט המדגם (רוזנר),חדשות 13,2026-08-11,2026-08-12,1240,mixed,main,1,"אם הבחירות לכנסת היו מתקיימות היום, לאיזו מפלגה היית מצביע/ה?",הציונות הדתית,הציונות הדתית,5,,,1,2026-08-17
4077,פרויקט המדגם (רוזנר),חדשות 13,2026-08-11,2026-08-12,1240,mixed,main,1,"אם הבחירות לכנסת היו מתקיימות היום, לאיזו מפלגה היית מצביע/ה?","רע""ם","רע""ם",5,,,1,2026-08-17
4077,פרויקט המדגם (רוזנר),חדשות 13,2026-08-11,2026-08-12,1240,mixed,main,1,"אם הבחירות לכנסת היו מתקיימות היום, לאיזו מפלגה היית מצביע/ה?",בית ציוני,בית ציוני,4,,,1,2026-08-17
4077,פרויקט המדגם (רוזנר),חדשות 13,2026-08-11,2026-08-12,1240,mixed,main,1,"אם הבחירות לכנסת היו מתקיימות היום, לאיזו מפלגה היית מצביע/ה?",כחול לבן,כחול לבן,0,,,1,2026-08-17
4077,פרויקט המדגם (רוזנר),חדשות 13,2026-08-11,2026-08-12,1240,mixed,main,1,"אם הבחירות לכנסת היו מתקיימות היום, לאיזו מפלגה היית מצביע/ה?",אחר,"בל""ד",0,,,1,2026-08-17
4077,פרויקט המדגם (רוזנר),חדשות 13,2026-08-11,2026-08-12,1240,mixed,main,1,"אם הבחירות לכנסת היו מתקיימות היום, לאיזו מפלגה היית מצביע/ה?",האחדות,ארדן-אדלשטיין,0,,,1,2026-08-17
4077,פרויקט המדגם (רוזנר),חדשות 13,2026-08-11,2026-08-12,1240,mixed,main,1,"אם הבחירות לכנסת היו מתקיימות היום, לאיזו מפלגה היית מצביע/ה?",מקום לכולנו,מקום לכולנו,0,,,1,2026-08-17
4077,פרויקט המדגם (רוזנר),חדשות 13,2026-08-11,2026-08-12,1240,mixed,main,1,"אם הבחירות לכנסת היו מתקיימות היום, לאיזו מפלגה היית מצביע/ה?",מפלגת הקהל,הקהל,0,,,1,2026-08-17
4074,טאטיקה,זמן ישראל,2026-08-12,2026-08-13,500,mixed,main,1,"אם הבחירות היו מתקיימות היום, וכל המפלגות הקיימות היו מתמודדות בנפרד, למי היית מצביע/ה?",ישר,ישר בראשות גדי אייזנקוט,25,19.2,,1,2026-08-16
4074,טאטיקה,זמן ישראל,2026-08-12,2026-08-13,500,mixed,main,1,"אם הבחירות היו מתקיימות היום, וכל המפלגות הקיימות היו מתמודדות בנפרד, למי היית מצביע/ה?",הליכוד,הליכוד,21,16.0,,1,2026-08-16
4074,טאטיקה,זמן ישראל,2026-08-12,2026-08-13,500,mixed,main,1,"אם הבחירות היו מתקיימות היום, וכל המפלגות הקיימות היו מתמודדות בנפרד, למי היית מצביע/ה?",ביחד,ביחד בראשות נפתלי בנט,13,10.2,,1,2026-08-16
4074,טאטיקה,זמן ישראל,2026-08-12,2026-08-13,500,mixed,main,1,"אם הבחירות היו מתקיימות היום, וכל המפלגות הקיימות היו מתמודדות בנפרד, למי היית מצביע/ה?",ישראל ביתנו,ישראל ביתנו,11,9.0,,1,2026-08-16
4074,טאטיקה,זמן ישראל,2026-08-12,2026-08-13,500,mixed,main,1,"אם הבחירות היו מתקיימות היום, וכל המפלגות הקיימות היו מתמודדות בנפרד, למי היית מצביע/ה?",הדמוקרטים,הדמוקרטים,9,6.8,,1,2026-08-16
4074,טאטיקה,זמן ישראל,2026-08-12,2026-08-13,500,mixed,main,1,"אם הבחירות היו מתקיימות היום, וכל המפלגות הקיימות היו מתמודדות בנפרד, למי היית מצביע/ה?",יהדות התורה,יהדות התורה,8,6.4,,1,2026-08-16
4074,טאטיקה,זמן ישראל,2026-08-12,2026-08-13,500,mixed,main,1,"אם הבחירות היו מתקיימות היום, וכל המפלגות הקיימות היו מתמודדות בנפרד, למי היית מצביע/ה?","ש""ס","ש""ס",8,6.4,,1,2026-08-16
4074,טאטיקה,זמן ישראל,2026-08-12,2026-08-13,500,mixed,main,1,"אם הבחירות היו מתקיימות היום, וכל המפלגות הקיימות היו מתמודדות בנפרד, למי היית מצביע/ה?",עוצמה יהודית,עוצמה יהודית,7,5.6,,1,2026-08-16
4074,טאטיקה,זמן ישראל,2026-08-12,2026-08-13,500,mixed,main,1,"אם הבחירות היו מתקיימות היום, וכל המפלגות הקיימות היו מתמודדות בנפרד, למי היית מצביע/ה?",הרשימה המשותפת,"חד""ש תע""ל בל""ד",6,5.2,,1,2026-08-16
4074,טאטיקה,זמן ישראל,2026-08-12,2026-08-13,500,mixed,main,1,"אם הבחירות היו מתקיימות היום, וכל המפלגות הקיימות היו מתמודדות בנפרד, למי היית מצביע/ה?",הציונות הדתית,הציונות הדתית,6,4.6,,1,2026-08-16
4074,טאטיקה,זמן ישראל,2026-08-12,2026-08-13,500,mixed,main,1,"אם הבחירות היו מתקיימות היום, וכל המפלגות הקיימות היו מתמודדות בנפרד, למי היית מצביע/ה?","רע""ם","רע""ם",6,4.6,,1,2026-08-16
4074,טאטיקה,זמן ישראל,2026-08-12,2026-08-13,500,mixed,main,1,"אם הבחירות היו מתקיימות היום, וכל המפלגות הקיימות היו מתמודדות בנפרד, למי היית מצביע/ה?",בית ציוני,בית ציוני בהובלת יועז הנדל וחילי טרופר,0,3.0,,1,2026-08-16
4074,טאטיקה,זמן ישראל,2026-08-12,2026-08-13,500,mixed,main,1,"אם הבחירות היו מתקיימות היום, וכל המפלגות הקיימות היו מתמודדות בנפרד, למי היית מצביע/ה?",כחול לבן,כחול לבן בהובלת בני גנץ ודדי שמחי,0,2.0,,1,2026-08-16
4074,טאטיקה,זמן ישראל,2026-08-12,2026-08-13,500,mixed,main,1,"אם הבחירות היו מתקיימות היום, וכל המפלגות הקיימות היו מתמודדות בנפרד, למי היית מצביע/ה?",האחדות,אחודות בהובלת גלעד ארדן ויולי אדלשטיין,0,1.0,,1,2026-08-16
4075,לזר מחקרים,מעריב,2026-08-12,2026-08-13,506,internet,main,1,"אם היו מתקיימות היום בחירות לכנסת, לאיזו מפלגה היית מצביע?",ישר,ישר! עם איזנקוט בראשות גדי איזנקוט,23,16.6,,1,2026-08-16
4075,לזר מחקרים,מעריב,2026-08-12,2026-08-13,506,internet,main,1,"אם היו מתקיימות היום בחירות לכנסת, לאיזו מפלגה היית מצביע?",הליכוד,הליכוד בראשות בנימין נתניהו,21,14.8,,1,2026-08-16
4075,לזר מחקרים,מעריב,2026-08-12,2026-08-13,506,internet,main,1,"אם היו מתקיימות היום בחירות לכנסת, לאיזו מפלגה היית מצביע?",ביחד,ביחד - בראשות נפתלי בנט,14,11.9,,1,2026-08-16
4075,לזר מחקרים,מעריב,2026-08-12,2026-08-13,506,internet,main,1,"אם היו מתקיימות היום בחירות לכנסת, לאיזו מפלגה היית מצביע?",ישראל ביתנו,ישראל ביתנו בראשות אביגדור ליברמן,10,9.2,,1,2026-08-16
4075,לזר מחקרים,מעריב,2026-08-12,2026-08-13,506,internet,main,1,"אם היו מתקיימות היום בחירות לכנסת, לאיזו מפלגה היית מצביע?",הדמוקרטים,הדמוקרטים בראשות יאיר גולן,10,7.6,,1,2026-08-16
4075,לזר מחקרים,מעריב,2026-08-12,2026-08-13,506,internet,main,1,"אם היו מתקיימות היום בחירות לכנסת, לאיזו מפלגה היית מצביע?",עוצמה יהודית,עוצמה יהודית בראשות איתמר בן גביר,8,5.3,,1,2026-08-16
4075,לזר מחקרים,מעריב,2026-08-12,2026-08-13,506,internet,main,1,"אם היו מתקיימות היום בחירות לכנסת, לאיזו מפלגה היית מצביע?",יהדות התורה,יהדות התורה בראשות יצחק גולדקנופף,8,6.3,,1,2026-08-16
4075,לזר מחקרים,מעריב,2026-08-12,2026-08-13,506,internet,main,1,"אם היו מתקיימות היום בחירות לכנסת, לאיזו מפלגה היית מצביע?","ש""ס",שס בראשות אריה דרעי,7,5.4,,1,2026-08-16
4075,לזר מחקרים,מעריב,2026-08-12,2026-08-13,506,internet,main,1,"אם היו מתקיימות היום בחירות לכנסת, לאיזו מפלגה היית מצביע?",הרשימה המשותפת,חדש תעל,6,4.0,,1,2026-08-16
4075,לזר מחקרים,מעריב,2026-08-12,2026-08-13,506,internet,main,1,"אם היו מתקיימות היום בחירות לכנסת, לאיזו מפלגה היית מצביע?","רע""ם",רעמ בראשות דר מנסור עבאס,5,3.9,,1,2026-08-16
4075,לזר מחקרים,מעריב,2026-08-12,2026-08-13,506,internet,main,1,"אם היו מתקיימות היום בחירות לכנסת, לאיזו מפלגה היית מצביע?",הציונות הדתית,הציונות הדתית בראשות סמוטריץ,4,3.3,,1,2026-08-16
4075,לזר מחקרים,מעריב,2026-08-12,2026-08-13,506,internet,main,1,"אם היו מתקיימות היום בחירות לכנסת, לאיזו מפלגה היית מצביע?",בית ציוני,בית ציוני בראשות חילי טרופר ויועז הנדל,4,3.5,,1,2026-08-16
4075,לזר מחקרים,מעריב,2026-08-12,2026-08-13,506,internet,main,1,"אם היו מתקיימות היום בחירות לכנסת, לאיזו מפלגה היית מצביע?",אחר,בלד,0,1.5,,1,2026-08-16
4075,לזר מחקרים,מעריב,2026-08-12,2026-08-13,506,internet,main,1,"אם היו מתקיימות היום בחירות לכנסת, לאיזו מפלגה היית מצביע?",כחול לבן,כחול לבן,0,1.9,,1,2026-08-16
4075,לזר מחקרים,מעריב,2026-08-12,2026-08-13,506,internet,main,1,"אם היו מתקיימות היום בחירות לכנסת, לאיזו מפלגה היית מצביע?",האחדות,האחדות בראשות גלעד ארדן,0,1.7,,1,2026-08-16
4075,לזר מחקרים,מעריב,2026-08-12,2026-08-13,506,internet,main,1,"אם היו מתקיימות היום בחירות לכנסת, לאיזו מפלגה היית מצביע?",אחר,ישראל תחילה בראשות שרן השכל,0,0.6,,1,2026-08-16
4075,לזר מחקרים,מעריב,2026-08-12,2026-08-13,506,internet,main,1,"אם היו מתקיימות היום בחירות לכנסת, לאיזו מפלגה היית מצביע?",הכלכלית החדשה,המפלגה הכלכלית בראשות פרופ' זליכה,0,2.5,,1,2026-08-16
4075,לזר מחקרים,מעריב,2026-08-12,2026-08-13,506,internet,scenario,2,"אם לקראת הבחירות לכנסת יתבצע איחוד בין שלש מפלגות ערביות: חדש תעל ובלד ויואב סגלוביץ יוצב במקום השני במפלגת רעמ, למי תצביע?",ישר,ישר! עם איזנקוט בראשות גדי איזנקוט,22,15.5,,1,2026-08-16
4075,לזר מחקרים,מעריב,2026-08-12,2026-08-13,506,internet,scenario,2,"אם לקראת הבחירות לכנסת יתבצע איחוד בין שלש מפלגות ערביות: חדש תעל ובלד ויואב סגלוביץ יוצב במקום השני במפלגת רעמ, למי תצביע?",הליכוד,הליכוד בראשות בנימין נתניהו,20,14.0,,1,2026-08-16
4075,לזר מחקרים,מעריב,2026-08-12,2026-08-13,506,internet,scenario,2,"אם לקראת הבחירות לכנסת יתבצע איחוד בין שלש מפלגות ערביות: חדש תעל ובלד ויואב סגלוביץ יוצב במקום השני במפלגת רעמ, למי תצביע?",ביחד,מפלגת ביחד - בראשות נפתלי בנט,13,11.2,,1,2026-08-16
4075,לזר מחקרים,מעריב,2026-08-12,2026-08-13,506,internet,scenario,2,"אם לקראת הבחירות לכנסת יתבצע איחוד בין שלש מפלגות ערביות: חדש תעל ובלד ויואב סגלוביץ יוצב במקום השני במפלגת רעמ, למי תצביע?",הדמוקרטים,הדמוקרטים בראשות יאיר גולן,10,9.6,,1,2026-08-16
4075,לזר מחקרים,מעריב,2026-08-12,2026-08-13,506,internet,scenario,2,"אם לקראת הבחירות לכנסת יתבצע איחוד בין שלש מפלגות ערביות: חדש תעל ובלד ויואב סגלוביץ יוצב במקום השני במפלגת רעמ, למי תצביע?",ישראל ביתנו,ישראל ביתנו בראשות אביגדור ליברמן,10,8.9,,1,2026-08-16
4075,לזר מחקרים,מעריב,2026-08-12,2026-08-13,506,internet,scenario,2,"אם לקראת הבחירות לכנסת יתבצע איחוד בין שלש מפלגות ערביות: חדש תעל ובלד ויואב סגלוביץ יוצב במקום השני במפלגת רעמ, למי תצביע?",עוצמה יהודית,עוצמה יהודית בראשות איתמר בן גביר,8,5.5,,1,2026-08-16
4075,לזר מחקרים,מעריב,2026-08-12,2026-08-13,506,internet,scenario,2,"אם לקראת הבחירות לכנסת יתבצע איחוד בין שלש מפלגות ערביות: חדש תעל ובלד ויואב סגלוביץ יוצב במקום השני במפלגת רעמ, למי תצביע?",יהדות התורה,יהדות התורה בראשות יצחק גולדקנופף,8,6.3,,1,2026-08-16
4075,לזר מחקרים,מעריב,2026-08-12,2026-08-13,506,internet,scenario,2,"אם לקראת הבחירות לכנסת יתבצע איחוד בין שלש מפלגות ערביות: חדש תעל ובלד ויואב סגלוביץ יוצב במקום השני במפלגת רעמ, למי תצביע?",הרשימה המשותפת,רשימה מאוחדת של מפלגות חדש תעל ובלד,8,6.0,,1,2026-08-16
4075,לזר מחקרים,מעריב,2026-08-12,2026-08-13,506,internet,scenario,2,"אם לקראת הבחירות לכנסת יתבצע איחוד בין שלש מפלגות ערביות: חדש תעל ובלד ויואב סגלוביץ יוצב במקום השני במפלגת רעמ, למי תצביע?","ש""ס",שס בראשות אריה דרעי,7,5.5,,1,2026-08-16
4075,לזר מחקרים,מעריב,2026-08-12,2026-08-13,506,internet,scenario,2,"אם לקראת הבחירות לכנסת יתבצע איחוד בין שלש מפלגות ערביות: חדש תעל ובלד ויואב סגלוביץ יוצב במקום השני במפלגת רעמ, למי תצביע?","רע""ם",רעמ בראשות דר מנסור עבאס עם יואב סגלוביץ,6,5.1,,1,2026-08-16
4075,לזר מחקרים,מעריב,2026-08-12,2026-08-13,506,internet,scenario,2,"אם לקראת הבחירות לכנסת יתבצע איחוד בין שלש מפלגות ערביות: חדש תעל ובלד ויואב סגלוביץ יוצב במקום השני במפלגת רעמ, למי תצביע?",הציונות הדתית,הציונות הדתית בראשות סמוטריץ,4,3.3,,1,2026-08-16
4075,לזר מחקרים,מעריב,2026-08-12,2026-08-13,506,internet,scenario,2,"אם לקראת הבחירות לכנסת יתבצע איחוד בין שלש מפלגות ערביות: חדש תעל ובלד ויואב סגלוביץ יוצב במקום השני במפלגת רעמ, למי תצביע?",בית ציוני,חילי טרופר ויועז הנדל: מפלגת בית ציוני - המילואימניקים,4,3.5,,1,2026-08-16
4075,לזר מחקרים,מעריב,2026-08-12,2026-08-13,506,internet,scenario,2,"אם לקראת הבחירות לכנסת יתבצע איחוד בין שלש מפלגות ערביות: חדש תעל ובלד ויואב סגלוביץ יוצב במקום השני במפלגת רעמ, למי תצביע?",הכלכלית החדשה,המפלגה הכלכלית החדשה בראשות פרופ ירון זליכה,0,2.5,,1,2026-08-16
4075,לזר מחקרים,מעריב,2026-08-12,2026-08-13,506,internet,scenario,2,"אם לקראת הבחירות לכנסת יתבצע איחוד בין שלש מפלגות ערביות: חדש תעל ובלד ויואב סגלוביץ יוצב במקום השני במפלגת רעמ, למי תצביע?",כחול לבן,כחול לבן בראשות בני גנץ,0,1.6,,1,2026-08-16
4075,לזר מחקרים,מעריב,2026-08-12,2026-08-13,506,internet,scenario,2,"אם לקראת הבחירות לכנסת יתבצע איחוד בין שלש מפלגות ערביות: חדש תעל ובלד ויואב סגלוביץ יוצב במקום השני במפלגת רעמ, למי תצביע?",האחדות,האחדות בראשות גלעד ארדן,0,0.9,,1,2026-08-16
4075,לזר מחקרים,מעריב,2026-08-12,2026-08-13,506,internet,scenario,2,"אם לקראת הבחירות לכנסת יתבצע איחוד בין שלש מפלגות ערביות: חדש תעל ובלד ויואב סגלוביץ יוצב במקום השני במפלגת רעמ, למי תצביע?",אחר,ישראל תחילה בראשות שרן השכל,0,0.6,,1,2026-08-16
4076,דיירקט פולס,i24NEWS,2026-08-13,2026-08-13,512,mixed,main,1,"אילו הבחירות לכנסת היו מתקיימות היום, למי הייתם מצביעים?",הליכוד,הליכוד,30,22.9,,1,2026-08-16
4076,דיירקט פולס,i24NEWS,2026-08-13,2026-08-13,512,mixed,main,1,"אילו הבחירות לכנסת היו מתקיימות היום, למי הייתם מצביעים?",ישר,ישר,23,17.6,,1,2026-08-16
4076,דיירקט פולס,i24NEWS,2026-08-13,2026-08-13,512,mixed,main,1,"אילו הבחירות לכנסת היו מתקיימות היום, למי הייתם מצביעים?",הדמוקרטים,הדמוקרטים,10,7.6,,1,2026-08-16
4076,דיירקט פולס,i24NEWS,2026-08-13,2026-08-13,512,mixed,main,1,"אילו הבחירות לכנסת היו מתקיימות היום, למי הייתם מצביעים?",ישראל ביתנו,ישראל ביתנו,9,6.9,,1,2026-08-16
4076,דיירקט פולס,i24NEWS,2026-08-13,2026-08-13,512,mixed,main,1,"אילו הבחירות לכנסת היו מתקיימות היום, למי הייתם מצביעים?",יהדות התורה,יהדות התורה,9,6.8,,1,2026-08-16
4076,דיירקט פולס,i24NEWS,2026-08-13,2026-08-13,512,mixed,main,1,"אילו הבחירות לכנסת היו מתקיימות היום, למי הייתם מצביעים?","ש""ס","ש""ס",8,6.1,,1,2026-08-16
4076,דיירקט פולס,i24NEWS,2026-08-13,2026-08-13,512,mixed,main,1,"אילו הבחירות לכנסת היו מתקיימות היום, למי הייתם מצביעים?",ביחד,ביחד,8,6.0,,1,2026-08-16
4076,דיירקט פולס,i24NEWS,2026-08-13,2026-08-13,512,mixed,main,1,"אילו הבחירות לכנסת היו מתקיימות היום, למי הייתם מצביעים?",עוצמה יהודית,עוצמה יהודית,7,5.3,,1,2026-08-16
4076,דיירקט פולס,i24NEWS,2026-08-13,2026-08-13,512,mixed,main,1,"אילו הבחירות לכנסת היו מתקיימות היום, למי הייתם מצביעים?",הרשימה המשותפת,"חד""ש-תע""ל",6,4.6,,1,2026-08-16
4076,דיירקט פולס,i24NEWS,2026-08-13,2026-08-13,512,mixed,main,1,"אילו הבחירות לכנסת היו מתקיימות היום, למי הייתם מצביעים?","רע""ם","רע""ם",5,4.0,,1,2026-08-16
4076,דיירקט פולס,i24NEWS,2026-08-13,2026-08-13,512,mixed,main,1,"אילו הבחירות לכנסת היו מתקיימות היום, למי הייתם מצביעים?",הציונות הדתית,הציונות הדתית,5,3.8,,1,2026-08-16
4076,דיירקט פולס,i24NEWS,2026-08-13,2026-08-13,512,mixed,main,1,"אילו הבחירות לכנסת היו מתקיימות היום, למי הייתם מצביעים?",זהות,זהות,0,2.2,,1,2026-08-16
4076,דיירקט פולס,i24NEWS,2026-08-13,2026-08-13,512,mixed,main,1,"אילו הבחירות לכנסת היו מתקיימות היום, למי הייתם מצביעים?",בית ציוני,בית ציוני,0,2.0,,1,2026-08-16
4076,דיירקט פולס,i24NEWS,2026-08-13,2026-08-13,512,mixed,main,1,"אילו הבחירות לכנסת היו מתקיימות היום, למי הייתם מצביעים?",הכלכלית החדשה,הכלכלית,0,1.2,,1,2026-08-16
4076,דיירקט פולס,i24NEWS,2026-08-13,2026-08-13,512,mixed,main,1,"אילו הבחירות לכנסת היו מתקיימות היום, למי הייתם מצביעים?",האחדות,האחדות,0,1.1,,1,2026-08-16
4076,דיירקט פולס,i24NEWS,2026-08-13,2026-08-13,512,mixed,main,1,"אילו הבחירות לכנסת היו מתקיימות היום, למי הייתם מצביעים?",אחר,"בל""ד",0,1.1,,1,2026-08-16
4079,קנטאר,כאן 11,2026-08-13,2026-08-16,1103,internet,main,1,"אילו היו מתקיימות היום הבחירות לכנסת, והמפלגות המתמודדות יהיו המפלגות הבאות עם ראשי המפלגות שברשימה בפניך, עבור איזו מפלגה היית מצביע? (תחזית המנדטים (1) - מצב נוכחי)",הליכוד,הליכוד בראשות בנימין נתניהו,23,17.5,,1,2026-08-17
4079,קנטאר,כאן 11,2026-08-13,2026-08-16,1103,internet,main,1,"אילו היו מתקיימות היום הבחירות לכנסת, והמפלגות המתמודדות יהיו המפלגות הבאות עם ראשי המפלגות שברשימה בפניך, עבור איזו מפלגה היית מצביע? (תחזית המנדטים (1) - מצב נוכחי)",ישר,מפלגת ישר! בראשות גדי איזנקוט,23,17.7,,1,2026-08-17
4079,קנטאר,כאן 11,2026-08-13,2026-08-16,1103,internet,main,1,"אילו היו מתקיימות היום הבחירות לכנסת, והמפלגות המתמודדות יהיו המפלגות הבאות עם ראשי המפלגות שברשימה בפניך, עבור איזו מפלגה היית מצביע? (תחזית המנדטים (1) - מצב נוכחי)",ביחד,ביחד בראשות נפתלי בנט,14,10.7,,1,2026-08-17
4079,קנטאר,כאן 11,2026-08-13,2026-08-16,1103,internet,main,1,"אילו היו מתקיימות היום הבחירות לכנסת, והמפלגות המתמודדות יהיו המפלגות הבאות עם ראשי המפלגות שברשימה בפניך, עבור איזו מפלגה היית מצביע? (תחזית המנדטים (1) - מצב נוכחי)",הדמוקרטים,מפלגת הדמוקרטים בראשות יאיר גולן,10,7.7,,1,2026-08-17
4079,קנטאר,כאן 11,2026-08-13,2026-08-16,1103,internet,main,1,"אילו היו מתקיימות היום הבחירות לכנסת, והמפלגות המתמודדות יהיו המפלגות הבאות עם ראשי המפלגות שברשימה בפניך, עבור איזו מפלגה היית מצביע? (תחזית המנדטים (1) - מצב נוכחי)",עוצמה יהודית,עוצמה יהודית בראשות איתמר בן גביר,10,7.7,,1,2026-08-17
4079,קנטאר,כאן 11,2026-08-13,2026-08-16,1103,internet,main,1,"אילו היו מתקיימות היום הבחירות לכנסת, והמפלגות המתמודדות יהיו המפלגות הבאות עם ראשי המפלגות שברשימה בפניך, עבור איזו מפלגה היית מצביע? (תחזית המנדטים (1) - מצב נוכחי)",ישראל ביתנו,ישראל ביתנו בראשות אביגדור ליברמן,10,7.7,,1,2026-08-17
4079,קנטאר,כאן 11,2026-08-13,2026-08-16,1103,internet,main,1,"אילו היו מתקיימות היום הבחירות לכנסת, והמפלגות המתמודדות יהיו המפלגות הבאות עם ראשי המפלגות שברשימה בפניך, עבור איזו מפלגה היית מצביע? (תחזית המנדטים (1) - מצב נוכחי)",יהדות התורה,יהדות התורה בראשות יצחק גולדקנופף,8,6.2,,1,2026-08-17
4079,קנטאר,כאן 11,2026-08-13,2026-08-16,1103,internet,main,1,"אילו היו מתקיימות היום הבחירות לכנסת, והמפלגות המתמודדות יהיו המפלגות הבאות עם ראשי המפלגות שברשימה בפניך, עבור איזו מפלגה היית מצביע? (תחזית המנדטים (1) - מצב נוכחי)","ש""ס","ש""ס בראשות אריה דרעי",7,5.4,,1,2026-08-17
4079,קנטאר,כאן 11,2026-08-13,2026-08-16,1103,internet,main,1,"אילו היו מתקיימות היום הבחירות לכנסת, והמפלגות המתמודדות יהיו המפלגות הבאות עם ראשי המפלגות שברשימה בפניך, עבור איזו מפלגה היית מצביע? (תחזית המנדטים (1) - מצב נוכחי)",הרשימה המשותפת,"חד""ש-תע""ל בראשות יוסף ג'אברין ואחמד טיבי",6,4.6,,1,2026-08-17
4079,קנטאר,כאן 11,2026-08-13,2026-08-16,1103,internet,main,1,"אילו היו מתקיימות היום הבחירות לכנסת, והמפלגות המתמודדות יהיו המפלגות הבאות עם ראשי המפלגות שברשימה בפניך, עבור איזו מפלגה היית מצביע? (תחזית המנדטים (1) - מצב נוכחי)","רע""ם","רע""ם בראשות מנסור עבאס",5,3.9,,1,2026-08-17
4079,קנטאר,כאן 11,2026-08-13,2026-08-16,1103,internet,main,1,"אילו היו מתקיימות היום הבחירות לכנסת, והמפלגות המתמודדות יהיו המפלגות הבאות עם ראשי המפלגות שברשימה בפניך, עבור איזו מפלגה היית מצביע? (תחזית המנדטים (1) - מצב נוכחי)",הציונות הדתית,הציונות הדתית בראשות בצלאל סמוטריץ',4,3.3,,1,2026-08-17
4079,קנטאר,כאן 11,2026-08-13,2026-08-16,1103,internet,main,1,"אילו היו מתקיימות היום הבחירות לכנסת, והמפלגות המתמודדות יהיו המפלגות הבאות עם ראשי המפלגות שברשימה בפניך, עבור איזו מפלגה היית מצביע? (תחזית המנדטים (1) - מצב נוכחי)",בית ציוני,בית ציוני-המילואימניקים בראשות חילי טרופר ויועז הנדל,0,3.0,,1,2026-08-17
4079,קנטאר,כאן 11,2026-08-13,2026-08-16,1103,internet,main,1,"אילו היו מתקיימות היום הבחירות לכנסת, והמפלגות המתמודדות יהיו המפלגות הבאות עם ראשי המפלגות שברשימה בפניך, עבור איזו מפלגה היית מצביע? (תחזית המנדטים (1) - מצב נוכחי)",כחול לבן,כחול לבן בראשות בני גנץ,0,1.4,,1,2026-08-17
4079,קנטאר,כאן 11,2026-08-13,2026-08-16,1103,internet,main,1,"אילו היו מתקיימות היום הבחירות לכנסת, והמפלגות המתמודדות יהיו המפלגות הבאות עם ראשי המפלגות שברשימה בפניך, עבור איזו מפלגה היית מצביע? (תחזית המנדטים (1) - מצב נוכחי)",האחדות,מפלגה בראשות גלעד ארדן ויולי אדלשטיין,0,1.3,,1,2026-08-17
4079,קנטאר,כאן 11,2026-08-13,2026-08-16,1103,internet,main,1,"אילו היו מתקיימות היום הבחירות לכנסת, והמפלגות המתמודדות יהיו המפלגות הבאות עם ראשי המפלגות שברשימה בפניך, עבור איזו מפלגה היית מצביע? (תחזית המנדטים (1) - מצב נוכחי)",אחר,"בל""ד בראשות סמי אבו שחאדה",0,1.9,,1,2026-08-17
4079,קנטאר,כאן 11,2026-08-13,2026-08-16,1103,internet,scenario,2,תחזית מנדטים (2) - אם תרוץ מפלגת ימין חדשה בראשות עופר וינטר,ישר,מפלגת ישר! בראשות גדי איזנקוט,25,18.6,,1,2026-08-17
4079,קנטאר,כאן 11,2026-08-13,2026-08-16,1103,internet,scenario,2,תחזית מנדטים (2) - אם תרוץ מפלגת ימין חדשה בראשות עופר וינטר,הליכוד,הליכוד בראשות בנימין נתניהו,23,17.2,,1,2026-08-17
4079,קנטאר,כאן 11,2026-08-13,2026-08-16,1103,internet,scenario,2,תחזית מנדטים (2) - אם תרוץ מפלגת ימין חדשה בראשות עופר וינטר,ביחד,ביחד בראשות נפתלי בנט,14,10.4,,1,2026-08-17
4079,קנטאר,כאן 11,2026-08-13,2026-08-16,1103,internet,scenario,2,תחזית מנדטים (2) - אם תרוץ מפלגת ימין חדשה בראשות עופר וינטר,הדמוקרטים,מפלגת הדמוקרטים בראשות יאיר גולן,10,7.5,,1,2026-08-17
4079,קנטאר,כאן 11,2026-08-13,2026-08-16,1103,internet,scenario,2,תחזית מנדטים (2) - אם תרוץ מפלגת ימין חדשה בראשות עופר וינטר,עוצמה יהודית,עוצמה יהודית בראשות איתמר בן גביר,9,6.8,,1,2026-08-17
4079,קנטאר,כאן 11,2026-08-13,2026-08-16,1103,internet,scenario,2,תחזית מנדטים (2) - אם תרוץ מפלגת ימין חדשה בראשות עופר וינטר,ישראל ביתנו,ישראל ביתנו בראשות אביגדור ליברמן,9,6.6,,1,2026-08-17
4079,קנטאר,כאן 11,2026-08-13,2026-08-16,1103,internet,scenario,2,תחזית מנדטים (2) - אם תרוץ מפלגת ימין חדשה בראשות עופר וינטר,יהדות התורה,יהדות התורה בראשות יצחק גולדקנופף,8,6.0,,1,2026-08-17
4079,קנטאר,כאן 11,2026-08-13,2026-08-16,1103,internet,scenario,2,תחזית מנדטים (2) - אם תרוץ מפלגת ימין חדשה בראשות עופר וינטר,"ש""ס","ש""ס בראשות אריה דרעי",7,5.3,,1,2026-08-17
4079,קנטאר,כאן 11,2026-08-13,2026-08-16,1103,internet,scenario,2,תחזית מנדטים (2) - אם תרוץ מפלגת ימין חדשה בראשות עופר וינטר,הרשימה המשותפת,"חד""ש-תע""ל בראשות יוסף ג'אברין ואחמד טיבי",6,4.5,,1,2026-08-17
4079,קנטאר,כאן 11,2026-08-13,2026-08-16,1103,internet,scenario,2,תחזית מנדטים (2) - אם תרוץ מפלגת ימין חדשה בראשות עופר וינטר,"רע""ם","רע""ם בראשות מנסור עבאס",5,3.8,,1,2026-08-17
4079,קנטאר,כאן 11,2026-08-13,2026-08-16,1103,internet,scenario,2,תחזית מנדטים (2) - אם תרוץ מפלגת ימין חדשה בראשות עופר וינטר,הציונות הדתית,הציונות הדתית בראשות בצלאל סמוטריץ',4,3.4,,1,2026-08-17
4079,קנטאר,כאן 11,2026-08-13,2026-08-16,1103,internet,scenario,2,תחזית מנדטים (2) - אם תרוץ מפלגת ימין חדשה בראשות עופר וינטר,בית ציוני,בית ציוני-המילואימניקים בראשות חילי טרופר ויועז הנדל,0,2.6,,1,2026-08-17
4079,קנטאר,כאן 11,2026-08-13,2026-08-16,1103,internet,scenario,2,תחזית מנדטים (2) - אם תרוץ מפלגת ימין חדשה בראשות עופר וינטר,עמך ישראל,מפלגת ימין חדשה בראשות עופר וינטר,0,3.1,,1,2026-08-17
4079,קנטאר,כאן 11,2026-08-13,2026-08-16,1103,internet,scenario,2,תחזית מנדטים (2) - אם תרוץ מפלגת ימין חדשה בראשות עופר וינטר,כחול לבן,איחוד של בני גנץ (כחול לבן) ודדי שמחי,0,1.5,,1,2026-08-17
4079,קנטאר,כאן 11,2026-08-13,2026-08-16,1103,internet,scenario,2,תחזית מנדטים (2) - אם תרוץ מפלגת ימין חדשה בראשות עופר וינטר,האחדות,מפלגה בראשות גלעד ארדן ויולי אדלשטיין,0,1.2,,1,2026-08-17
4079,קנטאר,כאן 11,2026-08-13,2026-08-16,1103,internet,scenario,2,תחזית מנדטים (2) - אם תרוץ מפלגת ימין חדשה בראשות עופר וינטר,אחר,"בל""ד בראשות סמי אבו שחאדה",0,1.5,,1,2026-08-17
4079,קנטאר,כאן 11,2026-08-13,2026-08-16,1103,internet,scenario,3,"תחזית מנדטים (3) - אם יהיה איחוד של חד""ש-תע""ל ובל""ד ובנוסף יואב סיגלוביץ יצטרף למפלגת רע""ם בראשות מנסור עבאס",ישר,מפלגת ישר! בראשות גדי איזנקוט,24,19.1,,1,2026-08-17
4079,קנטאר,כאן 11,2026-08-13,2026-08-16,1103,internet,scenario,3,"תחזית מנדטים (3) - אם יהיה איחוד של חד""ש-תע""ל ובל""ד ובנוסף יואב סיגלוביץ יצטרף למפלגת רע""ם בראשות מנסור עבאס",הליכוד,הליכוד בראשות בנימין נתניהו,23,18.2,,1,2026-08-17
4079,קנטאר,כאן 11,2026-08-13,2026-08-16,1103,internet,scenario,3,"תחזית מנדטים (3) - אם יהיה איחוד של חד""ש-תע""ל ובל""ד ובנוסף יואב סיגלוביץ יצטרף למפלגת רע""ם בראשות מנסור עבאס",ביחד,ביחד בראשות נפתלי בנט,14,11.1,,1,2026-08-17
4079,קנטאר,כאן 11,2026-08-13,2026-08-16,1103,internet,scenario,3,"תחזית מנדטים (3) - אם יהיה איחוד של חד""ש-תע""ל ובל""ד ובנוסף יואב סיגלוביץ יצטרף למפלגת רע""ם בראשות מנסור עבאס",עוצמה יהודית,עוצמה יהודית בראשות איתמר בן גביר,10,7.8,,1,2026-08-17
4079,קנטאר,כאן 11,2026-08-13,2026-08-16,1103,internet,scenario,3,"תחזית מנדטים (3) - אם יהיה איחוד של חד""ש-תע""ל ובל""ד ובנוסף יואב סיגלוביץ יצטרף למפלגת רע""ם בראשות מנסור עבאס",הדמוקרטים,מפלגת הדמוקרטים בראשות יאיר גולן,9,7.2,,1,2026-08-17
4079,קנטאר,כאן 11,2026-08-13,2026-08-16,1103,internet,scenario,3,"תחזית מנדטים (3) - אם יהיה איחוד של חד""ש-תע""ל ובל""ד ובנוסף יואב סיגלוביץ יצטרף למפלגת רע""ם בראשות מנסור עבאס",ישראל ביתנו,ישראל ביתנו בראשות אביגדור ליברמן,9,7.1,,1,2026-08-17
4079,קנטאר,כאן 11,2026-08-13,2026-08-16,1103,internet,scenario,3,"תחזית מנדטים (3) - אם יהיה איחוד של חד""ש-תע""ל ובל""ד ובנוסף יואב סיגלוביץ יצטרף למפלגת רע""ם בראשות מנסור עבאס",יהדות התורה,יהדות התורה בראשות יצחק גולדקנופף,8,6.3,,1,2026-08-17
4079,קנטאר,כאן 11,2026-08-13,2026-08-16,1103,internet,scenario,3,"תחזית מנדטים (3) - אם יהיה איחוד של חד""ש-תע""ל ובל""ד ובנוסף יואב סיגלוביץ יצטרף למפלגת רע""ם בראשות מנסור עבאס",הרשימה המשותפת,"חד""ש-תע""ל ובל""ד בראשות יוסף ג'אברין, אחמד טיבי וסמי אבו שחאדה",8,6.2,,1,2026-08-17
4079,קנטאר,כאן 11,2026-08-13,2026-08-16,1103,internet,scenario,3,"תחזית מנדטים (3) - אם יהיה איחוד של חד""ש-תע""ל ובל""ד ובנוסף יואב סיגלוביץ יצטרף למפלגת רע""ם בראשות מנסור עבאס","ש""ס","ש""ס בראשות אריה דרעי",7,5.6,,1,2026-08-17
4079,קנטאר,כאן 11,2026-08-13,2026-08-16,1103,internet,scenario,3,"תחזית מנדטים (3) - אם יהיה איחוד של חד""ש-תע""ל ובל""ד ובנוסף יואב סיגלוביץ יצטרף למפלגת רע""ם בראשות מנסור עבאס",הציונות הדתית,הציונות הדתית בראשות בצלאל סמוטריץ',4,3.3,,1,2026-08-17
4079,קנטאר,כאן 11,2026-08-13,2026-08-16,1103,internet,scenario,3,"תחזית מנדטים (3) - אם יהיה איחוד של חד""ש-תע""ל ובל""ד ובנוסף יואב סיגלוביץ יצטרף למפלגת רע""ם בראשות מנסור עבאס","רע""ם","רע""ם בראשות מנסור עבאס ויואב סיגלוביץ'",4,3.3,,1,2026-08-17
4079,קנטאר,כאן 11,2026-08-13,2026-08-16,1103,internet,scenario,3,"תחזית מנדטים (3) - אם יהיה איחוד של חד""ש-תע""ל ובל""ד ובנוסף יואב סיגלוביץ יצטרף למפלגת רע""ם בראשות מנסור עבאס",בית ציוני,בית ציוני-המילואימניקים בראשות חילי טרופר ויועז הנדל,0,1.8,,1,2026-08-17
4079,קנטאר,כאן 11,2026-08-13,2026-08-16,1103,internet,scenario,3,"תחזית מנדטים (3) - אם יהיה איחוד של חד""ש-תע""ל ובל""ד ובנוסף יואב סיגלוביץ יצטרף למפלגת רע""ם בראשות מנסור עבאס",כחול לבן,כחול לבן בראשות בני גנץ,0,1.6,,1,2026-08-17
4079,קנטאר,כאן 11,2026-08-13,2026-08-16,1103,internet,scenario,3,"תחזית מנדטים (3) - אם יהיה איחוד של חד""ש-תע""ל ובל""ד ובנוסף יואב סיגלוביץ יצטרף למפלגת רע""ם בראשות מנסור עבאס",האחדות,מפלגה בראשות גלעד ארדן ויולי אדלשטיין,0,1.4,,1,2026-08-17
4080,מדגם,חדשות 12,2026-08-17,2026-08-17,501,mixed,main,1,"אילו הבחירות לכנסת היו מתקיימות היום, לאיזו מפלגה היית מצביע?",ישר,ישר! עם איזנקוט בראשות גדי איזנקוט,24,17.9,11.3,1,2026-08-19
4080,מדגם,חדשות 12,2026-08-17,2026-08-17,501,mixed,main,1,"אילו הבחירות לכנסת היו מתקיימות היום, לאיזו מפלגה היית מצביע?",הליכוד,הליכוד בראשות בנימין נתניהו,22,16.4,11.3,1,2026-08-19
4080,מדגם,חדשות 12,2026-08-17,2026-08-17,501,mixed,main,1,"אילו הבחירות לכנסת היו מתקיימות היום, לאיזו מפלגה היית מצביע?",ביחד,ביחד בראשות נפתלי בנט,15,11.0,11.3,1,2026-08-19
4080,מדגם,חדשות 12,2026-08-17,2026-08-17,501,mixed,main,1,"אילו הבחירות לכנסת היו מתקיימות היום, לאיזו מפלגה היית מצביע?",הדמוקרטים,הדמוקרטים בראשות יאיר גולן,11,8.2,11.3,1,2026-08-19
4080,מדגם,חדשות 12,2026-08-17,2026-08-17,501,mixed,main,1,"אילו הבחירות לכנסת היו מתקיימות היום, לאיזו מפלגה היית מצביע?",ישראל ביתנו,ישראל ביתנו בראשות אביגדור ליברמן,10,7.6,11.3,1,2026-08-19
4080,מדגם,חדשות 12,2026-08-17,2026-08-17,501,mixed,main,1,"אילו הבחירות לכנסת היו מתקיימות היום, לאיזו מפלגה היית מצביע?",עוצמה יהודית,עוצמה יהודית בראשות איתמר בן גביר,8,6.0,11.3,1,2026-08-19
4080,מדגם,חדשות 12,2026-08-17,2026-08-17,501,mixed,main,1,"אילו הבחירות לכנסת היו מתקיימות היום, לאיזו מפלגה היית מצביע?",יהדות התורה,יהדות התורה בראשות יצחק גולדקנופף,8,5.9,11.3,1,2026-08-19
4080,מדגם,חדשות 12,2026-08-17,2026-08-17,501,mixed,main,1,"אילו הבחירות לכנסת היו מתקיימות היום, לאיזו מפלגה היית מצביע?","ש""ס","ש""ס בראשות אריה דרעי",7,5.3,11.3,1,2026-08-19
4080,מדגם,חדשות 12,2026-08-17,2026-08-17,501,mixed,main,1,"אילו הבחירות לכנסת היו מתקיימות היום, לאיזו מפלגה היית מצביע?",הציונות הדתית,הציונות הדתית בראשות בצלאל סמוטריץ',5,3.7,11.3,1,2026-08-19
4080,מדגם,חדשות 12,2026-08-17,2026-08-17,501,mixed,main,1,"אילו הבחירות לכנסת היו מתקיימות היום, לאיזו מפלגה היית מצביע?",הרשימה המשותפת,"חד""ש-תע""ל בראשות יוסף ג'בארין ואחמד טיבי",5,3.7,11.3,1,2026-08-19
4080,מדגם,חדשות 12,2026-08-17,2026-08-17,501,mixed,main,1,"אילו הבחירות לכנסת היו מתקיימות היום, לאיזו מפלגה היית מצביע?","רע""ם","הרשימה הערבית המאוחדת - רע""ם בראשות מנסור עבאס",5,3.7,11.3,1,2026-08-19
4080,מדגם,חדשות 12,2026-08-17,2026-08-17,501,mixed,main,1,"אילו הבחירות לכנסת היו מתקיימות היום, לאיזו מפלגה היית מצביע?",אחר,"בל""ד בראשות סמי אבו שחאדה",0,1.8,11.3,1,2026-08-19
4080,מדגם,חדשות 12,2026-08-17,2026-08-17,501,mixed,main,1,"אילו הבחירות לכנסת היו מתקיימות היום, לאיזו מפלגה היית מצביע?",האחדות,האחדות בראשות גלעד ארדן,0,1.7,11.3,1,2026-08-19
4080,מדגם,חדשות 12,2026-08-17,2026-08-17,501,mixed,main,1,"אילו הבחירות לכנסת היו מתקיימות היום, לאיזו מפלגה היית מצביע?",בית ציוני,בית ציוני - המילואימניקים בראשות חילי טרופר ויועז הנדל,0,1.5,11.3,1,2026-08-19
4080,מדגם,חדשות 12,2026-08-17,2026-08-17,501,mixed,main,1,"אילו הבחירות לכנסת היו מתקיימות היום, לאיזו מפלגה היית מצביע?",כחול לבן,כחול לבן בראשות בני גנץ,0,1.4,11.3,1,2026-08-19
4080,מדגם,חדשות 12,2026-08-17,2026-08-17,501,mixed,scenario,2,"ואילו הבחירות לכנסת היו מתקיימות היום ומפלגה בראשות עופר וינטר הייתה מתמודדת, ויתר המפלגות ללא שינוי, לאיזו מפלגה היית מצביע?",ישר,ישר! עם איזנקוט בראשות גדי איזנקוט,26,18.7,8.6,1,2026-08-19
4080,מדגם,חדשות 12,2026-08-17,2026-08-17,501,mixed,scenario,2,"ואילו הבחירות לכנסת היו מתקיימות היום ומפלגה בראשות עופר וינטר הייתה מתמודדת, ויתר המפלגות ללא שינוי, לאיזו מפלגה היית מצביע?",הליכוד,הליכוד בראשות בנימין נתניהו,24,17.3,8.6,1,2026-08-19
4080,מדגם,חדשות 12,2026-08-17,2026-08-17,501,mixed,scenario,2,"ואילו הבחירות לכנסת היו מתקיימות היום ומפלגה בראשות עופר וינטר הייתה מתמודדת, ויתר המפלגות ללא שינוי, לאיזו מפלגה היית מצביע?",ביחד,ביחד בראשות נפתלי בנט,16,11.5,8.6,1,2026-08-19
4080,מדגם,חדשות 12,2026-08-17,2026-08-17,501,mixed,scenario,2,"ואילו הבחירות לכנסת היו מתקיימות היום ומפלגה בראשות עופר וינטר הייתה מתמודדת, ויתר המפלגות ללא שינוי, לאיזו מפלגה היית מצביע?",הדמוקרטים,הדמוקרטים בראשות יאיר גולן,11,7.6,8.6,1,2026-08-19
4080,מדגם,חדשות 12,2026-08-17,2026-08-17,501,mixed,scenario,2,"ואילו הבחירות לכנסת היו מתקיימות היום ומפלגה בראשות עופר וינטר הייתה מתמודדת, ויתר המפלגות ללא שינוי, לאיזו מפלגה היית מצביע?",ישראל ביתנו,ישראל ביתנו בראשות אביגדור ליברמן,10,7.1,8.6,1,2026-08-19
4080,מדגם,חדשות 12,2026-08-17,2026-08-17,501,mixed,scenario,2,"ואילו הבחירות לכנסת היו מתקיימות היום ומפלגה בראשות עופר וינטר הייתה מתמודדת, ויתר המפלגות ללא שינוי, לאיזו מפלגה היית מצביע?",יהדות התורה,יהדות התורה בראשות יצחק גולדקנופף,8,5.8,8.6,1,2026-08-19
4080,מדגם,חדשות 12,2026-08-17,2026-08-17,501,mixed,scenario,2,"ואילו הבחירות לכנסת היו מתקיימות היום ומפלגה בראשות עופר וינטר הייתה מתמודדת, ויתר המפלגות ללא שינוי, לאיזו מפלגה היית מצביע?",עוצמה יהודית,עוצמה יהודית בראשות איתמר בן גביר,8,5.8,8.6,1,2026-08-19
4080,מדגם,חדשות 12,2026-08-17,2026-08-17,501,mixed,scenario,2,"ואילו הבחירות לכנסת היו מתקיימות היום ומפלגה בראשות עופר וינטר הייתה מתמודדת, ויתר המפלגות ללא שינוי, לאיזו מפלגה היית מצביע?","ש""ס","ש""ס בראשות אריה דרעי",7,5.0,8.6,1,2026-08-19
4080,מדגם,חדשות 12,2026-08-17,2026-08-17,501,mixed,scenario,2,"ואילו הבחירות לכנסת היו מתקיימות היום ומפלגה בראשות עופר וינטר הייתה מתמודדת, ויתר המפלגות ללא שינוי, לאיזו מפלגה היית מצביע?",הרשימה המשותפת,"חד""ש-תע""ל בראשות יוסף ג'בארין ואחמד טיבי",5,3.5,8.6,1,2026-08-19
4080,מדגם,חדשות 12,2026-08-17,2026-08-17,501,mixed,scenario,2,"ואילו הבחירות לכנסת היו מתקיימות היום ומפלגה בראשות עופר וינטר הייתה מתמודדת, ויתר המפלגות ללא שינוי, לאיזו מפלגה היית מצביע?","רע""ם","הרשימה הערבית המאוחדת - רע""ם בראשות מנסור עבאס",5,3.5,8.6,1,2026-08-19
4080,מדגם,חדשות 12,2026-08-17,2026-08-17,501,mixed,scenario,2,"ואילו הבחירות לכנסת היו מתקיימות היום ומפלגה בראשות עופר וינטר הייתה מתמודדת, ויתר המפלגות ללא שינוי, לאיזו מפלגה היית מצביע?",הציונות הדתית,הציונות הדתית בראשות בצלאל סמוטריץ',0,2.7,8.6,1,2026-08-19
4080,מדגם,חדשות 12,2026-08-17,2026-08-17,501,mixed,scenario,2,"ואילו הבחירות לכנסת היו מתקיימות היום ומפלגה בראשות עופר וינטר הייתה מתמודדת, ויתר המפלגות ללא שינוי, לאיזו מפלגה היית מצביע?",עמך ישראל,מפלגה בראשות עופר וינטר,0,2.5,8.6,1,2026-08-19
4080,מדגם,חדשות 12,2026-08-17,2026-08-17,501,mixed,scenario,2,"ואילו הבחירות לכנסת היו מתקיימות היום ומפלגה בראשות עופר וינטר הייתה מתמודדת, ויתר המפלגות ללא שינוי, לאיזו מפלגה היית מצביע?",אחר,"בל""ד בראשות סמי אבו שחאדה",0,1.8,8.6,1,2026-08-19
4080,מדגם,חדשות 12,2026-08-17,2026-08-17,501,mixed,scenario,2,"ואילו הבחירות לכנסת היו מתקיימות היום ומפלגה בראשות עופר וינטר הייתה מתמודדת, ויתר המפלגות ללא שינוי, לאיזו מפלגה היית מצביע?",כחול לבן,כחול לבן בראשות בני גנץ,0,1.5,8.6,1,2026-08-19
4080,מדגם,חדשות 12,2026-08-17,2026-08-17,501,mixed,scenario,2,"ואילו הבחירות לכנסת היו מתקיימות היום ומפלגה בראשות עופר וינטר הייתה מתמודדת, ויתר המפלגות ללא שינוי, לאיזו מפלגה היית מצביע?",האחדות,האחדות בראשות גלעד ארדן,0,1.5,8.6,1,2026-08-19
4080,מדגם,חדשות 12,2026-08-17,2026-08-17,501,mixed,scenario,2,"ואילו הבחירות לכנסת היו מתקיימות היום ומפלגה בראשות עופר וינטר הייתה מתמודדת, ויתר המפלגות ללא שינוי, לאיזו מפלגה היית מצביע?",בית ציוני,בית ציוני - המילואימניקים בראשות חילי טרופר ויועז הנדל,0,1.1,8.6,1,2026-08-19
4080,מדגם,חדשות 12,2026-08-17,2026-08-17,501,mixed,scenario,3,"ואילו הבחירות לכנסת היו מתקיימות היום ומפלגת בית ציוני - המילואימניקים לא הייתה מתמודדת וחילי טרופר היה מצטרף למפלגת ישר! בראשות גדי איזנקוט, ויתר המפלגות ללא שינוי, לאיזו מפלגה היית מצביע?",ישר,ישר! עם איזנקוט בראשות גדי איזנקוט עם חילי טרופר,25,19.1,9.0,1,2026-08-19
4080,מדגם,חדשות 12,2026-08-17,2026-08-17,501,mixed,scenario,3,"ואילו הבחירות לכנסת היו מתקיימות היום ומפלגת בית ציוני - המילואימניקים לא הייתה מתמודדת וחילי טרופר היה מצטרף למפלגת ישר! בראשות גדי איזנקוט, ויתר המפלגות ללא שינוי, לאיזו מפלגה היית מצביע?",הליכוד,הליכוד בראשות בנימין נתניהו,22,16.7,9.0,1,2026-08-19
4080,מדגם,חדשות 12,2026-08-17,2026-08-17,501,mixed,scenario,3,"ואילו הבחירות לכנסת היו מתקיימות היום ומפלגת בית ציוני - המילואימניקים לא הייתה מתמודדת וחילי טרופר היה מצטרף למפלגת ישר! בראשות גדי איזנקוט, ויתר המפלגות ללא שינוי, לאיזו מפלגה היית מצביע?",ביחד,ביחד בראשות נפתלי בנט,15,11.3,9.0,1,2026-08-19
4080,מדגם,חדשות 12,2026-08-17,2026-08-17,501,mixed,scenario,3,"ואילו הבחירות לכנסת היו מתקיימות היום ומפלגת בית ציוני - המילואימניקים לא הייתה מתמודדת וחילי טרופר היה מצטרף למפלגת ישר! בראשות גדי איזנקוט, ויתר המפלגות ללא שינוי, לאיזו מפלגה היית מצביע?",הדמוקרטים,הדמוקרטים בראשות יאיר גולן,11,8.4,9.0,1,2026-08-19
4080,מדגם,חדשות 12,2026-08-17,2026-08-17,501,mixed,scenario,3,"ואילו הבחירות לכנסת היו מתקיימות היום ומפלגת בית ציוני - המילואימניקים לא הייתה מתמודדת וחילי טרופר היה מצטרף למפלגת ישר! בראשות גדי איזנקוט, ויתר המפלגות ללא שינוי, לאיזו מפלגה היית מצביע?",ישראל ביתנו,ישראל ביתנו בראשות אביגדור ליברמן,9,6.9,9.0,1,2026-08-19
4080,מדגם,חדשות 12,2026-08-17,2026-08-17,501,mixed,scenario,3,"ואילו הבחירות לכנסת היו מתקיימות היום ומפלגת בית ציוני - המילואימניקים לא הייתה מתמודדת וחילי טרופר היה מצטרף למפלגת ישר! בראשות גדי איזנקוט, ויתר המפלגות ללא שינוי, לאיזו מפלגה היית מצביע?",יהדות התורה,יהדות התורה בראשות יצחק גולדקנופף,8,6.1,9.0,1,2026-08-19
4080,מדגם,חדשות 12,2026-08-17,2026-08-17,501,mixed,scenario,3,"ואילו הבחירות לכנסת היו מתקיימות היום ומפלגת בית ציוני - המילואימניקים לא הייתה מתמודדת וחילי טרופר היה מצטרף למפלגת ישר! בראשות גדי איזנקוט, ויתר המפלגות ללא שינוי, לאיזו מפלגה היית מצביע?",עוצמה יהודית,עוצמה יהודית בראשות איתמר בן גביר,8,6.1,9.0,1,2026-08-19
4080,מדגם,חדשות 12,2026-08-17,2026-08-17,501,mixed,scenario,3,"ואילו הבחירות לכנסת היו מתקיימות היום ומפלגת בית ציוני - המילואימניקים לא הייתה מתמודדת וחילי טרופר היה מצטרף למפלגת ישר! בראשות גדי איזנקוט, ויתר המפלגות ללא שינוי, לאיזו מפלגה היית מצביע?","ש""ס","ש""ס בראשות אריה דרעי",7,5.4,9.0,1,2026-08-19
4080,מדגם,חדשות 12,2026-08-17,2026-08-17,501,mixed,scenario,3,"ואילו הבחירות לכנסת היו מתקיימות היום ומפלגת בית ציוני - המילואימניקים לא הייתה מתמודדת וחילי טרופר היה מצטרף למפלגת ישר! בראשות גדי איזנקוט, ויתר המפלגות ללא שינוי, לאיזו מפלגה היית מצביע?",הרשימה המשותפת,"חד""ש-תע""ל בראשות יוסף ג'בארין ואחמד טיבי",5,3.7,9.0,1,2026-08-19
4080,מדגם,חדשות 12,2026-08-17,2026-08-17,501,mixed,scenario,3,"ואילו הבחירות לכנסת היו מתקיימות היום ומפלגת בית ציוני - המילואימניקים לא הייתה מתמודדת וחילי טרופר היה מצטרף למפלגת ישר! בראשות גדי איזנקוט, ויתר המפלגות ללא שינוי, לאיזו מפלגה היית מצביע?",הציונות הדתית,הציונות הדתית בראשות בצלאל סמוטריץ',5,3.6,9.0,1,2026-08-19
4080,מדגם,חדשות 12,2026-08-17,2026-08-17,501,mixed,scenario,3,"ואילו הבחירות לכנסת היו מתקיימות היום ומפלגת בית ציוני - המילואימניקים לא הייתה מתמודדת וחילי טרופר היה מצטרף למפלגת ישר! בראשות גדי איזנקוט, ויתר המפלגות ללא שינוי, לאיזו מפלגה היית מצביע?","רע""ם","הרשימה הערבית המאוחדת - רע""ם בראשות מנסור עבאס",5,3.6,9.0,1,2026-08-19
4080,מדגם,חדשות 12,2026-08-17,2026-08-17,501,mixed,scenario,3,"ואילו הבחירות לכנסת היו מתקיימות היום ומפלגת בית ציוני - המילואימניקים לא הייתה מתמודדת וחילי טרופר היה מצטרף למפלגת ישר! בראשות גדי איזנקוט, ויתר המפלגות ללא שינוי, לאיזו מפלגה היית מצביע?",האחדות,האחדות בראשות גלעד ארדן,0,2.0,9.0,1,2026-08-19
4080,מדגם,חדשות 12,2026-08-17,2026-08-17,501,mixed,scenario,3,"ואילו הבחירות לכנסת היו מתקיימות היום ומפלגת בית ציוני - המילואימניקים לא הייתה מתמודדת וחילי טרופר היה מצטרף למפלגת ישר! בראשות גדי איזנקוט, ויתר המפלגות ללא שינוי, לאיזו מפלגה היית מצביע?",אחר,"בל""ד בראשות סמי אבו שחאדה",0,1.8,9.0,1,2026-08-19
4080,מדגם,חדשות 12,2026-08-17,2026-08-17,501,mixed,scenario,3,"ואילו הבחירות לכנסת היו מתקיימות היום ומפלגת בית ציוני - המילואימניקים לא הייתה מתמודדת וחילי טרופר היה מצטרף למפלגת ישר! בראשות גדי איזנקוט, ויתר המפלגות ללא שינוי, לאיזו מפלגה היית מצביע?",כחול לבן,כחול לבן בראשות בני גנץ,0,1.6,9.0,1,2026-08-19
4081,דיירקט פולס,i24NEWS,2026-08-18,2026-08-18,522,mixed,main,1,"אילו הבחירות לכנסת היו מתקיימות היום, למי הייתם מצביעים?",הליכוד,הליכוד,31,24.0,,1,2026-08-19
4081,דיירקט פולס,i24NEWS,2026-08-18,2026-08-18,522,mixed,main,1,"אילו הבחירות לכנסת היו מתקיימות היום, למי הייתם מצביעים?",ישר,ישר,24,18.6,,1,2026-08-19
4081,דיירקט פולס,i24NEWS,2026-08-18,2026-08-18,522,mixed,main,1,"אילו הבחירות לכנסת היו מתקיימות היום, למי הייתם מצביעים?",הדמוקרטים,הדמוקרטים,11,8.5,,1,2026-08-19
4081,דיירקט פולס,i24NEWS,2026-08-18,2026-08-18,522,mixed,main,1,"אילו הבחירות לכנסת היו מתקיימות היום, למי הייתם מצביעים?",ביחד,ביחד,9,7.0,,1,2026-08-19
4081,דיירקט פולס,i24NEWS,2026-08-18,2026-08-18,522,mixed,main,1,"אילו הבחירות לכנסת היו מתקיימות היום, למי הייתם מצביעים?",יהדות התורה,יהדות התורה,8,6.5,,1,2026-08-19
4081,דיירקט פולס,i24NEWS,2026-08-18,2026-08-18,522,mixed,main,1,"אילו הבחירות לכנסת היו מתקיימות היום, למי הייתם מצביעים?",ישראל ביתנו,ישראל ביתנו,8,6.2,,1,2026-08-19
4081,דיירקט פולס,i24NEWS,2026-08-18,2026-08-18,522,mixed,main,1,"אילו הבחירות לכנסת היו מתקיימות היום, למי הייתם מצביעים?","ש""ס","ש""ס",8,5.9,,1,2026-08-19
4081,דיירקט פולס,i24NEWS,2026-08-18,2026-08-18,522,mixed,main,1,"אילו הבחירות לכנסת היו מתקיימות היום, למי הייתם מצביעים?",עוצמה יהודית,עוצמה יהודית,6,4.6,,1,2026-08-19
4081,דיירקט פולס,i24NEWS,2026-08-18,2026-08-18,522,mixed,main,1,"אילו הבחירות לכנסת היו מתקיימות היום, למי הייתם מצביעים?","רע""ם","רע""ם",5,4.0,,1,2026-08-19
4081,דיירקט פולס,i24NEWS,2026-08-18,2026-08-18,522,mixed,main,1,"אילו הבחירות לכנסת היו מתקיימות היום, למי הייתם מצביעים?",הציונות הדתית,הציונות הדתית,5,3.9,,1,2026-08-19
4081,דיירקט פולס,i24NEWS,2026-08-18,2026-08-18,522,mixed,main,1,"אילו הבחירות לכנסת היו מתקיימות היום, למי הייתם מצביעים?",הרשימה המשותפת,"חד""ש תע""ל",5,3.8,,1,2026-08-19
4081,דיירקט פולס,i24NEWS,2026-08-18,2026-08-18,522,mixed,main,1,"אילו הבחירות לכנסת היו מתקיימות היום, למי הייתם מצביעים?",זהות,זהות,0,2.1,,1,2026-08-19
4081,דיירקט פולס,i24NEWS,2026-08-18,2026-08-18,522,mixed,main,1,"אילו הבחירות לכנסת היו מתקיימות היום, למי הייתם מצביעים?",אחר,"בל""ד",0,1.4,,1,2026-08-19
4081,דיירקט פולס,i24NEWS,2026-08-18,2026-08-18,522,mixed,main,1,"אילו הבחירות לכנסת היו מתקיימות היום, למי הייתם מצביעים?",הכלכלית החדשה,הכלכלית,0,1.2,,1,2026-08-19
4081,דיירקט פולס,i24NEWS,2026-08-18,2026-08-18,522,mixed,main,1,"אילו הבחירות לכנסת היו מתקיימות היום, למי הייתם מצביעים?",בית ציוני,בית ציוני,0,1.1,,1,2026-08-19
4085,נקסט דאטה,ערוץ 14,2026-08-18,2026-08-18,636,internet,main,1,"תוצאות עיקריות - מנדטים (מפת המנדטים הסופית, כנסת בת 120 מושבים, אחוז חסימה 3.25%)",הליכוד,הליכוד בראשות בנימין נתניהו,32,24.3,,1,2026-08-18
4085,נקסט דאטה,ערוץ 14,2026-08-18,2026-08-18,636,internet,main,1,"תוצאות עיקריות - מנדטים (מפת המנדטים הסופית, כנסת בת 120 מושבים, אחוז חסימה 3.25%)",ישר,ישר בראשות גדי איזנקוט,24,18.5,,1,2026-08-18
4085,נקסט דאטה,ערוץ 14,2026-08-18,2026-08-18,636,internet,main,1,"תוצאות עיקריות - מנדטים (מפת המנדטים הסופית, כנסת בת 120 מושבים, אחוז חסימה 3.25%)","ש""ס","ש""ס בראשות אריה דרעי",10,7.6,,1,2026-08-18
4085,נקסט דאטה,ערוץ 14,2026-08-18,2026-08-18,636,internet,main,1,"תוצאות עיקריות - מנדטים (מפת המנדטים הסופית, כנסת בת 120 מושבים, אחוז חסימה 3.25%)",הדמוקרטים,הדמוקרטים בראשות יאיר גולן,9,7.1,,1,2026-08-18
4085,נקסט דאטה,ערוץ 14,2026-08-18,2026-08-18,636,internet,main,1,"תוצאות עיקריות - מנדטים (מפת המנדטים הסופית, כנסת בת 120 מושבים, אחוז חסימה 3.25%)",עוצמה יהודית,עוצמה יהודית בראשות איתמר בן גביר,8,6.4,,1,2026-08-18
4085,נקסט דאטה,ערוץ 14,2026-08-18,2026-08-18,636,internet,main,1,"תוצאות עיקריות - מנדטים (מפת המנדטים הסופית, כנסת בת 120 מושבים, אחוז חסימה 3.25%)",יהדות התורה,יהדות התורה,7,5.3,,1,2026-08-18
4085,נקסט דאטה,ערוץ 14,2026-08-18,2026-08-18,636,internet,main,1,"תוצאות עיקריות - מנדטים (מפת המנדטים הסופית, כנסת בת 120 מושבים, אחוז חסימה 3.25%)",ישראל ביתנו,ישראל ביתנו בראשות אביגדור ליברמן,7,5.7,,1,2026-08-18
4085,נקסט דאטה,ערוץ 14,2026-08-18,2026-08-18,636,internet,main,1,"תוצאות עיקריות - מנדטים (מפת המנדטים הסופית, כנסת בת 120 מושבים, אחוז חסימה 3.25%)",הציונות הדתית,הציונות הדתית בראשות בצלאל סמוטריץ',6,4.7,,1,2026-08-18
4085,נקסט דאטה,ערוץ 14,2026-08-18,2026-08-18,636,internet,main,1,"תוצאות עיקריות - מנדטים (מפת המנדטים הסופית, כנסת בת 120 מושבים, אחוז חסימה 3.25%)",ביחד,ביחד בראשות נפתלי בנט ויאיר לפיד,6,4.5,,1,2026-08-18
4085,נקסט דאטה,ערוץ 14,2026-08-18,2026-08-18,636,internet,main,1,"תוצאות עיקריות - מנדטים (מפת המנדטים הסופית, כנסת בת 120 מושבים, אחוז חסימה 3.25%)","רע""ם","רע""ם בראשות מנסור עבאס",6,4.5,,1,2026-08-18
4085,נקסט דאטה,ערוץ 14,2026-08-18,2026-08-18,636,internet,main,1,"תוצאות עיקריות - מנדטים (מפת המנדטים הסופית, כנסת בת 120 מושבים, אחוז חסימה 3.25%)",הרשימה המשותפת,"חד""ש-תע""ל-בל""ד בראשות ד""ר יוסף ג'בארין",5,3.8,,1,2026-08-18
4085,נקסט דאטה,ערוץ 14,2026-08-18,2026-08-18,636,internet,main,1,"תוצאות עיקריות - מנדטים (מפת המנדטים הסופית, כנסת בת 120 מושבים, אחוז חסימה 3.25%)",הכלכלית החדשה,המפלגה הכלכלית החדשה בראשות פרופ' ירון זליכה,0,1.5,,1,2026-08-18
4085,נקסט דאטה,ערוץ 14,2026-08-18,2026-08-18,636,internet,main,1,"תוצאות עיקריות - מנדטים (מפת המנדטים הסופית, כנסת בת 120 מושבים, אחוז חסימה 3.25%)",בית ציוני,המילואימניקים בראשות יועז הנדל וחילי טרופר,0,1.2,,1,2026-08-18
4085,נקסט דאטה,ערוץ 14,2026-08-18,2026-08-18,636,internet,main,1,"תוצאות עיקריות - מנדטים (מפת המנדטים הסופית, כנסת בת 120 מושבים, אחוז חסימה 3.25%)",זהות,זהות בראשות משה פייגלין,0,1.1,,1,2026-08-18
4085,נקסט דאטה,ערוץ 14,2026-08-18,2026-08-18,636,internet,main,1,"תוצאות עיקריות - מנדטים (מפת המנדטים הסופית, כנסת בת 120 מושבים, אחוז חסימה 3.25%)",עמך ישראל,מפלגה חדשה בראשות עופר וינטר,0,0.9,,1,2026-08-18
4085,נקסט דאטה,ערוץ 14,2026-08-18,2026-08-18,636,internet,main,1,"תוצאות עיקריות - מנדטים (מפת המנדטים הסופית, כנסת בת 120 מושבים, אחוז חסימה 3.25%)",כחול לבן,כחול לבן בראשות בני גנץ,0,0.4,,1,2026-08-18
4085,נקסט דאטה,ערוץ 14,2026-08-18,2026-08-18,636,internet,main,1,"תוצאות עיקריות - מנדטים (מפת המנדטים הסופית, כנסת בת 120 מושבים, אחוז חסימה 3.25%)",האחדות,אחדות בראשות גלעד ארדן ויולי אדלשטיין,0,0.1,,1,2026-08-18
4086,קנטאר,כאן 11,2026-08-18,2026-08-18,558,internet,main,1,"אילו היו מתקיימות היום הבחירות לכנסת, והמפלגות המתמודדות יהיו המפלגות הבאות עם ראשי המפלגות שברשימה בפניך, עבור איזו מפלגה היית מצביע? (תחזית המנדטים)",ישר,מפלגת ישר! בראשות גדי איזנקוט,24,18.4,,1,2026-08-23
4086,קנטאר,כאן 11,2026-08-18,2026-08-18,558,internet,main,1,"אילו היו מתקיימות היום הבחירות לכנסת, והמפלגות המתמודדות יהיו המפלגות הבאות עם ראשי המפלגות שברשימה בפניך, עבור איזו מפלגה היית מצביע? (תחזית המנדטים)",הליכוד,הליכוד בראשות בנימין נתניהו,23,17.6,,1,2026-08-23
4086,קנטאר,כאן 11,2026-08-18,2026-08-18,558,internet,main,1,"אילו היו מתקיימות היום הבחירות לכנסת, והמפלגות המתמודדות יהיו המפלגות הבאות עם ראשי המפלגות שברשימה בפניך, עבור איזו מפלגה היית מצביע? (תחזית המנדטים)",ביחד,ביחד בראשות נפתלי בנט,14,10.7,,1,2026-08-23
4086,קנטאר,כאן 11,2026-08-18,2026-08-18,558,internet,main,1,"אילו היו מתקיימות היום הבחירות לכנסת, והמפלגות המתמודדות יהיו המפלגות הבאות עם ראשי המפלגות שברשימה בפניך, עבור איזו מפלגה היית מצביע? (תחזית המנדטים)",הדמוקרטים,מפלגת הדמוקרטים בראשות יאיר גולן,10,7.7,,1,2026-08-23
4086,קנטאר,כאן 11,2026-08-18,2026-08-18,558,internet,main,1,"אילו היו מתקיימות היום הבחירות לכנסת, והמפלגות המתמודדות יהיו המפלגות הבאות עם ראשי המפלגות שברשימה בפניך, עבור איזו מפלגה היית מצביע? (תחזית המנדטים)",עוצמה יהודית,עוצמה יהודית בראשות איתמר בן גביר,9,6.9,,1,2026-08-23
4086,קנטאר,כאן 11,2026-08-18,2026-08-18,558,internet,main,1,"אילו היו מתקיימות היום הבחירות לכנסת, והמפלגות המתמודדות יהיו המפלגות הבאות עם ראשי המפלגות שברשימה בפניך, עבור איזו מפלגה היית מצביע? (תחזית המנדטים)",ישראל ביתנו,ישראל ביתנו בראשות אביגדור ליברמן,9,7.0,,1,2026-08-23
4086,קנטאר,כאן 11,2026-08-18,2026-08-18,558,internet,main,1,"אילו היו מתקיימות היום הבחירות לכנסת, והמפלגות המתמודדות יהיו המפלגות הבאות עם ראשי המפלגות שברשימה בפניך, עבור איזו מפלגה היית מצביע? (תחזית המנדטים)",יהדות התורה,יהדות התורה בראשות יצחק גולדקנופף,8,6.1,,1,2026-08-23
4086,קנטאר,כאן 11,2026-08-18,2026-08-18,558,internet,main,1,"אילו היו מתקיימות היום הבחירות לכנסת, והמפלגות המתמודדות יהיו המפלגות הבאות עם ראשי המפלגות שברשימה בפניך, עבור איזו מפלגה היית מצביע? (תחזית המנדטים)","ש""ס","ש""ס בראשות אריה דרעי",7,5.4,,1,2026-08-23
4086,קנטאר,כאן 11,2026-08-18,2026-08-18,558,internet,main,1,"אילו היו מתקיימות היום הבחירות לכנסת, והמפלגות המתמודדות יהיו המפלגות הבאות עם ראשי המפלגות שברשימה בפניך, עבור איזו מפלגה היית מצביע? (תחזית המנדטים)",הרשימה המשותפת,"חד""ש-תע""ל בראשות יוסף ג'אברין ואחמד טיבי",6,4.6,,1,2026-08-23
4086,קנטאר,כאן 11,2026-08-18,2026-08-18,558,internet,main,1,"אילו היו מתקיימות היום הבחירות לכנסת, והמפלגות המתמודדות יהיו המפלגות הבאות עם ראשי המפלגות שברשימה בפניך, עבור איזו מפלגה היית מצביע? (תחזית המנדטים)",הציונות הדתית,הציונות הדתית בראשות בצלאל סמוטריץ',5,3.8,,1,2026-08-23
4086,קנטאר,כאן 11,2026-08-18,2026-08-18,558,internet,main,1,"אילו היו מתקיימות היום הבחירות לכנסת, והמפלגות המתמודדות יהיו המפלגות הבאות עם ראשי המפלגות שברשימה בפניך, עבור איזו מפלגה היית מצביע? (תחזית המנדטים)","רע""ם","רע""ם בראשות מנסור עבאס",5,3.8,,1,2026-08-23
4086,קנטאר,כאן 11,2026-08-18,2026-08-18,558,internet,main,1,"אילו היו מתקיימות היום הבחירות לכנסת, והמפלגות המתמודדות יהיו המפלגות הבאות עם ראשי המפלגות שברשימה בפניך, עבור איזו מפלגה היית מצביע? (תחזית המנדטים)",בית ציוני,בית ציוני-המילואימניקים בראשות חילי טרופר ויועז הנדל,0,2.9,,1,2026-08-23
4086,קנטאר,כאן 11,2026-08-18,2026-08-18,558,internet,main,1,"אילו היו מתקיימות היום הבחירות לכנסת, והמפלגות המתמודדות יהיו המפלגות הבאות עם ראשי המפלגות שברשימה בפניך, עבור איזו מפלגה היית מצביע? (תחזית המנדטים)",כחול לבן,כחול לבן בראשות בני גנץ,0,1.4,,1,2026-08-23
4086,קנטאר,כאן 11,2026-08-18,2026-08-18,558,internet,main,1,"אילו היו מתקיימות היום הבחירות לכנסת, והמפלגות המתמודדות יהיו המפלגות הבאות עם ראשי המפלגות שברשימה בפניך, עבור איזו מפלגה היית מצביע? (תחזית המנדטים)",האחדות,מפלגה בראשות גלעד ארדן ויולי אדלשטיין,0,1.6,,1,2026-08-23
4086,קנטאר,כאן 11,2026-08-18,2026-08-18,558,internet,main,1,"אילו היו מתקיימות היום הבחירות לכנסת, והמפלגות המתמודדות יהיו המפלגות הבאות עם ראשי המפלגות שברשימה בפניך, עבור איזו מפלגה היית מצביע? (תחזית המנדטים)",אחר,"בל""ד בראשות סמי אבו שחאדה",0,2.1,,1,2026-08-23
4094,פרויקט המדגם (רוזנר),חדשות 13,2026-08-18,2026-08-18,961,mixed,main,1,"אם הבחירות לכנסת היו מתקיימות היום, לאיזו מפלגה היית מצביע/ה?",ישר,ישר,26,,,1,2026-08-24
4094,פרויקט המדגם (רוזנר),חדשות 13,2026-08-18,2026-08-18,961,mixed,main,1,"אם הבחירות לכנסת היו מתקיימות היום, לאיזו מפלגה היית מצביע/ה?",הליכוד,ליכוד,23,,,1,2026-08-24
4094,פרויקט המדגם (רוזנר),חדשות 13,2026-08-18,2026-08-18,961,mixed,main,1,"אם הבחירות לכנסת היו מתקיימות היום, לאיזו מפלגה היית מצביע/ה?",ביחד,ביחד,13,,,1,2026-08-24
4094,פרויקט המדגם (רוזנר),חדשות 13,2026-08-18,2026-08-18,961,mixed,main,1,"אם הבחירות לכנסת היו מתקיימות היום, לאיזו מפלגה היית מצביע/ה?",הדמוקרטים,הדמוקרטים,11,,,1,2026-08-24
4094,פרויקט המדגם (רוזנר),חדשות 13,2026-08-18,2026-08-18,961,mixed,main,1,"אם הבחירות לכנסת היו מתקיימות היום, לאיזו מפלגה היית מצביע/ה?",ישראל ביתנו,ישראל ביתנו,9,,,1,2026-08-24
4094,פרויקט המדגם (רוזנר),חדשות 13,2026-08-18,2026-08-18,961,mixed,main,1,"אם הבחירות לכנסת היו מתקיימות היום, לאיזו מפלגה היית מצביע/ה?",יהדות התורה,יהדות התורה,8,,,1,2026-08-24
4094,פרויקט המדגם (רוזנר),חדשות 13,2026-08-18,2026-08-18,961,mixed,main,1,"אם הבחירות לכנסת היו מתקיימות היום, לאיזו מפלגה היית מצביע/ה?",עוצמה יהודית,עוצמה יהודית,8,,,1,2026-08-24
4094,פרויקט המדגם (רוזנר),חדשות 13,2026-08-18,2026-08-18,961,mixed,main,1,"אם הבחירות לכנסת היו מתקיימות היום, לאיזו מפלגה היית מצביע/ה?","ש""ס","ש""ס",7,,,1,2026-08-24
4094,פרויקט המדגם (רוזנר),חדשות 13,2026-08-18,2026-08-18,961,mixed,main,1,"אם הבחירות לכנסת היו מתקיימות היום, לאיזו מפלגה היית מצביע/ה?",הציונות הדתית,הציונות הדתית,5,,,1,2026-08-24
4094,פרויקט המדגם (רוזנר),חדשות 13,2026-08-18,2026-08-18,961,mixed,main,1,"אם הבחירות לכנסת היו מתקיימות היום, לאיזו מפלגה היית מצביע/ה?","רע""ם","רע""ם",5,,,1,2026-08-24
4094,פרויקט המדגם (רוזנר),חדשות 13,2026-08-18,2026-08-18,961,mixed,main,1,"אם הבחירות לכנסת היו מתקיימות היום, לאיזו מפלגה היית מצביע/ה?",הרשימה המשותפת,"חד""ש-תע""ל",5,,,1,2026-08-24
4094,פרויקט המדגם (רוזנר),חדשות 13,2026-08-18,2026-08-18,961,mixed,main,1,"אם הבחירות לכנסת היו מתקיימות היום, לאיזו מפלגה היית מצביע/ה?",כחול לבן,כחול לבן,0,,,1,2026-08-24
4094,פרויקט המדגם (רוזנר),חדשות 13,2026-08-18,2026-08-18,961,mixed,main,1,"אם הבחירות לכנסת היו מתקיימות היום, לאיזו מפלגה היית מצביע/ה?",אחר,"בל""ד",0,,,1,2026-08-24
4094,פרויקט המדגם (רוזנר),חדשות 13,2026-08-18,2026-08-18,961,mixed,main,1,"אם הבחירות לכנסת היו מתקיימות היום, לאיזו מפלגה היית מצביע/ה?",בית ציוני,בית ציוני,0,,,1,2026-08-24
4094,פרויקט המדגם (רוזנר),חדשות 13,2026-08-18,2026-08-18,961,mixed,main,1,"אם הבחירות לכנסת היו מתקיימות היום, לאיזו מפלגה היית מצביע/ה?",האחדות,מפלגת האחדות (ארדן),0,,,1,2026-08-24
4094,פרויקט המדגם (רוזנר),חדשות 13,2026-08-18,2026-08-18,961,mixed,main,1,"אם הבחירות לכנסת היו מתקיימות היום, לאיזו מפלגה היית מצביע/ה?",מקום לכולנו,מקום לכולנו,0,,,1,2026-08-24
4089,מאגר מוחות,ערוץ 16,2026-08-18,2026-08-19,551,mixed,main,1,"אם הבחירות לכנסת היו מתקיימות היום, לאיזו מפלגה היית מצביע? (ברוטציה)",ישר,"מפלגת ""ישר!"" בראשות גדי איזנקוט",25,17.0,8.0,1,2026-08-23
4089,מאגר מוחות,ערוץ 16,2026-08-18,2026-08-19,551,mixed,main,1,"אם הבחירות לכנסת היו מתקיימות היום, לאיזו מפלגה היית מצביע? (ברוטציה)",הליכוד,הליכוד בראשות בנימין נתניהו,22,15.0,8.0,1,2026-08-23
4089,מאגר מוחות,ערוץ 16,2026-08-18,2026-08-19,551,mixed,main,1,"אם הבחירות לכנסת היו מתקיימות היום, לאיזו מפלגה היית מצביע? (ברוטציה)",ביחד,"מפלגת ""ביחד"", בראשות נפתלי בנט",16,11.0,8.0,1,2026-08-23
4089,מאגר מוחות,ערוץ 16,2026-08-18,2026-08-19,551,mixed,main,1,"אם הבחירות לכנסת היו מתקיימות היום, לאיזו מפלגה היית מצביע? (ברוטציה)",הדמוקרטים,הדמוקרטים בראשות יאיר גולן,10,7.0,8.0,1,2026-08-23
4089,מאגר מוחות,ערוץ 16,2026-08-18,2026-08-19,551,mixed,main,1,"אם הבחירות לכנסת היו מתקיימות היום, לאיזו מפלגה היית מצביע? (ברוטציה)",עוצמה יהודית,עוצמה יהודית בראשות איתמר בן גביר,9,6.0,8.0,1,2026-08-23
4089,מאגר מוחות,ערוץ 16,2026-08-18,2026-08-19,551,mixed,main,1,"אם הבחירות לכנסת היו מתקיימות היום, לאיזו מפלגה היית מצביע? (ברוטציה)","ש""ס","ש""ס בראשות אריה דרעי",9,6.0,8.0,1,2026-08-23
4089,מאגר מוחות,ערוץ 16,2026-08-18,2026-08-19,551,mixed,main,1,"אם הבחירות לכנסת היו מתקיימות היום, לאיזו מפלגה היית מצביע? (ברוטציה)",ישראל ביתנו,ישראל ביתנו בראשות אביגדור ליברמן,9,6.0,8.0,1,2026-08-23
4089,מאגר מוחות,ערוץ 16,2026-08-18,2026-08-19,551,mixed,main,1,"אם הבחירות לכנסת היו מתקיימות היום, לאיזו מפלגה היית מצביע? (ברוטציה)",יהדות התורה,יהדות התורה בראשות יצחק גולדקנופף,7,5.0,8.0,1,2026-08-23
4089,מאגר מוחות,ערוץ 16,2026-08-18,2026-08-19,551,mixed,main,1,"אם הבחירות לכנסת היו מתקיימות היום, לאיזו מפלגה היית מצביע? (ברוטציה)",הרשימה המשותפת,"חדש-תע""ל בראשות ד""ר יוסף ג'בארין ואחמד טיבי",5,3.0,8.0,1,2026-08-23
4089,מאגר מוחות,ערוץ 16,2026-08-18,2026-08-19,551,mixed,main,1,"אם הבחירות לכנסת היו מתקיימות היום, לאיזו מפלגה היית מצביע? (ברוטציה)",הציונות הדתית,הציונות הדתית בראשות בצלאל סמוטריץ',4,3.0,8.0,1,2026-08-23
4089,מאגר מוחות,ערוץ 16,2026-08-18,2026-08-19,551,mixed,main,1,"אם הבחירות לכנסת היו מתקיימות היום, לאיזו מפלגה היית מצביע? (ברוטציה)","רע""ם","רע""ם בראשות מנסור עבאס",4,3.0,8.0,1,2026-08-23
4089,מאגר מוחות,ערוץ 16,2026-08-18,2026-08-19,551,mixed,main,1,"אם הבחירות לכנסת היו מתקיימות היום, לאיזו מפלגה היית מצביע? (ברוטציה)",כחול לבן,כחול לבן בראשות בני גנץ,0,1.0,8.0,1,2026-08-23
4089,מאגר מוחות,ערוץ 16,2026-08-18,2026-08-19,551,mixed,main,1,"אם הבחירות לכנסת היו מתקיימות היום, לאיזו מפלגה היית מצביע? (ברוטציה)",אחר,"בל""ד בראשות סמי אבו שחאדה",0,2.0,8.0,1,2026-08-23
4089,מאגר מוחות,ערוץ 16,2026-08-18,2026-08-19,551,mixed,main,1,"אם הבחירות לכנסת היו מתקיימות היום, לאיזו מפלגה היית מצביע? (ברוטציה)",בית ציוני,הבית הציוני בראשות יועז הנדל וחילי טרופר,0,2.0,8.0,1,2026-08-23
4089,מאגר מוחות,ערוץ 16,2026-08-18,2026-08-19,551,mixed,main,1,"אם הבחירות לכנסת היו מתקיימות היום, לאיזו מפלגה היית מצביע? (ברוטציה)",האחדות,מפלגה בראשות גלעד ארדן ויולי אדלשטיין,0,2.0,8.0,1,2026-08-23
4089,מאגר מוחות,ערוץ 16,2026-08-18,2026-08-19,551,mixed,main,1,"אם הבחירות לכנסת היו מתקיימות היום, לאיזו מפלגה היית מצביע? (ברוטציה)",זהות,זהות בראשות משה פייגלין ומיכאל בן ארי,0,1.0,8.0,1,2026-08-23
4089,מאגר מוחות,ערוץ 16,2026-08-18,2026-08-19,551,mixed,main,1,"אם הבחירות לכנסת היו מתקיימות היום, לאיזו מפלגה היית מצביע? (ברוטציה)",הכלכלית החדשה,המפלגה הכלכלית בראשות ירון זליכה,0,1.0,8.0,1,2026-08-23
4096,דיאלוג,ידיעות אחרונות / ynet,2026-08-17,2026-08-19,509,internet,main,1,אם הבחירות היו מתקיימות היום לאיזו מפלגה היית מצביע במצב הזה? (בקרב משרתי מילואים בלבד),ישר,ישר! בראשות גדי איזנקוט,33,19.0,17.0,0,2026-08-24
4096,דיאלוג,ידיעות אחרונות / ynet,2026-08-17,2026-08-19,509,internet,main,1,אם הבחירות היו מתקיימות היום לאיזו מפלגה היית מצביע במצב הזה? (בקרב משרתי מילואים בלבד),הליכוד,הליכוד בראשות בנימין נתניהו,22,13.0,17.0,0,2026-08-24
4096,דיאלוג,ידיעות אחרונות / ynet,2026-08-17,2026-08-19,509,internet,main,1,אם הבחירות היו מתקיימות היום לאיזו מפלגה היית מצביע במצב הזה? (בקרב משרתי מילואים בלבד),ביחד,ביחד בראשות נפתלי בנט,17,10.0,17.0,0,2026-08-24
4096,דיאלוג,ידיעות אחרונות / ynet,2026-08-17,2026-08-19,509,internet,main,1,אם הבחירות היו מתקיימות היום לאיזו מפלגה היית מצביע במצב הזה? (בקרב משרתי מילואים בלבד),ישראל ביתנו,ישראל ביתנו בראשות אביגדור ליברמן,13,8.0,17.0,0,2026-08-24
4096,דיאלוג,ידיעות אחרונות / ynet,2026-08-17,2026-08-19,509,internet,main,1,אם הבחירות היו מתקיימות היום לאיזו מפלגה היית מצביע במצב הזה? (בקרב משרתי מילואים בלבד),עוצמה יהודית,עוצמה יהודית בראשות איתמר בן גביר,11,7.0,17.0,0,2026-08-24
4096,דיאלוג,ידיעות אחרונות / ynet,2026-08-17,2026-08-19,509,internet,main,1,אם הבחירות היו מתקיימות היום לאיזו מפלגה היית מצביע במצב הזה? (בקרב משרתי מילואים בלבד),בית ציוני,בית ציוני - המילואימניקים (יועז הנדל / חילי טרופר),9,5.0,17.0,0,2026-08-24
4096,דיאלוג,ידיעות אחרונות / ynet,2026-08-17,2026-08-19,509,internet,main,1,אם הבחירות היו מתקיימות היום לאיזו מפלגה היית מצביע במצב הזה? (בקרב משרתי מילואים בלבד),הציונות הדתית,הציונות הדתית בראשות בצלאל סמוטריץ',8,5.0,17.0,0,2026-08-24
4096,דיאלוג,ידיעות אחרונות / ynet,2026-08-17,2026-08-19,509,internet,main,1,אם הבחירות היו מתקיימות היום לאיזו מפלגה היית מצביע במצב הזה? (בקרב משרתי מילואים בלבד),הדמוקרטים,הדמוקרטים בראשות יאיר גולן,7,4.0,17.0,0,2026-08-24
4096,דיאלוג,ידיעות אחרונות / ynet,2026-08-17,2026-08-19,509,internet,main,1,אם הבחירות היו מתקיימות היום לאיזו מפלגה היית מצביע במצב הזה? (בקרב משרתי מילואים בלבד),"ש""ס","ש""ס בראשות אריה דרעי",0,1.0,17.0,0,2026-08-24
4096,דיאלוג,ידיעות אחרונות / ynet,2026-08-17,2026-08-19,509,internet,main,1,אם הבחירות היו מתקיימות היום לאיזו מפלגה היית מצביע במצב הזה? (בקרב משרתי מילואים בלבד),יהדות התורה,יהדות התורה בראשות יצחק גולדקנופף,0,1.0,17.0,0,2026-08-24
4096,דיאלוג,ידיעות אחרונות / ynet,2026-08-17,2026-08-19,509,internet,main,1,אם הבחירות היו מתקיימות היום לאיזו מפלגה היית מצביע במצב הזה? (בקרב משרתי מילואים בלבד),הרשימה המשותפת,"חד""ש-תע""ל בראשות איימן עודה ואחמד טיבי",0,0.0,17.0,0,2026-08-24
4096,דיאלוג,ידיעות אחרונות / ynet,2026-08-17,2026-08-19,509,internet,main,1,אם הבחירות היו מתקיימות היום לאיזו מפלגה היית מצביע במצב הזה? (בקרב משרתי מילואים בלבד),אחר,"בל""ד בראשות סאמי אבו שחאדה",0,0.0,17.0,0,2026-08-24
4096,דיאלוג,ידיעות אחרונות / ynet,2026-08-17,2026-08-19,509,internet,main,1,אם הבחירות היו מתקיימות היום לאיזו מפלגה היית מצביע במצב הזה? (בקרב משרתי מילואים בלבד),כחול לבן,כחול לבן בראשות בני גנץ,0,1.0,17.0,0,2026-08-24
4096,דיאלוג,ידיעות אחרונות / ynet,2026-08-17,2026-08-19,509,internet,main,1,אם הבחירות היו מתקיימות היום לאיזו מפלגה היית מצביע במצב הזה? (בקרב משרתי מילואים בלבד),האחדות,האחדות בראשות גלעד ארדן,0,2.0,17.0,0,2026-08-24
4088,טאטיקה,זמן ישראל,2026-08-19,2026-08-20,500,mixed,main,1,"אם הבחירות היו מתקיימות היום, וכל המפלגות הקיימות היו מתמודדות בנפרד, למי היית מצביע/ה?",ישר,ישר בראשות גדי אייזנקוט,23,18.2,,1,2026-08-23
4088,טאטיקה,זמן ישראל,2026-08-19,2026-08-20,500,mixed,main,1,"אם הבחירות היו מתקיימות היום, וכל המפלגות הקיימות היו מתמודדות בנפרד, למי היית מצביע/ה?",הליכוד,הליכוד,21,16.6,,1,2026-08-23
4088,טאטיקה,זמן ישראל,2026-08-19,2026-08-20,500,mixed,main,1,"אם הבחירות היו מתקיימות היום, וכל המפלגות הקיימות היו מתמודדות בנפרד, למי היית מצביע/ה?",ביחד,ביחד בראשות נפתלי בנט,15,11.6,,1,2026-08-23
4088,טאטיקה,זמן ישראל,2026-08-19,2026-08-20,500,mixed,main,1,"אם הבחירות היו מתקיימות היום, וכל המפלגות הקיימות היו מתמודדות בנפרד, למי היית מצביע/ה?",ישראל ביתנו,ישראל ביתנו,11,8.6,,1,2026-08-23
4088,טאטיקה,זמן ישראל,2026-08-19,2026-08-20,500,mixed,main,1,"אם הבחירות היו מתקיימות היום, וכל המפלגות הקיימות היו מתמודדות בנפרד, למי היית מצביע/ה?","ש""ס","ש""ס",9,6.6,,1,2026-08-23
4088,טאטיקה,זמן ישראל,2026-08-19,2026-08-20,500,mixed,main,1,"אם הבחירות היו מתקיימות היום, וכל המפלגות הקיימות היו מתמודדות בנפרד, למי היית מצביע/ה?",יהדות התורה,יהדות התורה,8,6.4,,1,2026-08-23
4088,טאטיקה,זמן ישראל,2026-08-19,2026-08-20,500,mixed,main,1,"אם הבחירות היו מתקיימות היום, וכל המפלגות הקיימות היו מתמודדות בנפרד, למי היית מצביע/ה?",הדמוקרטים,הדמוקרטים,8,5.8,,1,2026-08-23
4088,טאטיקה,זמן ישראל,2026-08-19,2026-08-20,500,mixed,main,1,"אם הבחירות היו מתקיימות היום, וכל המפלגות הקיימות היו מתמודדות בנפרד, למי היית מצביע/ה?",הרשימה המשותפת,"חד""ש תע""ל בל""ד",7,5.6,,1,2026-08-23
4088,טאטיקה,זמן ישראל,2026-08-19,2026-08-20,500,mixed,main,1,"אם הבחירות היו מתקיימות היום, וכל המפלגות הקיימות היו מתמודדות בנפרד, למי היית מצביע/ה?",עוצמה יהודית,עוצמה יהודית,7,5.4,,1,2026-08-23
4088,טאטיקה,זמן ישראל,2026-08-19,2026-08-20,500,mixed,main,1,"אם הבחירות היו מתקיימות היום, וכל המפלגות הקיימות היו מתמודדות בנפרד, למי היית מצביע/ה?",הציונות הדתית,הציונות הדתית,6,4.8,,1,2026-08-23
4088,טאטיקה,זמן ישראל,2026-08-19,2026-08-20,500,mixed,main,1,"אם הבחירות היו מתקיימות היום, וכל המפלגות הקיימות היו מתמודדות בנפרד, למי היית מצביע/ה?","רע""ם","רע""ם",5,4.2,,1,2026-08-23
4088,טאטיקה,זמן ישראל,2026-08-19,2026-08-20,500,mixed,main,1,"אם הבחירות היו מתקיימות היום, וכל המפלגות הקיימות היו מתמודדות בנפרד, למי היית מצביע/ה?",בית ציוני,בית ציוני בהובלת יועז הנדל וחילי טרופר,0,3.0,,1,2026-08-23
4088,טאטיקה,זמן ישראל,2026-08-19,2026-08-20,500,mixed,main,1,"אם הבחירות היו מתקיימות היום, וכל המפלגות הקיימות היו מתמודדות בנפרד, למי היית מצביע/ה?",כחול לבן,כחול לבן בהובלת בני גנץ ודדי שמחי,0,2.4,,1,2026-08-23
4088,טאטיקה,זמן ישראל,2026-08-19,2026-08-20,500,mixed,main,1,"אם הבחירות היו מתקיימות היום, וכל המפלגות הקיימות היו מתמודדות בנפרד, למי היית מצביע/ה?",האחדות,אחדות בהובלת גלעד ארדן ויולי אדלשטיין,0,0.8,,1,2026-08-23
4090,לזר מחקרים,מעריב,2026-08-19,2026-08-20,501,internet,main,1,"אם היו מתקיימות היום בחירות לכנסת, לאיזו מפלגה היית מצביע?",ישר,ישר! עם איזנקוט בראשות גדי איזנקוט,26,19.1,,1,2026-08-23
4090,לזר מחקרים,מעריב,2026-08-19,2026-08-20,501,internet,main,1,"אם היו מתקיימות היום בחירות לכנסת, לאיזו מפלגה היית מצביע?",הליכוד,הליכוד בראשות בנימין נתניהו,20,14.2,,1,2026-08-23
4090,לזר מחקרים,מעריב,2026-08-19,2026-08-20,501,internet,main,1,"אם היו מתקיימות היום בחירות לכנסת, לאיזו מפלגה היית מצביע?",ביחד,ביחד - בראשות נפתלי בנט,14,11.5,,1,2026-08-23
4090,לזר מחקרים,מעריב,2026-08-19,2026-08-20,501,internet,main,1,"אם היו מתקיימות היום בחירות לכנסת, לאיזו מפלגה היית מצביע?",ישראל ביתנו,ישראל ביתנו בראשות אביגדור ליברמן,10,7.7,,1,2026-08-23
4090,לזר מחקרים,מעריב,2026-08-19,2026-08-20,501,internet,main,1,"אם היו מתקיימות היום בחירות לכנסת, לאיזו מפלגה היית מצביע?",הדמוקרטים,הדמוקרטים בראשות יאיר גולן,10,7.4,,1,2026-08-23
4090,לזר מחקרים,מעריב,2026-08-19,2026-08-20,501,internet,main,1,"אם היו מתקיימות היום בחירות לכנסת, לאיזו מפלגה היית מצביע?",עוצמה יהודית,עוצמה יהודית בראשות איתמר בן גביר,9,6.5,,1,2026-08-23
4090,לזר מחקרים,מעריב,2026-08-19,2026-08-20,501,internet,main,1,"אם היו מתקיימות היום בחירות לכנסת, לאיזו מפלגה היית מצביע?",יהדות התורה,יהדות התורה בראשות יצחק גולדקנופף,8,6.2,,1,2026-08-23
4090,לזר מחקרים,מעריב,2026-08-19,2026-08-20,501,internet,main,1,"אם היו מתקיימות היום בחירות לכנסת, לאיזו מפלגה היית מצביע?","ש""ס",שס בראשות אריה דרעי,7,5.3,,1,2026-08-23
4090,לזר מחקרים,מעריב,2026-08-19,2026-08-20,501,internet,main,1,"אם היו מתקיימות היום בחירות לכנסת, לאיזו מפלגה היית מצביע?",הרשימה המשותפת,חדש תעל,6,4.5,,1,2026-08-23
4090,לזר מחקרים,מעריב,2026-08-19,2026-08-20,501,internet,main,1,"אם היו מתקיימות היום בחירות לכנסת, לאיזו מפלגה היית מצביע?","רע""ם",רעמ בראשות דר מנסור עבאס,5,4.1,,1,2026-08-23
4090,לזר מחקרים,מעריב,2026-08-19,2026-08-20,501,internet,main,1,"אם היו מתקיימות היום בחירות לכנסת, לאיזו מפלגה היית מצביע?",הציונות הדתית,הציונות הדתית בראשות סמוטריץ,5,4.0,,1,2026-08-23
4090,לזר מחקרים,מעריב,2026-08-19,2026-08-20,501,internet,main,1,"אם היו מתקיימות היום בחירות לכנסת, לאיזו מפלגה היית מצביע?",בית ציוני,בית ציוני המילואימניקים בראשות חילי טרופר,0,2.9,,1,2026-08-23
4090,לזר מחקרים,מעריב,2026-08-19,2026-08-20,501,internet,main,1,"אם היו מתקיימות היום בחירות לכנסת, לאיזו מפלגה היית מצביע?",הכלכלית החדשה,המפלגה הכלכלית בראשות פרופ' זליכה,0,1.7,,1,2026-08-23
4090,לזר מחקרים,מעריב,2026-08-19,2026-08-20,501,internet,main,1,"אם היו מתקיימות היום בחירות לכנסת, לאיזו מפלגה היית מצביע?",עמך ישראל,מפלגה בראשות עופר וינטר,0,1.5,,1,2026-08-23
4090,לזר מחקרים,מעריב,2026-08-19,2026-08-20,501,internet,main,1,"אם היו מתקיימות היום בחירות לכנסת, לאיזו מפלגה היית מצביע?",אחר,בלד,0,1.2,,1,2026-08-23
4090,לזר מחקרים,מעריב,2026-08-19,2026-08-20,501,internet,main,1,"אם היו מתקיימות היום בחירות לכנסת, לאיזו מפלגה היית מצביע?",כחול לבן,כחול לבן,0,1.1,,1,2026-08-23
4090,לזר מחקרים,מעריב,2026-08-19,2026-08-20,501,internet,main,1,"אם היו מתקיימות היום בחירות לכנסת, לאיזו מפלגה היית מצביע?",האחדות,האחדות בראשות גלעד ארדן,0,1.1,,1,2026-08-23
4091,קנטאר,ישראל היום,2026-08-19,2026-08-20,553,internet,main,1,"תחזית המנדטים (1) - מצב נוכחי: אילו היו מתקיימות היום הבחירות לכנסת, והמפלגות המתמודדות יהיו המפלגות הבאות עם ראשי המפלגות שברשימה בפניך, עבור איזו מפלגה היית מצביע?",ישר,מפלגת ישר! בראשות גדי איזנקוט,23,18.0,,1,2026-08-23
4091,קנטאר,ישראל היום,2026-08-19,2026-08-20,553,internet,main,1,"תחזית המנדטים (1) - מצב נוכחי: אילו היו מתקיימות היום הבחירות לכנסת, והמפלגות המתמודדות יהיו המפלגות הבאות עם ראשי המפלגות שברשימה בפניך, עבור איזו מפלגה היית מצביע?",הליכוד,הליכוד בראשות בנימין נתניהו,22,17.2,,1,2026-08-23
4091,קנטאר,ישראל היום,2026-08-19,2026-08-20,553,internet,main,1,"תחזית המנדטים (1) - מצב נוכחי: אילו היו מתקיימות היום הבחירות לכנסת, והמפלגות המתמודדות יהיו המפלגות הבאות עם ראשי המפלגות שברשימה בפניך, עבור איזו מפלגה היית מצביע?",ביחד,"""ביחד"" בראשות נפתלי בנט",13,10.2,,1,2026-08-23
4091,קנטאר,ישראל היום,2026-08-19,2026-08-20,553,internet,main,1,"תחזית המנדטים (1) - מצב נוכחי: אילו היו מתקיימות היום הבחירות לכנסת, והמפלגות המתמודדות יהיו המפלגות הבאות עם ראשי המפלגות שברשימה בפניך, עבור איזו מפלגה היית מצביע?",הדמוקרטים,מפלגת הדמוקרטים בראשות יאיר גולן,10,7.8,,1,2026-08-23
4091,קנטאר,ישראל היום,2026-08-19,2026-08-20,553,internet,main,1,"תחזית המנדטים (1) - מצב נוכחי: אילו היו מתקיימות היום הבחירות לכנסת, והמפלגות המתמודדות יהיו המפלגות הבאות עם ראשי המפלגות שברשימה בפניך, עבור איזו מפלגה היית מצביע?",ישראל ביתנו,ישראל ביתנו בראשות אביגדור ליברמן,10,7.8,,1,2026-08-23
4091,קנטאר,ישראל היום,2026-08-19,2026-08-20,553,internet,main,1,"תחזית המנדטים (1) - מצב נוכחי: אילו היו מתקיימות היום הבחירות לכנסת, והמפלגות המתמודדות יהיו המפלגות הבאות עם ראשי המפלגות שברשימה בפניך, עבור איזו מפלגה היית מצביע?",עוצמה יהודית,עוצמה יהודית בראשות איתמר בן גביר,9,7.0,,1,2026-08-23
4091,קנטאר,ישראל היום,2026-08-19,2026-08-20,553,internet,main,1,"תחזית המנדטים (1) - מצב נוכחי: אילו היו מתקיימות היום הבחירות לכנסת, והמפלגות המתמודדות יהיו המפלגות הבאות עם ראשי המפלגות שברשימה בפניך, עבור איזו מפלגה היית מצביע?",יהדות התורה,יהדות התורה בראשות יצחק גולדקנופף,8,6.2,,1,2026-08-23
4091,קנטאר,ישראל היום,2026-08-19,2026-08-20,553,internet,main,1,"תחזית המנדטים (1) - מצב נוכחי: אילו היו מתקיימות היום הבחירות לכנסת, והמפלגות המתמודדות יהיו המפלגות הבאות עם ראשי המפלגות שברשימה בפניך, עבור איזו מפלגה היית מצביע?",הרשימה המשותפת,"חד""ש-תע""ל-בל""ד (בעבר נשאל ללא בל""ד)",8,6.2,,1,2026-08-23
4091,קנטאר,ישראל היום,2026-08-19,2026-08-20,553,internet,main,1,"תחזית המנדטים (1) - מצב נוכחי: אילו היו מתקיימות היום הבחירות לכנסת, והמפלגות המתמודדות יהיו המפלגות הבאות עם ראשי המפלגות שברשימה בפניך, עבור איזו מפלגה היית מצביע?","ש""ס","ש""ס בראשות אריה דרעי",7,5.5,,1,2026-08-23
4091,קנטאר,ישראל היום,2026-08-19,2026-08-20,553,internet,main,1,"תחזית המנדטים (1) - מצב נוכחי: אילו היו מתקיימות היום הבחירות לכנסת, והמפלגות המתמודדות יהיו המפלגות הבאות עם ראשי המפלגות שברשימה בפניך, עבור איזו מפלגה היית מצביע?",הציונות הדתית,הציונות הדתית בראשות בצלאל סמוטריץ',5,3.9,,1,2026-08-23
4091,קנטאר,ישראל היום,2026-08-19,2026-08-20,553,internet,main,1,"תחזית המנדטים (1) - מצב נוכחי: אילו היו מתקיימות היום הבחירות לכנסת, והמפלגות המתמודדות יהיו המפלגות הבאות עם ראשי המפלגות שברשימה בפניך, עבור איזו מפלגה היית מצביע?","רע""ם","רע""מ בראשות מנסור עבאס",5,3.9,,1,2026-08-23
4091,קנטאר,ישראל היום,2026-08-19,2026-08-20,553,internet,main,1,"תחזית המנדטים (1) - מצב נוכחי: אילו היו מתקיימות היום הבחירות לכנסת, והמפלגות המתמודדות יהיו המפלגות הבאות עם ראשי המפלגות שברשימה בפניך, עבור איזו מפלגה היית מצביע?",בית ציוני,חילי טרופר ויועז הנדל - מפלגת בית ציוני המילואימניקים,0,2.5,,1,2026-08-23
4091,קנטאר,ישראל היום,2026-08-19,2026-08-20,553,internet,main,1,"תחזית המנדטים (1) - מצב נוכחי: אילו היו מתקיימות היום הבחירות לכנסת, והמפלגות המתמודדות יהיו המפלגות הבאות עם ראשי המפלגות שברשימה בפניך, עבור איזו מפלגה היית מצביע?",כחול לבן,כחול לבן בראשות בני גנץ,0,2.1,,1,2026-08-23
4091,קנטאר,ישראל היום,2026-08-19,2026-08-20,553,internet,main,1,"תחזית המנדטים (1) - מצב נוכחי: אילו היו מתקיימות היום הבחירות לכנסת, והמפלגות המתמודדות יהיו המפלגות הבאות עם ראשי המפלגות שברשימה בפניך, עבור איזו מפלגה היית מצביע?",האחדות,אחדות בראשות גלעד ארדן,0,1.7,,1,2026-08-23
4091,קנטאר,ישראל היום,2026-08-19,2026-08-20,553,internet,scenario,2,תחזית המנדטים (2) - כולל מפלגה חדשה של עופר וינטר,ישר,מפלגת ישר! בראשות גדי איזנקוט,23,18.3,,1,2026-08-23
4091,קנטאר,ישראל היום,2026-08-19,2026-08-20,553,internet,scenario,2,תחזית המנדטים (2) - כולל מפלגה חדשה של עופר וינטר,הליכוד,הליכוד בראשות בנימין נתניהו,21,16.7,,1,2026-08-23
4091,קנטאר,ישראל היום,2026-08-19,2026-08-20,553,internet,scenario,2,תחזית המנדטים (2) - כולל מפלגה חדשה של עופר וינטר,ביחד,"""ביחד"" בראשות נפתלי בנט",13,10.4,,1,2026-08-23
4091,קנטאר,ישראל היום,2026-08-19,2026-08-20,553,internet,scenario,2,תחזית המנדטים (2) - כולל מפלגה חדשה של עופר וינטר,הדמוקרטים,מפלגת הדמוקרטים בראשות יאיר גולן,10,8.0,,1,2026-08-23
4091,קנטאר,ישראל היום,2026-08-19,2026-08-20,553,internet,scenario,2,תחזית המנדטים (2) - כולל מפלגה חדשה של עופר וינטר,ישראל ביתנו,ישראל ביתנו בראשות אביגדור ליברמן,10,8.0,,1,2026-08-23
4091,קנטאר,ישראל היום,2026-08-19,2026-08-20,553,internet,scenario,2,תחזית המנדטים (2) - כולל מפלגה חדשה של עופר וינטר,יהדות התורה,יהדות התורה בראשות יצחק גולדקנופף,8,6.4,,1,2026-08-23
4091,קנטאר,ישראל היום,2026-08-19,2026-08-20,553,internet,scenario,2,תחזית המנדטים (2) - כולל מפלגה חדשה של עופר וינטר,הרשימה המשותפת,"חד""ש-תע""ל-בל""ד",8,6.4,,1,2026-08-23
4091,קנטאר,ישראל היום,2026-08-19,2026-08-20,553,internet,scenario,2,תחזית המנדטים (2) - כולל מפלגה חדשה של עופר וינטר,עוצמה יהודית,עוצמה יהודית בראשות איתמר בן גביר,7,5.6,,1,2026-08-23
4091,קנטאר,ישראל היום,2026-08-19,2026-08-20,553,internet,scenario,2,תחזית המנדטים (2) - כולל מפלגה חדשה של עופר וינטר,"ש""ס","ש""ס בראשות אריה דרעי",7,5.6,,1,2026-08-23
4091,קנטאר,ישראל היום,2026-08-19,2026-08-20,553,internet,scenario,2,תחזית המנדטים (2) - כולל מפלגה חדשה של עופר וינטר,"רע""ם","רע""מ בראשות מנסור עבאס",5,4.0,,1,2026-08-23
4091,קנטאר,ישראל היום,2026-08-19,2026-08-20,553,internet,scenario,2,תחזית המנדטים (2) - כולל מפלגה חדשה של עופר וינטר,עמך ישראל,מפלגת ימין חדשה בראשות עופר וינטר,4,3.3,,1,2026-08-23
4091,קנטאר,ישראל היום,2026-08-19,2026-08-20,553,internet,scenario,2,תחזית המנדטים (2) - כולל מפלגה חדשה של עופר וינטר,הציונות הדתית,הציונות הדתית בראשות בצלאל סמוטריץ',4,3.3,,1,2026-08-23
4091,קנטאר,ישראל היום,2026-08-19,2026-08-20,553,internet,scenario,2,תחזית המנדטים (2) - כולל מפלגה חדשה של עופר וינטר,בית ציוני,בית ציוני- המילואימניקים בראשות חילי טרופר ויועז הנדל,0,1.5,,1,2026-08-23
4091,קנטאר,ישראל היום,2026-08-19,2026-08-20,553,internet,scenario,2,תחזית המנדטים (2) - כולל מפלגה חדשה של עופר וינטר,כחול לבן,כחול לבן בראשות בני גנץ,0,1.3,,1,2026-08-23
4091,קנטאר,ישראל היום,2026-08-19,2026-08-20,553,internet,scenario,2,תחזית המנדטים (2) - כולל מפלגה חדשה של עופר וינטר,האחדות,אחדות בראשות גלעד ארדן,0,1.2,,1,2026-08-23
4099,קנטאר,ישראל היום,2026-08-23,2026-08-23,552,internet,main,1,"תחזית המנדטים (1) - מצב נוכחי: אילו היו מתקיימות היום הבחירות לכנסת, והמפלגות המתמודדות יהיו המפלגות הבאות עם ראשי המפלגות שברשימה בפניך, עבור איזו מפלגה היית מצביע?",ישר,מפלגת ישר! בראשות גדי איזנקוט,24,18.3,,1,2026-08-24
4099,קנטאר,ישראל היום,2026-08-23,2026-08-23,552,internet,main,1,"תחזית המנדטים (1) - מצב נוכחי: אילו היו מתקיימות היום הבחירות לכנסת, והמפלגות המתמודדות יהיו המפלגות הבאות עם ראשי המפלגות שברשימה בפניך, עבור איזו מפלגה היית מצביע?",הליכוד,הליכוד בראשות בנימין נתניהו,22,16.7,,1,2026-08-24
4099,קנטאר,ישראל היום,2026-08-23,2026-08-23,552,internet,main,1,"תחזית המנדטים (1) - מצב נוכחי: אילו היו מתקיימות היום הבחירות לכנסת, והמפלגות המתמודדות יהיו המפלגות הבאות עם ראשי המפלגות שברשימה בפניך, עבור איזו מפלגה היית מצביע?",ביחד,ביחד בראשות נפתלי בנט,14,10.7,,1,2026-08-24
4099,קנטאר,ישראל היום,2026-08-23,2026-08-23,552,internet,main,1,"תחזית המנדטים (1) - מצב נוכחי: אילו היו מתקיימות היום הבחירות לכנסת, והמפלגות המתמודדות יהיו המפלגות הבאות עם ראשי המפלגות שברשימה בפניך, עבור איזו מפלגה היית מצביע?",הדמוקרטים,מפלגת הדמוקרטים בראשות יאיר גולן,10,7.6,,1,2026-08-24
4099,קנטאר,ישראל היום,2026-08-23,2026-08-23,552,internet,main,1,"תחזית המנדטים (1) - מצב נוכחי: אילו היו מתקיימות היום הבחירות לכנסת, והמפלגות המתמודדות יהיו המפלגות הבאות עם ראשי המפלגות שברשימה בפניך, עבור איזו מפלגה היית מצביע?",עוצמה יהודית,עוצמה יהודית בראשות איתמר בן גביר,9,6.8,,1,2026-08-24
4099,קנטאר,ישראל היום,2026-08-23,2026-08-23,552,internet,main,1,"תחזית המנדטים (1) - מצב נוכחי: אילו היו מתקיימות היום הבחירות לכנסת, והמפלגות המתמודדות יהיו המפלגות הבאות עם ראשי המפלגות שברשימה בפניך, עבור איזו מפלגה היית מצביע?",ישראל ביתנו,ישראל ביתנו בראשות אביגדור ליברמן,9,6.8,,1,2026-08-24
4099,קנטאר,ישראל היום,2026-08-23,2026-08-23,552,internet,main,1,"תחזית המנדטים (1) - מצב נוכחי: אילו היו מתקיימות היום הבחירות לכנסת, והמפלגות המתמודדות יהיו המפלגות הבאות עם ראשי המפלגות שברשימה בפניך, עבור איזו מפלגה היית מצביע?",יהדות התורה,יהדות התורה בראשות יצחק גולדקנופף,8,6.1,,1,2026-08-24
4099,קנטאר,ישראל היום,2026-08-23,2026-08-23,552,internet,main,1,"תחזית המנדטים (1) - מצב נוכחי: אילו היו מתקיימות היום הבחירות לכנסת, והמפלגות המתמודדות יהיו המפלגות הבאות עם ראשי המפלגות שברשימה בפניך, עבור איזו מפלגה היית מצביע?","ש""ס","ש""ס בראשות אריה דרעי",7,5.4,,1,2026-08-24
4099,קנטאר,ישראל היום,2026-08-23,2026-08-23,552,internet,main,1,"תחזית המנדטים (1) - מצב נוכחי: אילו היו מתקיימות היום הבחירות לכנסת, והמפלגות המתמודדות יהיו המפלגות הבאות עם ראשי המפלגות שברשימה בפניך, עבור איזו מפלגה היית מצביע?",הרשימה המשותפת,"חד""ש-תע""ל ובל""ד בראשות יוסף ג'אברין",7,5.3,,1,2026-08-24
4099,קנטאר,ישראל היום,2026-08-23,2026-08-23,552,internet,main,1,"תחזית המנדטים (1) - מצב נוכחי: אילו היו מתקיימות היום הבחירות לכנסת, והמפלגות המתמודדות יהיו המפלגות הבאות עם ראשי המפלגות שברשימה בפניך, עבור איזו מפלגה היית מצביע?",הציונות הדתית,הציונות הדתית בראשות בצלאל סמוטריץ',5,3.8,,1,2026-08-24
4099,קנטאר,ישראל היום,2026-08-23,2026-08-23,552,internet,main,1,"תחזית המנדטים (1) - מצב נוכחי: אילו היו מתקיימות היום הבחירות לכנסת, והמפלגות המתמודדות יהיו המפלגות הבאות עם ראשי המפלגות שברשימה בפניך, עבור איזו מפלגה היית מצביע?","רע""ם","רע""מ בראשות מנסור עבאס",5,3.8,,1,2026-08-24
4099,קנטאר,ישראל היום,2026-08-23,2026-08-23,552,internet,main,1,"תחזית המנדטים (1) - מצב נוכחי: אילו היו מתקיימות היום הבחירות לכנסת, והמפלגות המתמודדות יהיו המפלגות הבאות עם ראשי המפלגות שברשימה בפניך, עבור איזו מפלגה היית מצביע?",כחול לבן,כחול לבן בראשות בני גנץ,0,1.8,,1,2026-08-24
4099,קנטאר,ישראל היום,2026-08-23,2026-08-23,552,internet,main,1,"תחזית המנדטים (1) - מצב נוכחי: אילו היו מתקיימות היום הבחירות לכנסת, והמפלגות המתמודדות יהיו המפלגות הבאות עם ראשי המפלגות שברשימה בפניך, עבור איזו מפלגה היית מצביע?",בית ציוני,בית ציוני-המילואימניקים בראשות חילי טרופר ויועז הנדל,0,2.8,,1,2026-08-24
4099,קנטאר,ישראל היום,2026-08-23,2026-08-23,552,internet,main,1,"תחזית המנדטים (1) - מצב נוכחי: אילו היו מתקיימות היום הבחירות לכנסת, והמפלגות המתמודדות יהיו המפלגות הבאות עם ראשי המפלגות שברשימה בפניך, עבור איזו מפלגה היית מצביע?",האחדות,מפלגה בראשות גלעד ארדן ויולי אדלשטיין,0,1.6,,1,2026-08-24
4099,קנטאר,ישראל היום,2026-08-23,2026-08-23,552,internet,main,1,"תחזית המנדטים (1) - מצב נוכחי: אילו היו מתקיימות היום הבחירות לכנסת, והמפלגות המתמודדות יהיו המפלגות הבאות עם ראשי המפלגות שברשימה בפניך, עבור איזו מפלגה היית מצביע?",עמך ישראל,מפלגת ימין בראשות עופר וינטר,0,2.5,,1,2026-08-24
4099,קנטאר,ישראל היום,2026-08-23,2026-08-23,552,internet,scenario,2,"תחזית מנדטים (2): אם יצטרפו למפלגת הימין בראשות עופר וינטר גם יוסף חדאד, ללי דרעי ונטעלי שם טוב",ישר,מפלגת ישר! בראשות גדי איזנקוט,24,18.4,,1,2026-08-24
4099,קנטאר,ישראל היום,2026-08-23,2026-08-23,552,internet,scenario,2,"תחזית מנדטים (2): אם יצטרפו למפלגת הימין בראשות עופר וינטר גם יוסף חדאד, ללי דרעי ונטעלי שם טוב",הליכוד,הליכוד בראשות בנימין נתניהו,22,16.8,,1,2026-08-24
4099,קנטאר,ישראל היום,2026-08-23,2026-08-23,552,internet,scenario,2,"תחזית מנדטים (2): אם יצטרפו למפלגת הימין בראשות עופר וינטר גם יוסף חדאד, ללי דרעי ונטעלי שם טוב",ביחד,ביחד בראשות נפתלי בנט,14,10.7,,1,2026-08-24
4099,קנטאר,ישראל היום,2026-08-23,2026-08-23,552,internet,scenario,2,"תחזית מנדטים (2): אם יצטרפו למפלגת הימין בראשות עופר וינטר גם יוסף חדאד, ללי דרעי ונטעלי שם טוב",הדמוקרטים,מפלגת הדמוקרטים בראשות יאיר גולן,10,7.7,,1,2026-08-24
4099,קנטאר,ישראל היום,2026-08-23,2026-08-23,552,internet,scenario,2,"תחזית מנדטים (2): אם יצטרפו למפלגת הימין בראשות עופר וינטר גם יוסף חדאד, ללי דרעי ונטעלי שם טוב",ישראל ביתנו,ישראל ביתנו בראשות אביגדור ליברמן,10,7.7,,1,2026-08-24
4099,קנטאר,ישראל היום,2026-08-23,2026-08-23,552,internet,scenario,2,"תחזית מנדטים (2): אם יצטרפו למפלגת הימין בראשות עופר וינטר גם יוסף חדאד, ללי דרעי ונטעלי שם טוב",עוצמה יהודית,עוצמה יהודית בראשות איתמר בן גביר,8,6.1,,1,2026-08-24
4099,קנטאר,ישראל היום,2026-08-23,2026-08-23,552,internet,scenario,2,"תחזית מנדטים (2): אם יצטרפו למפלגת הימין בראשות עופר וינטר גם יוסף חדאד, ללי דרעי ונטעלי שם טוב",יהדות התורה,יהדות התורה בראשות יצחק גולדקנופף,8,6.1,,1,2026-08-24
4099,קנטאר,ישראל היום,2026-08-23,2026-08-23,552,internet,scenario,2,"תחזית מנדטים (2): אם יצטרפו למפלגת הימין בראשות עופר וינטר גם יוסף חדאד, ללי דרעי ונטעלי שם טוב","ש""ס","ש""ס בראשות אריה דרעי",7,5.4,,1,2026-08-24
4099,קנטאר,ישראל היום,2026-08-23,2026-08-23,552,internet,scenario,2,"תחזית מנדטים (2): אם יצטרפו למפלגת הימין בראשות עופר וינטר גם יוסף חדאד, ללי דרעי ונטעלי שם טוב",הרשימה המשותפת,"חד""ש-תע""ל ובל""ד בראשות יוסף ג'אברין",7,5.3,,1,2026-08-24
4099,קנטאר,ישראל היום,2026-08-23,2026-08-23,552,internet,scenario,2,"תחזית מנדטים (2): אם יצטרפו למפלגת הימין בראשות עופר וינטר גם יוסף חדאד, ללי דרעי ונטעלי שם טוב",עמך ישראל,"ימין בראשות עופר וינטר יחד עם יוסף חדאד, ללי דרעי ונטעלי שם טוב",5,3.8,,1,2026-08-24
4099,קנטאר,ישראל היום,2026-08-23,2026-08-23,552,internet,scenario,2,"תחזית מנדטים (2): אם יצטרפו למפלגת הימין בראשות עופר וינטר גם יוסף חדאד, ללי דרעי ונטעלי שם טוב","רע""ם","רע""מ בראשות מנסור עבאס",5,3.8,,1,2026-08-24
4099,קנטאר,ישראל היום,2026-08-23,2026-08-23,552,internet,scenario,2,"תחזית מנדטים (2): אם יצטרפו למפלגת הימין בראשות עופר וינטר גם יוסף חדאד, ללי דרעי ונטעלי שם טוב",הציונות הדתית,הציונות הדתית בראשות בצלאל סמוטריץ',0,3.0,,1,2026-08-24
4099,קנטאר,ישראל היום,2026-08-23,2026-08-23,552,internet,scenario,2,"תחזית מנדטים (2): אם יצטרפו למפלגת הימין בראשות עופר וינטר גם יוסף חדאד, ללי דרעי ונטעלי שם טוב",כחול לבן,כחול לבן בראשות בני גנץ,0,1.6,,1,2026-08-24
4099,קנטאר,ישראל היום,2026-08-23,2026-08-23,552,internet,scenario,2,"תחזית מנדטים (2): אם יצטרפו למפלגת הימין בראשות עופר וינטר גם יוסף חדאד, ללי דרעי ונטעלי שם טוב",בית ציוני,בית ציוני-המילואימניקים בראשות חילי טרופר ויועז הנדל,0,2.3,,1,2026-08-24
4099,קנטאר,ישראל היום,2026-08-23,2026-08-23,552,internet,scenario,2,"תחזית מנדטים (2): אם יצטרפו למפלגת הימין בראשות עופר וינטר גם יוסף חדאד, ללי דרעי ונטעלי שם טוב",האחדות,מפלגה בראשות גלעד ארדן ויולי אדלשטיין,0,1.3,,1,2026-08-24
4099,קנטאר,ישראל היום,2026-08-23,2026-08-23,552,internet,scenario,3,"תחזית מנדטים (3): אם יואב סיגלוביץ יצטרף למפלגת רע""ם בראשות מנסור עבאס",ישר,מפלגת ישר! בראשות גדי איזנקוט,24,18.2,,1,2026-08-24
4099,קנטאר,ישראל היום,2026-08-23,2026-08-23,552,internet,scenario,3,"תחזית מנדטים (3): אם יואב סיגלוביץ יצטרף למפלגת רע""ם בראשות מנסור עבאס",הליכוד,הליכוד בראשות בנימין נתניהו,22,16.6,,1,2026-08-24
4099,קנטאר,ישראל היום,2026-08-23,2026-08-23,552,internet,scenario,3,"תחזית מנדטים (3): אם יואב סיגלוביץ יצטרף למפלגת רע""ם בראשות מנסור עבאס",ביחד,ביחד בראשות נפתלי בנט,14,10.6,,1,2026-08-24
4099,קנטאר,ישראל היום,2026-08-23,2026-08-23,552,internet,scenario,3,"תחזית מנדטים (3): אם יואב סיגלוביץ יצטרף למפלגת רע""ם בראשות מנסור עבאס",הדמוקרטים,מפלגת הדמוקרטים בראשות יאיר גולן,10,7.6,,1,2026-08-24
4099,קנטאר,ישראל היום,2026-08-23,2026-08-23,552,internet,scenario,3,"תחזית מנדטים (3): אם יואב סיגלוביץ יצטרף למפלגת רע""ם בראשות מנסור עבאס",עוצמה יהודית,עוצמה יהודית בראשות איתמר בן גביר,9,6.8,,1,2026-08-24
4099,קנטאר,ישראל היום,2026-08-23,2026-08-23,552,internet,scenario,3,"תחזית מנדטים (3): אם יואב סיגלוביץ יצטרף למפלגת רע""ם בראשות מנסור עבאס",ישראל ביתנו,ישראל ביתנו בראשות אביגדור ליברמן,9,6.8,,1,2026-08-24
4099,קנטאר,ישראל היום,2026-08-23,2026-08-23,552,internet,scenario,3,"תחזית מנדטים (3): אם יואב סיגלוביץ יצטרף למפלגת רע""ם בראשות מנסור עבאס",יהדות התורה,יהדות התורה בראשות יצחק גולדקנופף,8,6.1,,1,2026-08-24
4099,קנטאר,ישראל היום,2026-08-23,2026-08-23,552,internet,scenario,3,"תחזית מנדטים (3): אם יואב סיגלוביץ יצטרף למפלגת רע""ם בראשות מנסור עבאס","ש""ס","ש""ס בראשות אריה דרעי",7,5.3,,1,2026-08-24
4099,קנטאר,ישראל היום,2026-08-23,2026-08-23,552,internet,scenario,3,"תחזית מנדטים (3): אם יואב סיגלוביץ יצטרף למפלגת רע""ם בראשות מנסור עבאס",הרשימה המשותפת,"חד""ש-תע""ל ובל""ד בראשות יוסף ג'אברין",7,5.2,,1,2026-08-24
4099,קנטאר,ישראל היום,2026-08-23,2026-08-23,552,internet,scenario,3,"תחזית מנדטים (3): אם יואב סיגלוביץ יצטרף למפלגת רע""ם בראשות מנסור עבאס",הציונות הדתית,הציונות הדתית בראשות בצלאל סמוטריץ',5,3.8,,1,2026-08-24
4099,קנטאר,ישראל היום,2026-08-23,2026-08-23,552,internet,scenario,3,"תחזית מנדטים (3): אם יואב סיגלוביץ יצטרף למפלגת רע""ם בראשות מנסור עבאס","רע""ם","רע""מ בראשות מנסור עבאס ויואב סיגלוביץ'",5,3.8,,1,2026-08-24
4099,קנטאר,ישראל היום,2026-08-23,2026-08-23,552,internet,scenario,3,"תחזית מנדטים (3): אם יואב סיגלוביץ יצטרף למפלגת רע""ם בראשות מנסור עבאס",כחול לבן,כחול לבן בראשות בני גנץ,0,1.8,,1,2026-08-24
4099,קנטאר,ישראל היום,2026-08-23,2026-08-23,552,internet,scenario,3,"תחזית מנדטים (3): אם יואב סיגלוביץ יצטרף למפלגת רע""ם בראשות מנסור עבאס",בית ציוני,בית ציוני-המילואימניקים בראשות חילי טרופר ויועז הנדל,0,2.8,,1,2026-08-24
4099,קנטאר,ישראל היום,2026-08-23,2026-08-23,552,internet,scenario,3,"תחזית מנדטים (3): אם יואב סיגלוביץ יצטרף למפלגת רע""ם בראשות מנסור עבאס",האחדות,מפלגה בראשות גלעד ארדן ויולי אדלשטיין,0,1.6,,1,2026-08-24
4099,קנטאר,ישראל היום,2026-08-23,2026-08-23,552,internet,scenario,3,"תחזית מנדטים (3): אם יואב סיגלוביץ יצטרף למפלגת רע""ם בראשות מנסור עבאס",עמך ישראל,מפלגת ימין בראשות עופר וינטר,0,3.0,,1,2026-08-24
4102,נקסט דאטה,ערוץ 14,2026-08-24,2026-08-24,484,internet,main,1,"תוצאות עיקריות - מנדטים: מפת המנדטים הסופית, כנסת בת 120 מושבים, אחוז חסימה 3.25%",הליכוד,הליכוד בראשות בנימין נתניהו,32,24.8,,1,2026-08-25
4102,נקסט דאטה,ערוץ 14,2026-08-24,2026-08-24,484,internet,main,1,"תוצאות עיקריות - מנדטים: מפת המנדטים הסופית, כנסת בת 120 מושבים, אחוז חסימה 3.25%",ישר,ישר בראשות גדי איזנקוט,24,18.5,,1,2026-08-25
4102,נקסט דאטה,ערוץ 14,2026-08-24,2026-08-24,484,internet,main,1,"תוצאות עיקריות - מנדטים: מפת המנדטים הסופית, כנסת בת 120 מושבים, אחוז חסימה 3.25%","ש""ס","ש""ס בראשות אריה דרעי",10,7.8,,1,2026-08-25
4102,נקסט דאטה,ערוץ 14,2026-08-24,2026-08-24,484,internet,main,1,"תוצאות עיקריות - מנדטים: מפת המנדטים הסופית, כנסת בת 120 מושבים, אחוז חסימה 3.25%",הדמוקרטים,הדמוקרטים בראשות יאיר גולן,9,6.7,,1,2026-08-25
4102,נקסט דאטה,ערוץ 14,2026-08-24,2026-08-24,484,internet,main,1,"תוצאות עיקריות - מנדטים: מפת המנדטים הסופית, כנסת בת 120 מושבים, אחוז חסימה 3.25%",עוצמה יהודית,עוצמה יהודית בראשות איתמר בן גביר,8,6.3,,1,2026-08-25
4102,נקסט דאטה,ערוץ 14,2026-08-24,2026-08-24,484,internet,main,1,"תוצאות עיקריות - מנדטים: מפת המנדטים הסופית, כנסת בת 120 מושבים, אחוז חסימה 3.25%",יהדות התורה,יהדות התורה,8,6.1,,1,2026-08-25
4102,נקסט דאטה,ערוץ 14,2026-08-24,2026-08-24,484,internet,main,1,"תוצאות עיקריות - מנדטים: מפת המנדטים הסופית, כנסת בת 120 מושבים, אחוז חסימה 3.25%",ביחד,ביחד בראשות נפתלי בנט ויאיר לפיד,7,5.6,,1,2026-08-25
4102,נקסט דאטה,ערוץ 14,2026-08-24,2026-08-24,484,internet,main,1,"תוצאות עיקריות - מנדטים: מפת המנדטים הסופית, כנסת בת 120 מושבים, אחוז חסימה 3.25%",ישראל ביתנו,ישראל ביתנו בראשות אביגדור ליברמן,7,5.1,,1,2026-08-25
4102,נקסט דאטה,ערוץ 14,2026-08-24,2026-08-24,484,internet,main,1,"תוצאות עיקריות - מנדטים: מפת המנדטים הסופית, כנסת בת 120 מושבים, אחוז חסימה 3.25%",הציונות הדתית,הציונות הדתית בראשות בצלאל סמוטריץ',5,3.8,,1,2026-08-25
4102,נקסט דאטה,ערוץ 14,2026-08-24,2026-08-24,484,internet,main,1,"תוצאות עיקריות - מנדטים: מפת המנדטים הסופית, כנסת בת 120 מושבים, אחוז חסימה 3.25%","רע""ם","רע""ם בראשות מנסור עבאס",5,3.7,,1,2026-08-25
4102,נקסט דאטה,ערוץ 14,2026-08-24,2026-08-24,484,internet,main,1,"תוצאות עיקריות - מנדטים: מפת המנדטים הסופית, כנסת בת 120 מושבים, אחוז חסימה 3.25%",הרשימה המשותפת,"חד""ש-תע""ל-בל""ד בראשות ד""ר יוסף ג'בארין",5,4.0,,1,2026-08-25
4102,נקסט דאטה,ערוץ 14,2026-08-24,2026-08-24,484,internet,main,1,"תוצאות עיקריות - מנדטים: מפת המנדטים הסופית, כנסת בת 120 מושבים, אחוז חסימה 3.25%",עמך ישראל,מפלגה חדשה בראשות עופר וינטר,0,2.1,,1,2026-08-25
4102,נקסט דאטה,ערוץ 14,2026-08-24,2026-08-24,484,internet,main,1,"תוצאות עיקריות - מנדטים: מפת המנדטים הסופית, כנסת בת 120 מושבים, אחוז חסימה 3.25%",זהות,זהות בראשות משה פייגלין,0,1.7,,1,2026-08-25
4102,נקסט דאטה,ערוץ 14,2026-08-24,2026-08-24,484,internet,main,1,"תוצאות עיקריות - מנדטים: מפת המנדטים הסופית, כנסת בת 120 מושבים, אחוז חסימה 3.25%",בית ציוני,בית ציוני בראשות יועז הנדל וחילי טרופר,0,1.4,,1,2026-08-25
4102,נקסט דאטה,ערוץ 14,2026-08-24,2026-08-24,484,internet,main,1,"תוצאות עיקריות - מנדטים: מפת המנדטים הסופית, כנסת בת 120 מושבים, אחוז חסימה 3.25%",הכלכלית החדשה,המפלגה הכלכלית החדשה בראשות ירון זליכה,0,1.0,,1,2026-08-25
4102,נקסט דאטה,ערוץ 14,2026-08-24,2026-08-24,484,internet,main,1,"תוצאות עיקריות - מנדטים: מפת המנדטים הסופית, כנסת בת 120 מושבים, אחוז חסימה 3.25%",כחול לבן,כחול לבן בראשות בני גנץ,0,1.0,,1,2026-08-25
4102,נקסט דאטה,ערוץ 14,2026-08-24,2026-08-24,484,internet,main,1,"תוצאות עיקריות - מנדטים: מפת המנדטים הסופית, כנסת בת 120 מושבים, אחוז חסימה 3.25%",האחדות,אחדות בראשות גלעד ארדן ויולי אדלשטיין,0,0.4,,1,2026-08-25
4103,מדגם,חדשות 12,2026-08-24,2026-08-24,502,mixed,main,1,"אילו הבחירות לכנסת היו מתקיימות היום, לאיזו מפלגה היית מצביע?",ישר,ישר! עם איזנקוט בראשות גדי איזנקוט,24,18.7,11.0,1,2026-08-25
4103,מדגם,חדשות 12,2026-08-24,2026-08-24,502,mixed,main,1,"אילו הבחירות לכנסת היו מתקיימות היום, לאיזו מפלגה היית מצביע?",הליכוד,הליכוד בראשות בנימין נתניהו,22,17.1,11.0,1,2026-08-25
4103,מדגם,חדשות 12,2026-08-24,2026-08-24,502,mixed,main,1,"אילו הבחירות לכנסת היו מתקיימות היום, לאיזו מפלגה היית מצביע?",ביחד,ביחד בראשות נפתלי בנט,15,11.7,11.0,1,2026-08-25
4103,מדגם,חדשות 12,2026-08-24,2026-08-24,502,mixed,main,1,"אילו הבחירות לכנסת היו מתקיימות היום, לאיזו מפלגה היית מצביע?",הדמוקרטים,הדמוקרטים בראשות יאיר גולן,11,8.4,11.0,1,2026-08-25
4103,מדגם,חדשות 12,2026-08-24,2026-08-24,502,mixed,main,1,"אילו הבחירות לכנסת היו מתקיימות היום, לאיזו מפלגה היית מצביע?",ישראל ביתנו,ישראל ביתנו בראשות אביגדור ליברמן,9,7.0,11.0,1,2026-08-25
4103,מדגם,חדשות 12,2026-08-24,2026-08-24,502,mixed,main,1,"אילו הבחירות לכנסת היו מתקיימות היום, לאיזו מפלגה היית מצביע?",עוצמה יהודית,עוצמה יהודית בראשות איתמר בן גביר,9,6.9,11.0,1,2026-08-25
4103,מדגם,חדשות 12,2026-08-24,2026-08-24,502,mixed,main,1,"אילו הבחירות לכנסת היו מתקיימות היום, לאיזו מפלגה היית מצביע?",יהדות התורה,יהדות התורה בראשות משה גפני,8,6.3,11.0,1,2026-08-25
4103,מדגם,חדשות 12,2026-08-24,2026-08-24,502,mixed,main,1,"אילו הבחירות לכנסת היו מתקיימות היום, לאיזו מפלגה היית מצביע?",הרשימה המשותפת,"הרשימה המשותפת (חד""ש, תע""ל, בל""ד) בראשות יוסף ג'בארין",7,5.3,11.0,1,2026-08-25
4103,מדגם,חדשות 12,2026-08-24,2026-08-24,502,mixed,main,1,"אילו הבחירות לכנסת היו מתקיימות היום, לאיזו מפלגה היית מצביע?","ש""ס","ש""ס בראשות אריה דרעי",7,5.2,11.0,1,2026-08-25
4103,מדגם,חדשות 12,2026-08-24,2026-08-24,502,mixed,main,1,"אילו הבחירות לכנסת היו מתקיימות היום, לאיזו מפלגה היית מצביע?",הציונות הדתית,הציונות הדתית בראשות בצלאל סמוטריץ',4,3.3,11.0,1,2026-08-25
4103,מדגם,חדשות 12,2026-08-24,2026-08-24,502,mixed,main,1,"אילו הבחירות לכנסת היו מתקיימות היום, לאיזו מפלגה היית מצביע?","רע""ם","הרשימה הערבית המאוחדת - רע""ם בראשות מנסור עבאס",4,3.3,11.0,1,2026-08-25
4103,מדגם,חדשות 12,2026-08-24,2026-08-24,502,mixed,main,1,"אילו הבחירות לכנסת היו מתקיימות היום, לאיזו מפלגה היית מצביע?",בית ציוני,בית ציוני - המילואימניקים בראשות חילי טרופר ויועז הנדל,0,2.9,11.0,1,2026-08-25
4103,מדגם,חדשות 12,2026-08-24,2026-08-24,502,mixed,main,1,"אילו הבחירות לכנסת היו מתקיימות היום, לאיזו מפלגה היית מצביע?",האחדות,האחדות בראשות גלעד ארדן,0,0.8,11.0,1,2026-08-25
4103,מדגם,חדשות 12,2026-08-24,2026-08-24,502,mixed,main,1,"אילו הבחירות לכנסת היו מתקיימות היום, לאיזו מפלגה היית מצביע?",כחול לבן,כחול לבן בראשות בני גנץ,0,0.4,11.0,1,2026-08-25
4103,מדגם,חדשות 12,2026-08-24,2026-08-24,502,mixed,scenario,2,"ואילו הבחירות לכנסת היו מתקיימות היום ומפלגה בראשות עופר וינטר הייתה מתמודדת, ויתר המפלגות ללא שינוי, לאיזו מפלגה היית מצביע?",ישר,ישר! עם איזנקוט בראשות גדי איזנקוט,24,18.3,10.7,1,2026-08-25
4103,מדגם,חדשות 12,2026-08-24,2026-08-24,502,mixed,scenario,2,"ואילו הבחירות לכנסת היו מתקיימות היום ומפלגה בראשות עופר וינטר הייתה מתמודדת, ויתר המפלגות ללא שינוי, לאיזו מפלגה היית מצביע?",הליכוד,הליכוד בראשות בנימין נתניהו,21,16.1,10.7,1,2026-08-25
4103,מדגם,חדשות 12,2026-08-24,2026-08-24,502,mixed,scenario,2,"ואילו הבחירות לכנסת היו מתקיימות היום ומפלגה בראשות עופר וינטר הייתה מתמודדת, ויתר המפלגות ללא שינוי, לאיזו מפלגה היית מצביע?",ביחד,ביחד בראשות נפתלי בנט,16,12.3,10.7,1,2026-08-25
4103,מדגם,חדשות 12,2026-08-24,2026-08-24,502,mixed,scenario,2,"ואילו הבחירות לכנסת היו מתקיימות היום ומפלגה בראשות עופר וינטר הייתה מתמודדת, ויתר המפלגות ללא שינוי, לאיזו מפלגה היית מצביע?",הדמוקרטים,הדמוקרטים בראשות יאיר גולן,11,8.4,10.7,1,2026-08-25
4103,מדגם,חדשות 12,2026-08-24,2026-08-24,502,mixed,scenario,2,"ואילו הבחירות לכנסת היו מתקיימות היום ומפלגה בראשות עופר וינטר הייתה מתמודדת, ויתר המפלגות ללא שינוי, לאיזו מפלגה היית מצביע?",ישראל ביתנו,ישראל ביתנו בראשות אביגדור ליברמן,9,6.9,10.7,1,2026-08-25
4103,מדגם,חדשות 12,2026-08-24,2026-08-24,502,mixed,scenario,2,"ואילו הבחירות לכנסת היו מתקיימות היום ומפלגה בראשות עופר וינטר הייתה מתמודדת, ויתר המפלגות ללא שינוי, לאיזו מפלגה היית מצביע?",עוצמה יהודית,עוצמה יהודית בראשות איתמר בן גביר,9,6.8,10.7,1,2026-08-25
4103,מדגם,חדשות 12,2026-08-24,2026-08-24,502,mixed,scenario,2,"ואילו הבחירות לכנסת היו מתקיימות היום ומפלגה בראשות עופר וינטר הייתה מתמודדת, ויתר המפלגות ללא שינוי, לאיזו מפלגה היית מצביע?",יהדות התורה,יהדות התורה בראשות משה גפני,8,6.1,10.7,1,2026-08-25
4103,מדגם,חדשות 12,2026-08-24,2026-08-24,502,mixed,scenario,2,"ואילו הבחירות לכנסת היו מתקיימות היום ומפלגה בראשות עופר וינטר הייתה מתמודדת, ויתר המפלגות ללא שינוי, לאיזו מפלגה היית מצביע?",הרשימה המשותפת,"הרשימה המשותפת (חד""ש, תע""ל, בל""ד) בראשות יוסף ג'בארין",7,5.2,10.7,1,2026-08-25
4103,מדגם,חדשות 12,2026-08-24,2026-08-24,502,mixed,scenario,2,"ואילו הבחירות לכנסת היו מתקיימות היום ומפלגה בראשות עופר וינטר הייתה מתמודדת, ויתר המפלגות ללא שינוי, לאיזו מפלגה היית מצביע?","ש""ס","ש""ס בראשות אריה דרעי",7,5.1,10.7,1,2026-08-25
4103,מדגם,חדשות 12,2026-08-24,2026-08-24,502,mixed,scenario,2,"ואילו הבחירות לכנסת היו מתקיימות היום ומפלגה בראשות עופר וינטר הייתה מתמודדת, ויתר המפלגות ללא שינוי, לאיזו מפלגה היית מצביע?","רע""ם","הרשימה הערבית המאוחדת - רע""ם בראשות מנסור עבאס",4,3.3,10.7,1,2026-08-25
4103,מדגם,חדשות 12,2026-08-24,2026-08-24,502,mixed,scenario,2,"ואילו הבחירות לכנסת היו מתקיימות היום ומפלגה בראשות עופר וינטר הייתה מתמודדת, ויתר המפלגות ללא שינוי, לאיזו מפלגה היית מצביע?",עמך ישראל,מפלגה בראשות עופר וינטר,4,3.3,10.7,1,2026-08-25
4103,מדגם,חדשות 12,2026-08-24,2026-08-24,502,mixed,scenario,2,"ואילו הבחירות לכנסת היו מתקיימות היום ומפלגה בראשות עופר וינטר הייתה מתמודדת, ויתר המפלגות ללא שינוי, לאיזו מפלגה היית מצביע?",בית ציוני,בית ציוני - המילואימניקים בראשות חילי טרופר ויועז הנדל,0,2.8,10.7,1,2026-08-25
4103,מדגם,חדשות 12,2026-08-24,2026-08-24,502,mixed,scenario,2,"ואילו הבחירות לכנסת היו מתקיימות היום ומפלגה בראשות עופר וינטר הייתה מתמודדת, ויתר המפלגות ללא שינוי, לאיזו מפלגה היית מצביע?",הציונות הדתית,הציונות הדתית בראשות בצלאל סמוטריץ',0,2.4,10.7,1,2026-08-25
4103,מדגם,חדשות 12,2026-08-24,2026-08-24,502,mixed,scenario,2,"ואילו הבחירות לכנסת היו מתקיימות היום ומפלגה בראשות עופר וינטר הייתה מתמודדת, ויתר המפלגות ללא שינוי, לאיזו מפלגה היית מצביע?",האחדות,האחדות בראשות גלעד ארדן,0,0.8,10.7,1,2026-08-25
4103,מדגם,חדשות 12,2026-08-24,2026-08-24,502,mixed,scenario,2,"ואילו הבחירות לכנסת היו מתקיימות היום ומפלגה בראשות עופר וינטר הייתה מתמודדת, ויתר המפלגות ללא שינוי, לאיזו מפלגה היית מצביע?",כחול לבן,כחול לבן בראשות בני גנץ,0,0.4,10.7,1,2026-08-25
4103,מדגם,חדשות 12,2026-08-24,2026-08-24,502,mixed,scenario,3,"ואילו הבחירות לכנסת היו מתקיימות היום ומפלגה בראשות עופר וינטר הייתה מתמודדת ובנוסף מפלגות ""כחול לבן"" של בני גנץ ו""האחדות"" של גלעד ארדן היו מתמודדות ברשימה אחת, ובנוסף ח""כ יואב סגלוביץ' יצטרף לרשימה הערבית המאוחדת - רע""ם בראשות מנסור עבאס, ויתר המפלגות ללא שינוי, לאיזו מפלגה היית מצביע?",ישר,ישר! עם איזנקוט בראשות גדי איזנקוט,25,19.0,7.7,1,2026-08-25
4103,מדגם,חדשות 12,2026-08-24,2026-08-24,502,mixed,scenario,3,"ואילו הבחירות לכנסת היו מתקיימות היום ומפלגה בראשות עופר וינטר הייתה מתמודדת ובנוסף מפלגות ""כחול לבן"" של בני גנץ ו""האחדות"" של גלעד ארדן היו מתמודדות ברשימה אחת, ובנוסף ח""כ יואב סגלוביץ' יצטרף לרשימה הערבית המאוחדת - רע""ם בראשות מנסור עבאס, ויתר המפלגות ללא שינוי, לאיזו מפלגה היית מצביע?",הליכוד,הליכוד בראשות בנימין נתניהו,21,16.0,7.7,1,2026-08-25
4103,מדגם,חדשות 12,2026-08-24,2026-08-24,502,mixed,scenario,3,"ואילו הבחירות לכנסת היו מתקיימות היום ומפלגה בראשות עופר וינטר הייתה מתמודדת ובנוסף מפלגות ""כחול לבן"" של בני גנץ ו""האחדות"" של גלעד ארדן היו מתמודדות ברשימה אחת, ובנוסף ח""כ יואב סגלוביץ' יצטרף לרשימה הערבית המאוחדת - רע""ם בראשות מנסור עבאס, ויתר המפלגות ללא שינוי, לאיזו מפלגה היית מצביע?",ביחד,ביחד בראשות נפתלי בנט,15,11.0,7.7,1,2026-08-25
4103,מדגם,חדשות 12,2026-08-24,2026-08-24,502,mixed,scenario,3,"ואילו הבחירות לכנסת היו מתקיימות היום ומפלגה בראשות עופר וינטר הייתה מתמודדת ובנוסף מפלגות ""כחול לבן"" של בני גנץ ו""האחדות"" של גלעד ארדן היו מתמודדות ברשימה אחת, ובנוסף ח""כ יואב סגלוביץ' יצטרף לרשימה הערבית המאוחדת - רע""ם בראשות מנסור עבאס, ויתר המפלגות ללא שינוי, לאיזו מפלגה היית מצביע?",הדמוקרטים,הדמוקרטים בראשות יאיר גולן,11,8.1,7.7,1,2026-08-25
4103,מדגם,חדשות 12,2026-08-24,2026-08-24,502,mixed,scenario,3,"ואילו הבחירות לכנסת היו מתקיימות היום ומפלגה בראשות עופר וינטר הייתה מתמודדת ובנוסף מפלגות ""כחול לבן"" של בני גנץ ו""האחדות"" של גלעד ארדן היו מתמודדות ברשימה אחת, ובנוסף ח""כ יואב סגלוביץ' יצטרף לרשימה הערבית המאוחדת - רע""ם בראשות מנסור עבאס, ויתר המפלגות ללא שינוי, לאיזו מפלגה היית מצביע?",ישראל ביתנו,ישראל ביתנו בראשות אביגדור ליברמן,9,6.5,7.7,1,2026-08-25
4103,מדגם,חדשות 12,2026-08-24,2026-08-24,502,mixed,scenario,3,"ואילו הבחירות לכנסת היו מתקיימות היום ומפלגה בראשות עופר וינטר הייתה מתמודדת ובנוסף מפלגות ""כחול לבן"" של בני גנץ ו""האחדות"" של גלעד ארדן היו מתמודדות ברשימה אחת, ובנוסף ח""כ יואב סגלוביץ' יצטרף לרשימה הערבית המאוחדת - רע""ם בראשות מנסור עבאס, ויתר המפלגות ללא שינוי, לאיזו מפלגה היית מצביע?",עוצמה יהודית,עוצמה יהודית בראשות איתמר בן גביר,9,6.5,7.7,1,2026-08-25
4103,מדגם,חדשות 12,2026-08-24,2026-08-24,502,mixed,scenario,3,"ואילו הבחירות לכנסת היו מתקיימות היום ומפלגה בראשות עופר וינטר הייתה מתמודדת ובנוסף מפלגות ""כחול לבן"" של בני גנץ ו""האחדות"" של גלעד ארדן היו מתמודדות ברשימה אחת, ובנוסף ח""כ יואב סגלוביץ' יצטרף לרשימה הערבית המאוחדת - רע""ם בראשות מנסור עבאס, ויתר המפלגות ללא שינוי, לאיזו מפלגה היית מצביע?",יהדות התורה,יהדות התורה בראשות משה גפני,8,6.0,7.7,1,2026-08-25
4103,מדגם,חדשות 12,2026-08-24,2026-08-24,502,mixed,scenario,3,"ואילו הבחירות לכנסת היו מתקיימות היום ומפלגה בראשות עופר וינטר הייתה מתמודדת ובנוסף מפלגות ""כחול לבן"" של בני גנץ ו""האחדות"" של גלעד ארדן היו מתמודדות ברשימה אחת, ובנוסף ח""כ יואב סגלוביץ' יצטרף לרשימה הערבית המאוחדת - רע""ם בראשות מנסור עבאס, ויתר המפלגות ללא שינוי, לאיזו מפלגה היית מצביע?","ש""ס","ש""ס בראשות אריה דרעי",7,5.1,7.7,1,2026-08-25
4103,מדגם,חדשות 12,2026-08-24,2026-08-24,502,mixed,scenario,3,"ואילו הבחירות לכנסת היו מתקיימות היום ומפלגה בראשות עופר וינטר הייתה מתמודדת ובנוסף מפלגות ""כחול לבן"" של בני גנץ ו""האחדות"" של גלעד ארדן היו מתמודדות ברשימה אחת, ובנוסף ח""כ יואב סגלוביץ' יצטרף לרשימה הערבית המאוחדת - רע""ם בראשות מנסור עבאס, ויתר המפלגות ללא שינוי, לאיזו מפלגה היית מצביע?",הרשימה המשותפת,"הרשימה המשותפת (חד""ש, תע""ל, בל""ד) בראשות יוסף ג'בארין",7,5.0,7.7,1,2026-08-25
4103,מדגם,חדשות 12,2026-08-24,2026-08-24,502,mixed,scenario,3,"ואילו הבחירות לכנסת היו מתקיימות היום ומפלגה בראשות עופר וינטר הייתה מתמודדת ובנוסף מפלגות ""כחול לבן"" של בני גנץ ו""האחדות"" של גלעד ארדן היו מתמודדות ברשימה אחת, ובנוסף ח""כ יואב סגלוביץ' יצטרף לרשימה הערבית המאוחדת - רע""ם בראשות מנסור עבאס, ויתר המפלגות ללא שינוי, לאיזו מפלגה היית מצביע?","רע""ם","הרשימה הערבית המאוחדת - רע""ם בראשות מנסור עבאס עם יואב סגלוביץ'",4,3.3,7.7,1,2026-08-25
4103,מדגם,חדשות 12,2026-08-24,2026-08-24,502,mixed,scenario,3,"ואילו הבחירות לכנסת היו מתקיימות היום ומפלגה בראשות עופר וינטר הייתה מתמודדת ובנוסף מפלגות ""כחול לבן"" של בני גנץ ו""האחדות"" של גלעד ארדן היו מתמודדות ברשימה אחת, ובנוסף ח""כ יואב סגלוביץ' יצטרף לרשימה הערבית המאוחדת - רע""ם בראשות מנסור עבאס, ויתר המפלגות ללא שינוי, לאיזו מפלגה היית מצביע?",עמך ישראל,מפלגה בראשות עופר וינטר,4,3.3,7.7,1,2026-08-25
4103,מדגם,חדשות 12,2026-08-24,2026-08-24,502,mixed,scenario,3,"ואילו הבחירות לכנסת היו מתקיימות היום ומפלגה בראשות עופר וינטר הייתה מתמודדת ובנוסף מפלגות ""כחול לבן"" של בני גנץ ו""האחדות"" של גלעד ארדן היו מתמודדות ברשימה אחת, ובנוסף ח""כ יואב סגלוביץ' יצטרף לרשימה הערבית המאוחדת - רע""ם בראשות מנסור עבאס, ויתר המפלגות ללא שינוי, לאיזו מפלגה היית מצביע?",הציונות הדתית,הציונות הדתית בראשות בצלאל סמוטריץ',0,2.9,7.7,1,2026-08-25
4103,מדגם,חדשות 12,2026-08-24,2026-08-24,502,mixed,scenario,3,"ואילו הבחירות לכנסת היו מתקיימות היום ומפלגה בראשות עופר וינטר הייתה מתמודדת ובנוסף מפלגות ""כחול לבן"" של בני גנץ ו""האחדות"" של גלעד ארדן היו מתמודדות ברשימה אחת, ובנוסף ח""כ יואב סגלוביץ' יצטרף לרשימה הערבית המאוחדת - רע""ם בראשות מנסור עבאס, ויתר המפלגות ללא שינוי, לאיזו מפלגה היית מצביע?",בית ציוני,בית ציוני - המילואימניקים בראשות חילי טרופר ויועז הנדל,0,2.8,7.7,1,2026-08-25
4103,מדגם,חדשות 12,2026-08-24,2026-08-24,502,mixed,scenario,3,"ואילו הבחירות לכנסת היו מתקיימות היום ומפלגה בראשות עופר וינטר הייתה מתמודדת ובנוסף מפלגות ""כחול לבן"" של בני גנץ ו""האחדות"" של גלעד ארדן היו מתמודדות ברשימה אחת, ובנוסף ח""כ יואב סגלוביץ' יצטרף לרשימה הערבית המאוחדת - רע""ם בראשות מנסור עבאס, ויתר המפלגות ללא שינוי, לאיזו מפלגה היית מצביע?",כחול לבן,כחול לבן בראשות בני גנץ והאחדות בראשות גלעד ארדן,0,2.4,7.7,1,2026-08-25
4104,מאגר מוחות,ערוץ 16,2026-08-25,2026-08-26,552,mixed,main,1,"אם הבחירות לכנסת היו מתקיימות היום, לאיזו מפלגה היית מצביע? (ברוטציה)",הליכוד,הליכוד בראשות בנימין נתניהו,21,14.0,9.0,1,2026-08-30
4104,מאגר מוחות,ערוץ 16,2026-08-25,2026-08-26,552,mixed,main,1,"אם הבחירות לכנסת היו מתקיימות היום, לאיזו מפלגה היית מצביע? (ברוטציה)",ישר,"מפלגת ""ישר!"" בראשות גדי איזנקוט",21,14.0,9.0,1,2026-08-30
4104,מאגר מוחות,ערוץ 16,2026-08-25,2026-08-26,552,mixed,main,1,"אם הבחירות לכנסת היו מתקיימות היום, לאיזו מפלגה היית מצביע? (ברוטציה)",ביחד,"מפלגת ""ביחד"", בראשות נפתלי בנט",16,11.0,9.0,1,2026-08-30
4104,מאגר מוחות,ערוץ 16,2026-08-25,2026-08-26,552,mixed,main,1,"אם הבחירות לכנסת היו מתקיימות היום, לאיזו מפלגה היית מצביע? (ברוטציה)",הדמוקרטים,הדמוקרטים בראשות יאיר גולן,11,7.0,9.0,1,2026-08-30
4104,מאגר מוחות,ערוץ 16,2026-08-25,2026-08-26,552,mixed,main,1,"אם הבחירות לכנסת היו מתקיימות היום, לאיזו מפלגה היית מצביע? (ברוטציה)",עוצמה יהודית,עוצמה יהודית בראשות איתמר בן גביר,9,6.0,9.0,1,2026-08-30
4104,מאגר מוחות,ערוץ 16,2026-08-25,2026-08-26,552,mixed,main,1,"אם הבחירות לכנסת היו מתקיימות היום, לאיזו מפלגה היית מצביע? (ברוטציה)","ש""ס","ש""ס בראשות אריה דרעי",9,6.0,9.0,1,2026-08-30
4104,מאגר מוחות,ערוץ 16,2026-08-25,2026-08-26,552,mixed,main,1,"אם הבחירות לכנסת היו מתקיימות היום, לאיזו מפלגה היית מצביע? (ברוטציה)",ישראל ביתנו,ישראל ביתנו בראשות אביגדור ליברמן,8,6.0,9.0,1,2026-08-30
4104,מאגר מוחות,ערוץ 16,2026-08-25,2026-08-26,552,mixed,main,1,"אם הבחירות לכנסת היו מתקיימות היום, לאיזו מפלגה היית מצביע? (ברוטציה)",יהדות התורה,יהדות התורה בראשות יצחק גולדקנופף,7,5.0,9.0,1,2026-08-30
4104,מאגר מוחות,ערוץ 16,2026-08-25,2026-08-26,552,mixed,main,1,"אם הבחירות לכנסת היו מתקיימות היום, לאיזו מפלגה היית מצביע? (ברוטציה)",הרשימה המשותפת,"חדש-תע""ל ובל""ד בראשות ד""ר יוסף ג'בארין",7,5.0,9.0,1,2026-08-30
4104,מאגר מוחות,ערוץ 16,2026-08-25,2026-08-26,552,mixed,main,1,"אם הבחירות לכנסת היו מתקיימות היום, לאיזו מפלגה היית מצביע? (ברוטציה)",עמך ישראל,עמך ישראל בראשות עופר וינטר,7,4.0,9.0,1,2026-08-30
4104,מאגר מוחות,ערוץ 16,2026-08-25,2026-08-26,552,mixed,main,1,"אם הבחירות לכנסת היו מתקיימות היום, לאיזו מפלגה היית מצביע? (ברוטציה)","רע""ם","רע""ם בראשות מנסור עבאס",4,3.0,9.0,1,2026-08-30
4104,מאגר מוחות,ערוץ 16,2026-08-25,2026-08-26,552,mixed,main,1,"אם הבחירות לכנסת היו מתקיימות היום, לאיזו מפלגה היית מצביע? (ברוטציה)",הציונות הדתית,הציונות הדתית בראשות בצלאל סמוטריץ',0,2.0,9.0,1,2026-08-30
4104,מאגר מוחות,ערוץ 16,2026-08-25,2026-08-26,552,mixed,main,1,"אם הבחירות לכנסת היו מתקיימות היום, לאיזו מפלגה היית מצביע? (ברוטציה)",בית ציוני,הבית הציוני בראשות יועז הנדל וחילי טרופר,0,2.0,9.0,1,2026-08-30
4104,מאגר מוחות,ערוץ 16,2026-08-25,2026-08-26,552,mixed,main,1,"אם הבחירות לכנסת היו מתקיימות היום, לאיזו מפלגה היית מצביע? (ברוטציה)",האחדות,האחדות בראשות גלעד ארדן ויולי אדלשטיין,0,2.0,9.0,1,2026-08-30
4104,מאגר מוחות,ערוץ 16,2026-08-25,2026-08-26,552,mixed,main,1,"אם הבחירות לכנסת היו מתקיימות היום, לאיזו מפלגה היית מצביע? (ברוטציה)",כחול לבן,כחול לבן בראשות בני גנץ,0,1.0,9.0,1,2026-08-30
4104,מאגר מוחות,ערוץ 16,2026-08-25,2026-08-26,552,mixed,main,1,"אם הבחירות לכנסת היו מתקיימות היום, לאיזו מפלגה היית מצביע? (ברוטציה)",הכלכלית החדשה,המפלגה הכלכלית בראשות ירון זליכה,0,1.0,9.0,1,2026-08-30
4104,מאגר מוחות,ערוץ 16,2026-08-25,2026-08-26,552,mixed,main,1,"אם הבחירות לכנסת היו מתקיימות היום, לאיזו מפלגה היית מצביע? (ברוטציה)",זהות,זהות בראשות משה פייגלין ומיכאל בן ארי,0,1.0,9.0,1,2026-08-30
4105,לזר מחקרים,וואלה,2026-08-26,2026-08-26,500,internet,main,1,"אם היו מתקיימות היום בחירות לכנסת, לאיזו מפלגה היית מצביע?",ישר,ישר! עם איזנקוט בראשות גדי איזנקוט,25,18.7,,1,2026-08-30
4105,לזר מחקרים,וואלה,2026-08-26,2026-08-26,500,internet,main,1,"אם היו מתקיימות היום בחירות לכנסת, לאיזו מפלגה היית מצביע?",הליכוד,הליכוד בראשות בנימין נתניהו,21,14.5,,1,2026-08-30
4105,לזר מחקרים,וואלה,2026-08-26,2026-08-26,500,internet,main,1,"אם היו מתקיימות היום בחירות לכנסת, לאיזו מפלגה היית מצביע?",ביחד,ביחד - בראשות נפתלי בנט,15,12.5,,1,2026-08-30
4105,לזר מחקרים,וואלה,2026-08-26,2026-08-26,500,internet,main,1,"אם היו מתקיימות היום בחירות לכנסת, לאיזו מפלגה היית מצביע?",הדמוקרטים,הדמוקרטים בראשות יאיר גולן,10,7.8,,1,2026-08-30
4105,לזר מחקרים,וואלה,2026-08-26,2026-08-26,500,internet,main,1,"אם היו מתקיימות היום בחירות לכנסת, לאיזו מפלגה היית מצביע?",ישראל ביתנו,ישראל ביתנו בראשות אביגדור ליברמן,9,7.4,,1,2026-08-30
4105,לזר מחקרים,וואלה,2026-08-26,2026-08-26,500,internet,main,1,"אם היו מתקיימות היום בחירות לכנסת, לאיזו מפלגה היית מצביע?",עוצמה יהודית,עוצמה יהודית בראשות איתמר בן גביר,8,5.7,,1,2026-08-30
4105,לזר מחקרים,וואלה,2026-08-26,2026-08-26,500,internet,main,1,"אם היו מתקיימות היום בחירות לכנסת, לאיזו מפלגה היית מצביע?",יהדות התורה,יהדות התורה בראשות יצחק גולדקנופף,7,5.3,,1,2026-08-30
4105,לזר מחקרים,וואלה,2026-08-26,2026-08-26,500,internet,main,1,"אם היו מתקיימות היום בחירות לכנסת, לאיזו מפלגה היית מצביע?","ש""ס",שס בראשות אריה דרעי,7,5.2,,1,2026-08-30
4105,לזר מחקרים,וואלה,2026-08-26,2026-08-26,500,internet,main,1,"אם היו מתקיימות היום בחירות לכנסת, לאיזו מפלגה היית מצביע?",הרשימה המשותפת,רשימה ערבית מאוחדת של חדש תעל ובלד,7,5.9,,1,2026-08-30
4105,לזר מחקרים,וואלה,2026-08-26,2026-08-26,500,internet,main,1,"אם היו מתקיימות היום בחירות לכנסת, לאיזו מפלגה היית מצביע?",עמך ישראל,מפלגת עמך ישראל בראשות עופר וינטר,6,4.6,,1,2026-08-30
4105,לזר מחקרים,וואלה,2026-08-26,2026-08-26,500,internet,main,1,"אם היו מתקיימות היום בחירות לכנסת, לאיזו מפלגה היית מצביע?","רע""ם",רעמ בראשות דר מנסור עבאס,5,4.1,,1,2026-08-30
4105,לזר מחקרים,וואלה,2026-08-26,2026-08-26,500,internet,main,1,"אם היו מתקיימות היום בחירות לכנסת, לאיזו מפלגה היית מצביע?",הציונות הדתית,הציונות הדתית בראשות סמוטריץ,0,2.6,,1,2026-08-30
4105,לזר מחקרים,וואלה,2026-08-26,2026-08-26,500,internet,main,1,"אם היו מתקיימות היום בחירות לכנסת, לאיזו מפלגה היית מצביע?",בית ציוני,בית ציוני המילואימניקים בראשות חילי טרופר,0,2.1,,1,2026-08-30
4105,לזר מחקרים,וואלה,2026-08-26,2026-08-26,500,internet,main,1,"אם היו מתקיימות היום בחירות לכנסת, לאיזו מפלגה היית מצביע?",הכלכלית החדשה,המפלגה הכלכלית בראשות פרופ' זליכה,0,1.2,,1,2026-08-30
4105,לזר מחקרים,וואלה,2026-08-26,2026-08-26,500,internet,main,1,"אם היו מתקיימות היום בחירות לכנסת, לאיזו מפלגה היית מצביע?",כחול לבן,כחול לבן,0,1.2,,1,2026-08-30
4105,לזר מחקרים,וואלה,2026-08-26,2026-08-26,500,internet,main,1,"אם היו מתקיימות היום בחירות לכנסת, לאיזו מפלגה היית מצביע?",אחר,ישראל תחילה בראשות שרן השכל,0,0.9,,1,2026-08-30
4105,לזר מחקרים,וואלה,2026-08-26,2026-08-26,500,internet,main,1,"אם היו מתקיימות היום בחירות לכנסת, לאיזו מפלגה היית מצביע?",האחדות,האחדות בראשות גלעד ארדן,0,0.3,,1,2026-08-30
4106,פרויקט המדגם (רוזנר),חדשות 13,2026-08-25,2026-08-26,1407,mixed,main,1,"אם הבחירות לכנסת היו מתקיימות היום, לאיזו מפלגה היית מצביע/ה?",ישר,ישר,24,,,1,2026-08-30
4106,פרויקט המדגם (רוזנר),חדשות 13,2026-08-25,2026-08-26,1407,mixed,main,1,"אם הבחירות לכנסת היו מתקיימות היום, לאיזו מפלגה היית מצביע/ה?",הליכוד,ליכוד,19,,,1,2026-08-30
4106,פרויקט המדגם (רוזנר),חדשות 13,2026-08-25,2026-08-26,1407,mixed,main,1,"אם הבחירות לכנסת היו מתקיימות היום, לאיזו מפלגה היית מצביע/ה?",ביחד,ביחד,13,,,1,2026-08-30
4106,פרויקט המדגם (רוזנר),חדשות 13,2026-08-25,2026-08-26,1407,mixed,main,1,"אם הבחירות לכנסת היו מתקיימות היום, לאיזו מפלגה היית מצביע/ה?",הדמוקרטים,הדמוקרטים,11,,,1,2026-08-30
4106,פרויקט המדגם (רוזנר),חדשות 13,2026-08-25,2026-08-26,1407,mixed,main,1,"אם הבחירות לכנסת היו מתקיימות היום, לאיזו מפלגה היית מצביע/ה?",הרשימה המשותפת,הרשימה המשותפת,10,,,1,2026-08-30
4106,פרויקט המדגם (רוזנר),חדשות 13,2026-08-25,2026-08-26,1407,mixed,main,1,"אם הבחירות לכנסת היו מתקיימות היום, לאיזו מפלגה היית מצביע/ה?",ישראל ביתנו,ישראל ביתנו,9,,,1,2026-08-30
4106,פרויקט המדגם (רוזנר),חדשות 13,2026-08-25,2026-08-26,1407,mixed,main,1,"אם הבחירות לכנסת היו מתקיימות היום, לאיזו מפלגה היית מצביע/ה?","ש""ס","ש""ס",8,,,1,2026-08-30
4106,פרויקט המדגם (רוזנר),חדשות 13,2026-08-25,2026-08-26,1407,mixed,main,1,"אם הבחירות לכנסת היו מתקיימות היום, לאיזו מפלגה היית מצביע/ה?",יהדות התורה,יהדות התורה,8,,,1,2026-08-30
4106,פרויקט המדגם (רוזנר),חדשות 13,2026-08-25,2026-08-26,1407,mixed,main,1,"אם הבחירות לכנסת היו מתקיימות היום, לאיזו מפלגה היית מצביע/ה?",עוצמה יהודית,עוצמה יהודית,8,,,1,2026-08-30
4106,פרויקט המדגם (רוזנר),חדשות 13,2026-08-25,2026-08-26,1407,mixed,main,1,"אם הבחירות לכנסת היו מתקיימות היום, לאיזו מפלגה היית מצביע/ה?",הציונות הדתית,הציונות הדתית,5,,,1,2026-08-30
4106,פרויקט המדגם (רוזנר),חדשות 13,2026-08-25,2026-08-26,1407,mixed,main,1,"אם הבחירות לכנסת היו מתקיימות היום, לאיזו מפלגה היית מצביע/ה?","רע""ם","רע""מ",5,,,1,2026-08-30
4106,פרויקט המדגם (רוזנר),חדשות 13,2026-08-25,2026-08-26,1407,mixed,main,1,"אם הבחירות לכנסת היו מתקיימות היום, לאיזו מפלגה היית מצביע/ה?",כחול לבן,כחול לבן,0,,,1,2026-08-30
4106,פרויקט המדגם (רוזנר),חדשות 13,2026-08-25,2026-08-26,1407,mixed,main,1,"אם הבחירות לכנסת היו מתקיימות היום, לאיזו מפלגה היית מצביע/ה?",בית ציוני,בית ציוני,0,,,1,2026-08-30
4106,פרויקט המדגם (רוזנר),חדשות 13,2026-08-25,2026-08-26,1407,mixed,main,1,"אם הבחירות לכנסת היו מתקיימות היום, לאיזו מפלגה היית מצביע/ה?",האחדות,מפלגת האחדות (ארדן),0,,,1,2026-08-30
4106,פרויקט המדגם (רוזנר),חדשות 13,2026-08-25,2026-08-26,1407,mixed,main,1,"אם הבחירות לכנסת היו מתקיימות היום, לאיזו מפלגה היית מצביע/ה?",מקום לכולנו,מקום לכולנו,0,,,1,2026-08-30
4106,פרויקט המדגם (רוזנר),חדשות 13,2026-08-25,2026-08-26,1407,mixed,main,1,"אם הבחירות לכנסת היו מתקיימות היום, לאיזו מפלגה היית מצביע/ה?",עמך ישראל,עמך ישראל (עופר וינטר),0,,,1,2026-08-30
4108,דיירקט פולס,i24NEWS,2026-08-26,2026-08-26,532,internet,main,1,"אילו הבחירות לכנסת היו מתקיימות היום, למי הייתם מצביעים?",הליכוד,הליכוד,26,20.1,,1,2026-08-30
4108,דיירקט פולס,i24NEWS,2026-08-26,2026-08-26,532,internet,main,1,"אילו הבחירות לכנסת היו מתקיימות היום, למי הייתם מצביעים?",ישר,ישר,23,18.3,,1,2026-08-30
4108,דיירקט פולס,i24NEWS,2026-08-26,2026-08-26,532,internet,main,1,"אילו הבחירות לכנסת היו מתקיימות היום, למי הייתם מצביעים?",הדמוקרטים,הדמוקרטים,10,8.2,,1,2026-08-30
4108,דיירקט פולס,i24NEWS,2026-08-26,2026-08-26,532,internet,main,1,"אילו הבחירות לכנסת היו מתקיימות היום, למי הייתם מצביעים?",ישראל ביתנו,ישראל ביתנו,8,6.5,,1,2026-08-30
4108,דיירקט פולס,i24NEWS,2026-08-26,2026-08-26,532,internet,main,1,"אילו הבחירות לכנסת היו מתקיימות היום, למי הייתם מצביעים?",עמך ישראל,עמך ישראל,8,6.4,,1,2026-08-30
4108,דיירקט פולס,i24NEWS,2026-08-26,2026-08-26,532,internet,main,1,"אילו הבחירות לכנסת היו מתקיימות היום, למי הייתם מצביעים?",יהדות התורה,יהדות התורה,8,6.3,,1,2026-08-30
4108,דיירקט פולס,i24NEWS,2026-08-26,2026-08-26,532,internet,main,1,"אילו הבחירות לכנסת היו מתקיימות היום, למי הייתם מצביעים?",ביחד,ביחד,8,6.2,,1,2026-08-30
4108,דיירקט פולס,i24NEWS,2026-08-26,2026-08-26,532,internet,main,1,"אילו הבחירות לכנסת היו מתקיימות היום, למי הייתם מצביעים?","ש""ס","ש""ס",7,5.7,,1,2026-08-30
4108,דיירקט פולס,i24NEWS,2026-08-26,2026-08-26,532,internet,main,1,"אילו הבחירות לכנסת היו מתקיימות היום, למי הייתם מצביעים?",עוצמה יהודית,עוצמה יהודית,6,5.4,,1,2026-08-30
4108,דיירקט פולס,i24NEWS,2026-08-26,2026-08-26,532,internet,main,1,"אילו הבחירות לכנסת היו מתקיימות היום, למי הייתם מצביעים?","רע""ם","רע""ם",6,5.3,,1,2026-08-30
4108,דיירקט פולס,i24NEWS,2026-08-26,2026-08-26,532,internet,main,1,"אילו הבחירות לכנסת היו מתקיימות היום, למי הייתם מצביעים?",הרשימה המשותפת,הרשימה המשותפת,6,4.9,,1,2026-08-30
4108,דיירקט פולס,i24NEWS,2026-08-26,2026-08-26,532,internet,main,1,"אילו הבחירות לכנסת היו מתקיימות היום, למי הייתם מצביעים?",הציונות הדתית,הציונות הדתית,4,3.3,,1,2026-08-30
4108,דיירקט פולס,i24NEWS,2026-08-26,2026-08-26,532,internet,main,1,"אילו הבחירות לכנסת היו מתקיימות היום, למי הייתם מצביעים?",זהות,זהות,0,1.3,,1,2026-08-30
4108,דיירקט פולס,i24NEWS,2026-08-26,2026-08-26,532,internet,main,1,"אילו הבחירות לכנסת היו מתקיימות היום, למי הייתם מצביעים?",הכלכלית החדשה,הכלכלית,0,1.1,,1,2026-08-30
4107,טאטיקה,זמן ישראל,2026-08-26,2026-08-27,500,mixed,main,1,"אם הבחירות היו מתקיימות היום, וכל המפלגות הקיימות היו מתמודדות בנפרד, למי היית מצביע/ה?",ישר,ישר בראשות גדי אייזנקוט,26,19.6,,1,2026-08-30
4107,טאטיקה,זמן ישראל,2026-08-26,2026-08-27,500,mixed,main,1,"אם הבחירות היו מתקיימות היום, וכל המפלגות הקיימות היו מתמודדות בנפרד, למי היית מצביע/ה?",הליכוד,הליכוד,22,16.2,,1,2026-08-30
4107,טאטיקה,זמן ישראל,2026-08-26,2026-08-27,500,mixed,main,1,"אם הבחירות היו מתקיימות היום, וכל המפלגות הקיימות היו מתמודדות בנפרד, למי היית מצביע/ה?",ביחד,ביחד בראשות נפתלי בנט,14,10.8,,1,2026-08-30
4107,טאטיקה,זמן ישראל,2026-08-26,2026-08-27,500,mixed,main,1,"אם הבחירות היו מתקיימות היום, וכל המפלגות הקיימות היו מתמודדות בנפרד, למי היית מצביע/ה?",ישראל ביתנו,ישראל ביתנו,10,8.0,,1,2026-08-30
4107,טאטיקה,זמן ישראל,2026-08-26,2026-08-27,500,mixed,main,1,"אם הבחירות היו מתקיימות היום, וכל המפלגות הקיימות היו מתמודדות בנפרד, למי היית מצביע/ה?","ש""ס","ש""ס",9,7.2,,1,2026-08-30
4107,טאטיקה,זמן ישראל,2026-08-26,2026-08-27,500,mixed,main,1,"אם הבחירות היו מתקיימות היום, וכל המפלגות הקיימות היו מתמודדות בנפרד, למי היית מצביע/ה?",יהדות התורה,יהדות התורה,8,6.4,,1,2026-08-30
4107,טאטיקה,זמן ישראל,2026-08-26,2026-08-27,500,mixed,main,1,"אם הבחירות היו מתקיימות היום, וכל המפלגות הקיימות היו מתמודדות בנפרד, למי היית מצביע/ה?",הדמוקרטים,הדמוקרטים,8,6.0,,1,2026-08-30
4107,טאטיקה,זמן ישראל,2026-08-26,2026-08-27,500,mixed,main,1,"אם הבחירות היו מתקיימות היום, וכל המפלגות הקיימות היו מתמודדות בנפרד, למי היית מצביע/ה?",הרשימה המשותפת,"חד""ש תע""ל בל""ד",6,5.0,,1,2026-08-30
4107,טאטיקה,זמן ישראל,2026-08-26,2026-08-27,500,mixed,main,1,"אם הבחירות היו מתקיימות היום, וכל המפלגות הקיימות היו מתמודדות בנפרד, למי היית מצביע/ה?",עוצמה יהודית,עוצמה יהודית,6,5.0,,1,2026-08-30
4107,טאטיקה,זמן ישראל,2026-08-26,2026-08-27,500,mixed,main,1,"אם הבחירות היו מתקיימות היום, וכל המפלגות הקיימות היו מתמודדות בנפרד, למי היית מצביע/ה?",עמך ישראל,עמך ישראל בראשות עופר וינטר,6,4.4,,1,2026-08-30
4107,טאטיקה,זמן ישראל,2026-08-26,2026-08-27,500,mixed,main,1,"אם הבחירות היו מתקיימות היום, וכל המפלגות הקיימות היו מתמודדות בנפרד, למי היית מצביע/ה?","רע""ם","רע""ם",5,4.0,,1,2026-08-30
4107,טאטיקה,זמן ישראל,2026-08-26,2026-08-27,500,mixed,main,1,"אם הבחירות היו מתקיימות היום, וכל המפלגות הקיימות היו מתמודדות בנפרד, למי היית מצביע/ה?",הציונות הדתית,הציונות הדתית,0,2.8,,1,2026-08-30
4107,טאטיקה,זמן ישראל,2026-08-26,2026-08-27,500,mixed,main,1,"אם הבחירות היו מתקיימות היום, וכל המפלגות הקיימות היו מתמודדות בנפרד, למי היית מצביע/ה?",בית ציוני,בית ציוני בהובלת חילי טרופר ויועז הנדל,0,2.4,,1,2026-08-30
4107,טאטיקה,זמן ישראל,2026-08-26,2026-08-27,500,mixed,main,1,"אם הבחירות היו מתקיימות היום, וכל המפלגות הקיימות היו מתמודדות בנפרד, למי היית מצביע/ה?",כחול לבן,כחול לבן בהובלת בני גנץ,0,1.4,,1,2026-08-30
4107,טאטיקה,זמן ישראל,2026-08-26,2026-08-27,500,mixed,main,1,"אם הבחירות היו מתקיימות היום, וכל המפלגות הקיימות היו מתמודדות בנפרד, למי היית מצביע/ה?",האחדות,אחודות בהובלת גלעד ארדן ויולי אדלשטיין,0,0.8,,1,2026-08-30
4107,טאטיקה,זמן ישראל,2026-08-26,2026-08-27,500,mixed,scenario,2,"אם הבחירות היו מתקיימות היום, וכל המפלגות המצויינות היו מתמודדות בנפרד, למעט איחוד בין עוצמה יהודית לציונות הדתית, למי היית מצביע/ה?",ישר,ישר בראשות גדי אייזנקוט,25,19.4,,1,2026-08-30
4107,טאטיקה,זמן ישראל,2026-08-26,2026-08-27,500,mixed,scenario,2,"אם הבחירות היו מתקיימות היום, וכל המפלגות המצויינות היו מתמודדות בנפרד, למעט איחוד בין עוצמה יהודית לציונות הדתית, למי היית מצביע/ה?",הליכוד,הליכוד,22,17.0,,1,2026-08-30
4107,טאטיקה,זמן ישראל,2026-08-26,2026-08-27,500,mixed,scenario,2,"אם הבחירות היו מתקיימות היום, וכל המפלגות המצויינות היו מתמודדות בנפרד, למעט איחוד בין עוצמה יהודית לציונות הדתית, למי היית מצביע/ה?",ביחד,ביחד בראשות נפתלי בנט,14,10.8,,1,2026-08-30
4107,טאטיקה,זמן ישראל,2026-08-26,2026-08-27,500,mixed,scenario,2,"אם הבחירות היו מתקיימות היום, וכל המפלגות המצויינות היו מתמודדות בנפרד, למעט איחוד בין עוצמה יהודית לציונות הדתית, למי היית מצביע/ה?",ישראל ביתנו,ישראל ביתנו,10,8.2,,1,2026-08-30
4107,טאטיקה,זמן ישראל,2026-08-26,2026-08-27,500,mixed,scenario,2,"אם הבחירות היו מתקיימות היום, וכל המפלגות המצויינות היו מתמודדות בנפרד, למעט איחוד בין עוצמה יהודית לציונות הדתית, למי היית מצביע/ה?","ש""ס","ש""ס",9,7.2,,1,2026-08-30
4107,טאטיקה,זמן ישראל,2026-08-26,2026-08-27,500,mixed,scenario,2,"אם הבחירות היו מתקיימות היום, וכל המפלגות המצויינות היו מתמודדות בנפרד, למעט איחוד בין עוצמה יהודית לציונות הדתית, למי היית מצביע/ה?",עוצמה יהודית,עוצמה יהודית,8,6.6,,1,2026-08-30
4107,טאטיקה,זמן ישראל,2026-08-26,2026-08-27,500,mixed,scenario,2,"אם הבחירות היו מתקיימות היום, וכל המפלגות המצויינות היו מתמודדות בנפרד, למעט איחוד בין עוצמה יהודית לציונות הדתית, למי היית מצביע/ה?",יהדות התורה,יהדות התורה,8,6.4,,1,2026-08-30
4107,טאטיקה,זמן ישראל,2026-08-26,2026-08-27,500,mixed,scenario,2,"אם הבחירות היו מתקיימות היום, וכל המפלגות המצויינות היו מתמודדות בנפרד, למעט איחוד בין עוצמה יהודית לציונות הדתית, למי היית מצביע/ה?",הדמוקרטים,הדמוקרטים,7,6.0,,1,2026-08-30
4107,טאטיקה,זמן ישראל,2026-08-26,2026-08-27,500,mixed,scenario,2,"אם הבחירות היו מתקיימות היום, וכל המפלגות המצויינות היו מתמודדות בנפרד, למעט איחוד בין עוצמה יהודית לציונות הדתית, למי היית מצביע/ה?",הרשימה המשותפת,"חד""ש תע""ל בל""ד",6,5.0,,1,2026-08-30
4107,טאטיקה,זמן ישראל,2026-08-26,2026-08-27,500,mixed,scenario,2,"אם הבחירות היו מתקיימות היום, וכל המפלגות המצויינות היו מתמודדות בנפרד, למעט איחוד בין עוצמה יהודית לציונות הדתית, למי היית מצביע/ה?",עמך ישראל,עמך ישראל בראשות עופר וינטר,6,4.6,,1,2026-08-30
4107,טאטיקה,זמן ישראל,2026-08-26,2026-08-27,500,mixed,scenario,2,"אם הבחירות היו מתקיימות היום, וכל המפלגות המצויינות היו מתמודדות בנפרד, למעט איחוד בין עוצמה יהודית לציונות הדתית, למי היית מצביע/ה?","רע""ם","רע""ם",5,4.0,,1,2026-08-30
4107,טאטיקה,זמן ישראל,2026-08-26,2026-08-27,500,mixed,scenario,2,"אם הבחירות היו מתקיימות היום, וכל המפלגות המצויינות היו מתמודדות בנפרד, למעט איחוד בין עוצמה יהודית לציונות הדתית, למי היית מצביע/ה?",בית ציוני,בית ציוני בהובלת חילי טרופר ויועז הנדל,0,2.4,,1,2026-08-30
4107,טאטיקה,זמן ישראל,2026-08-26,2026-08-27,500,mixed,scenario,2,"אם הבחירות היו מתקיימות היום, וכל המפלגות המצויינות היו מתמודדות בנפרד, למעט איחוד בין עוצמה יהודית לציונות הדתית, למי היית מצביע/ה?",כחול לבן,כחול לבן בהובלת בני גנץ,0,1.4,,1,2026-08-30
4107,טאטיקה,זמן ישראל,2026-08-26,2026-08-27,500,mixed,scenario,2,"אם הבחירות היו מתקיימות היום, וכל המפלגות המצויינות היו מתמודדות בנפרד, למעט איחוד בין עוצמה יהודית לציונות הדתית, למי היית מצביע/ה?",האחדות,אחודות בהובלת גלעד ארדן ויולי אדלשטיין,0,1.0,,1,2026-08-30
4109,נקסט דאטה,ערוץ 14,2026-08-27,2026-08-27,981,internet,main,1,"תוצאות מנדטים - מפת המנדטים הסופית, כנסת בת 120 מושבים, אחוז חסימה 3.25%",הליכוד,הליכוד בראשות בנימין נתניהו,31,24.0,,1,2026-08-30
4109,נקסט דאטה,ערוץ 14,2026-08-27,2026-08-27,981,internet,main,1,"תוצאות מנדטים - מפת המנדטים הסופית, כנסת בת 120 מושבים, אחוז חסימה 3.25%",ישר,ישר בראשות גדי איזנקוט,23,17.9,,1,2026-08-30
4109,נקסט דאטה,ערוץ 14,2026-08-27,2026-08-27,981,internet,main,1,"תוצאות מנדטים - מפת המנדטים הסופית, כנסת בת 120 מושבים, אחוז חסימה 3.25%","ש""ס","ש""ס בראשות אריה דרעי",10,7.9,,1,2026-08-30
4109,נקסט דאטה,ערוץ 14,2026-08-27,2026-08-27,981,internet,main,1,"תוצאות מנדטים - מפת המנדטים הסופית, כנסת בת 120 מושבים, אחוז חסימה 3.25%",הדמוקרטים,הדמוקרטים בראשות יאיר גולן,9,6.9,,1,2026-08-30
4109,נקסט דאטה,ערוץ 14,2026-08-27,2026-08-27,981,internet,main,1,"תוצאות מנדטים - מפת המנדטים הסופית, כנסת בת 120 מושבים, אחוז חסימה 3.25%",עוצמה יהודית,עוצמה יהודית בראשות איתמר בן גביר,7,5.2,,1,2026-08-30
4109,נקסט דאטה,ערוץ 14,2026-08-27,2026-08-27,981,internet,main,1,"תוצאות מנדטים - מפת המנדטים הסופית, כנסת בת 120 מושבים, אחוז חסימה 3.25%",הרשימה המשותפת,"חד""ש-תע""ל-בל""ד",7,5.1,,1,2026-08-30
4109,נקסט דאטה,ערוץ 14,2026-08-27,2026-08-27,981,internet,main,1,"תוצאות מנדטים - מפת המנדטים הסופית, כנסת בת 120 מושבים, אחוז חסימה 3.25%",יהדות התורה,יהדות התורה,7,5.4,,1,2026-08-30
4109,נקסט דאטה,ערוץ 14,2026-08-27,2026-08-27,981,internet,main,1,"תוצאות מנדטים - מפת המנדטים הסופית, כנסת בת 120 מושבים, אחוז חסימה 3.25%",ביחד,יחד בראשות נפתלי בנט,7,5.4,,1,2026-08-30
4109,נקסט דאטה,ערוץ 14,2026-08-27,2026-08-27,981,internet,main,1,"תוצאות מנדטים - מפת המנדטים הסופית, כנסת בת 120 מושבים, אחוז חסימה 3.25%",ישראל ביתנו,ישראל ביתנו בראשות אביגדור ליברמן,6,4.5,,1,2026-08-30
4109,נקסט דאטה,ערוץ 14,2026-08-27,2026-08-27,981,internet,main,1,"תוצאות מנדטים - מפת המנדטים הסופית, כנסת בת 120 מושבים, אחוז חסימה 3.25%","רע""ם","רע""ם בראשות מנסור עבאס",5,3.9,,1,2026-08-30
4109,נקסט דאטה,ערוץ 14,2026-08-27,2026-08-27,981,internet,main,1,"תוצאות מנדטים - מפת המנדטים הסופית, כנסת בת 120 מושבים, אחוז חסימה 3.25%",עמך ישראל,מפלגה בראשות עופר וינטר,4,3.9,,1,2026-08-30
4109,נקסט דאטה,ערוץ 14,2026-08-27,2026-08-27,981,internet,main,1,"תוצאות מנדטים - מפת המנדטים הסופית, כנסת בת 120 מושבים, אחוז חסימה 3.25%",הציונות הדתית,הציונות הדתית בראשות בצלאל סמוטריץ',4,3.3,,1,2026-08-30
4109,נקסט דאטה,ערוץ 14,2026-08-27,2026-08-27,981,internet,main,1,"תוצאות מנדטים - מפת המנדטים הסופית, כנסת בת 120 מושבים, אחוז חסימה 3.25%",זהות,זהות בראשות משה פייגלין,0,1.7,,1,2026-08-30
4109,נקסט דאטה,ערוץ 14,2026-08-27,2026-08-27,981,internet,main,1,"תוצאות מנדטים - מפת המנדטים הסופית, כנסת בת 120 מושבים, אחוז חסימה 3.25%",בית ציוני,מפלגה בראשות חילי טרופר יועז הנדל,0,1.1,,1,2026-08-30
4109,נקסט דאטה,ערוץ 14,2026-08-27,2026-08-27,981,internet,main,1,"תוצאות מנדטים - מפת המנדטים הסופית, כנסת בת 120 מושבים, אחוז חסימה 3.25%",כחול לבן,כחול לבן בראשות בני גנץ,0,0.4,,1,2026-08-30
4109,נקסט דאטה,ערוץ 14,2026-08-27,2026-08-27,981,internet,main,1,"תוצאות מנדטים - מפת המנדטים הסופית, כנסת בת 120 מושבים, אחוז חסימה 3.25%",נעם,מפלגת נעם בראשות אבי מעוז,0,0.3,,1,2026-08-30
4109,נקסט דאטה,ערוץ 14,2026-08-27,2026-08-27,981,internet,main,1,"תוצאות מנדטים - מפת המנדטים הסופית, כנסת בת 120 מושבים, אחוז חסימה 3.25%",האחדות,"מפלגה בראשות ארדן, אדלשטיין ושקד",0,0.3,,1,2026-08-30
4110,לזר מחקרים,מעריב,2026-08-26,2026-08-27,506,internet,main,1,"אם היו מתקיימות היום בחירות לכנסת, לאיזו מפלגה היית מצביע?",ישר,ישר! עם איזנקוט בראשות גדי איזנקוט,25,18.6,,1,2026-08-30
4110,לזר מחקרים,מעריב,2026-08-26,2026-08-27,506,internet,main,1,"אם היו מתקיימות היום בחירות לכנסת, לאיזו מפלגה היית מצביע?",הליכוד,הליכוד בראשות בנימין נתניהו,21,14.4,,1,2026-08-30
4110,לזר מחקרים,מעריב,2026-08-26,2026-08-27,506,internet,main,1,"אם היו מתקיימות היום בחירות לכנסת, לאיזו מפלגה היית מצביע?",ביחד,ביחד - בראשות נפתלי בנט,15,12.7,,1,2026-08-30
4110,לזר מחקרים,מעריב,2026-08-26,2026-08-27,506,internet,main,1,"אם היו מתקיימות היום בחירות לכנסת, לאיזו מפלגה היית מצביע?",הדמוקרטים,הדמוקרטים בראשות יאיר גולן,10,8.0,,1,2026-08-30
4110,לזר מחקרים,מעריב,2026-08-26,2026-08-27,506,internet,main,1,"אם היו מתקיימות היום בחירות לכנסת, לאיזו מפלגה היית מצביע?",ישראל ביתנו,ישראל ביתנו בראשות אביגדור ליברמן,9,7.2,,1,2026-08-30
4110,לזר מחקרים,מעריב,2026-08-26,2026-08-27,506,internet,main,1,"אם היו מתקיימות היום בחירות לכנסת, לאיזו מפלגה היית מצביע?",עוצמה יהודית,עוצמה יהודית בראשות איתמר בן גביר,8,5.5,,1,2026-08-30
4110,לזר מחקרים,מעריב,2026-08-26,2026-08-27,506,internet,main,1,"אם היו מתקיימות היום בחירות לכנסת, לאיזו מפלגה היית מצביע?",יהדות התורה,יהדות התורה בראשות יצחק גולדקנופף,7,5.0,,1,2026-08-30
4110,לזר מחקרים,מעריב,2026-08-26,2026-08-27,506,internet,main,1,"אם היו מתקיימות היום בחירות לכנסת, לאיזו מפלגה היית מצביע?","ש""ס",שס בראשות אריה דרעי,7,5.4,,1,2026-08-30
4110,לזר מחקרים,מעריב,2026-08-26,2026-08-27,506,internet,main,1,"אם היו מתקיימות היום בחירות לכנסת, לאיזו מפלגה היית מצביע?",הרשימה המשותפת,רשימה ערבית מאוחדת של חדש תעל ובלד,7,6.0,,1,2026-08-30
4110,לזר מחקרים,מעריב,2026-08-26,2026-08-27,506,internet,main,1,"אם היו מתקיימות היום בחירות לכנסת, לאיזו מפלגה היית מצביע?",עמך ישראל,מפלגת עמך ישראל בראשות עופר וינטר,6,4.6,,1,2026-08-30
4110,לזר מחקרים,מעריב,2026-08-26,2026-08-27,506,internet,main,1,"אם היו מתקיימות היום בחירות לכנסת, לאיזו מפלגה היית מצביע?","רע""ם",רעמ בראשות דר מנסור עבאס,5,4.2,,1,2026-08-30
4110,לזר מחקרים,מעריב,2026-08-26,2026-08-27,506,internet,main,1,"אם היו מתקיימות היום בחירות לכנסת, לאיזו מפלגה היית מצביע?",הציונות הדתית,הציונות הדתית בראשות סמוטריץ,0,2.9,,1,2026-08-30
4110,לזר מחקרים,מעריב,2026-08-26,2026-08-27,506,internet,main,1,"אם היו מתקיימות היום בחירות לכנסת, לאיזו מפלגה היית מצביע?",בית ציוני,בית ציוני המילואימניקים בראשות חילי טרופר,0,1.9,,1,2026-08-30
4110,לזר מחקרים,מעריב,2026-08-26,2026-08-27,506,internet,main,1,"אם היו מתקיימות היום בחירות לכנסת, לאיזו מפלגה היית מצביע?",הכלכלית החדשה,המפלגה הכלכלית בראשות פרופ' זליכה,0,1.2,,1,2026-08-30
4110,לזר מחקרים,מעריב,2026-08-26,2026-08-27,506,internet,main,1,"אם היו מתקיימות היום בחירות לכנסת, לאיזו מפלגה היית מצביע?",כחול לבן,כחול לבן,0,1.3,,1,2026-08-30
4110,לזר מחקרים,מעריב,2026-08-26,2026-08-27,506,internet,main,1,"אם היו מתקיימות היום בחירות לכנסת, לאיזו מפלגה היית מצביע?",אחר,ישראל תחילה בראשות שרן השכל,0,0.6,,1,2026-08-30
4110,לזר מחקרים,מעריב,2026-08-26,2026-08-27,506,internet,main,1,"אם היו מתקיימות היום בחירות לכנסת, לאיזו מפלגה היית מצביע?",האחדות,האחדות בראשות גלעד ארדן,0,0.5,,1,2026-08-30
4112,קנטאר,כאן 11,2026-08-30,2026-08-30,551,internet,main,1,"אילו היו מתקיימות היום הבחירות לכנסת, והמפלגות המתמודדות יהיו המפלגות הבאות עם ראשי המפלגות שברשימה בפניך, עבור איזו מפלגה היית מצביע? - תחזית המנדטים (1) מצב נוכחי",ישר,ישר! בראשות גדי איזנקוט,24,19.1,,1,2026-08-31
4112,קנטאר,כאן 11,2026-08-30,2026-08-30,551,internet,main,1,"אילו היו מתקיימות היום הבחירות לכנסת, והמפלגות המתמודדות יהיו המפלגות הבאות עם ראשי המפלגות שברשימה בפניך, עבור איזו מפלגה היית מצביע? - תחזית המנדטים (1) מצב נוכחי",הליכוד,הליכוד בראשות בנימין נתניהו,21,16.6,,1,2026-08-31
4112,קנטאר,כאן 11,2026-08-30,2026-08-30,551,internet,main,1,"אילו היו מתקיימות היום הבחירות לכנסת, והמפלגות המתמודדות יהיו המפלגות הבאות עם ראשי המפלגות שברשימה בפניך, עבור איזו מפלגה היית מצביע? - תחזית המנדטים (1) מצב נוכחי",ביחד,ביחד בראשות נפתלי בנט,14,11.1,,1,2026-08-31
4112,קנטאר,כאן 11,2026-08-30,2026-08-30,551,internet,main,1,"אילו היו מתקיימות היום הבחירות לכנסת, והמפלגות המתמודדות יהיו המפלגות הבאות עם ראשי המפלגות שברשימה בפניך, עבור איזו מפלגה היית מצביע? - תחזית המנדטים (1) מצב נוכחי",הדמוקרטים,מפלגת הדמוקרטים בראשות יאיר גולן,9,7.1,,1,2026-08-31
4112,קנטאר,כאן 11,2026-08-30,2026-08-30,551,internet,main,1,"אילו היו מתקיימות היום הבחירות לכנסת, והמפלגות המתמודדות יהיו המפלגות הבאות עם ראשי המפלגות שברשימה בפניך, עבור איזו מפלגה היית מצביע? - תחזית המנדטים (1) מצב נוכחי",ישראל ביתנו,ישראל ביתנו בראשות אביגדור ליברמן,8,6.4,,1,2026-08-31
4112,קנטאר,כאן 11,2026-08-30,2026-08-30,551,internet,main,1,"אילו היו מתקיימות היום הבחירות לכנסת, והמפלגות המתמודדות יהיו המפלגות הבאות עם ראשי המפלגות שברשימה בפניך, עבור איזו מפלגה היית מצביע? - תחזית המנדטים (1) מצב נוכחי",יהדות התורה,יהדות התורה בראשות משה גפני,8,6.4,,1,2026-08-31
4112,קנטאר,כאן 11,2026-08-30,2026-08-30,551,internet,main,1,"אילו היו מתקיימות היום הבחירות לכנסת, והמפלגות המתמודדות יהיו המפלגות הבאות עם ראשי המפלגות שברשימה בפניך, עבור איזו מפלגה היית מצביע? - תחזית המנדטים (1) מצב נוכחי",הרשימה המשותפת,"חד""ש-תע""ל ובל""ד בראשות יוסף ג'אברין",8,6.3,,1,2026-08-31
4112,קנטאר,כאן 11,2026-08-30,2026-08-30,551,internet,main,1,"אילו היו מתקיימות היום הבחירות לכנסת, והמפלגות המתמודדות יהיו המפלגות הבאות עם ראשי המפלגות שברשימה בפניך, עבור איזו מפלגה היית מצביע? - תחזית המנדטים (1) מצב נוכחי",עוצמה יהודית,עוצמה יהודית בראשות איתמר בן גביר,7,5.6,,1,2026-08-31
4112,קנטאר,כאן 11,2026-08-30,2026-08-30,551,internet,main,1,"אילו היו מתקיימות היום הבחירות לכנסת, והמפלגות המתמודדות יהיו המפלגות הבאות עם ראשי המפלגות שברשימה בפניך, עבור איזו מפלגה היית מצביע? - תחזית המנדטים (1) מצב נוכחי","ש""ס","ש""ס בראשות אריה דרעי",7,5.5,,1,2026-08-31
4112,קנטאר,כאן 11,2026-08-30,2026-08-30,551,internet,main,1,"אילו היו מתקיימות היום הבחירות לכנסת, והמפלגות המתמודדות יהיו המפלגות הבאות עם ראשי המפלגות שברשימה בפניך, עבור איזו מפלגה היית מצביע? - תחזית המנדטים (1) מצב נוכחי",הציונות הדתית,הציונות הדתית בראשות בצלאל סמוטריץ',5,4.0,,1,2026-08-31
4112,קנטאר,כאן 11,2026-08-30,2026-08-30,551,internet,main,1,"אילו היו מתקיימות היום הבחירות לכנסת, והמפלגות המתמודדות יהיו המפלגות הבאות עם ראשי המפלגות שברשימה בפניך, עבור איזו מפלגה היית מצביע? - תחזית המנדטים (1) מצב נוכחי","רע""ם","רע""ם בראשות מנסור עבאס",5,4.0,,1,2026-08-31
4112,קנטאר,כאן 11,2026-08-30,2026-08-30,551,internet,main,1,"אילו היו מתקיימות היום הבחירות לכנסת, והמפלגות המתמודדות יהיו המפלגות הבאות עם ראשי המפלגות שברשימה בפניך, עבור איזו מפלגה היית מצביע? - תחזית המנדטים (1) מצב נוכחי",עמך ישראל,עמך ישראל בראשות עופר וינטר,4,3.3,,1,2026-08-31
4112,קנטאר,כאן 11,2026-08-30,2026-08-30,551,internet,main,1,"אילו היו מתקיימות היום הבחירות לכנסת, והמפלגות המתמודדות יהיו המפלגות הבאות עם ראשי המפלגות שברשימה בפניך, עבור איזו מפלגה היית מצביע? - תחזית המנדטים (1) מצב נוכחי",כחול לבן,כחול לבן בראשות בני גנץ,0,1.5,,1,2026-08-31
4112,קנטאר,כאן 11,2026-08-30,2026-08-30,551,internet,main,1,"אילו היו מתקיימות היום הבחירות לכנסת, והמפלגות המתמודדות יהיו המפלגות הבאות עם ראשי המפלגות שברשימה בפניך, עבור איזו מפלגה היית מצביע? - תחזית המנדטים (1) מצב נוכחי",בית ציוני,בית ציוני-המילואימניקים בראשות חילי טרופר ויועז הנדל,0,2.4,,1,2026-08-31
4112,קנטאר,כאן 11,2026-08-30,2026-08-30,551,internet,main,1,"אילו היו מתקיימות היום הבחירות לכנסת, והמפלגות המתמודדות יהיו המפלגות הבאות עם ראשי המפלגות שברשימה בפניך, עבור איזו מפלגה היית מצביע? - תחזית המנדטים (1) מצב נוכחי",האחדות,מפלגת אחדות בראשות גלעד ארדן,0,0.7,,1,2026-08-31
4112,קנטאר,כאן 11,2026-08-30,2026-08-30,551,internet,scenario,2,תחזית מנדטים (2): אם יהיה איחוד של המפלגות עוצמה יהודית (בן גביר) והציונות הדתית (סמוטריץ'),ישר,ישר! בראשות גדי אייזנקוט,24,19.1,,1,2026-08-31
4112,קנטאר,כאן 11,2026-08-30,2026-08-30,551,internet,scenario,2,תחזית מנדטים (2): אם יהיה איחוד של המפלגות עוצמה יהודית (בן גביר) והציונות הדתית (סמוטריץ'),הליכוד,הליכוד בראשות בנימין נתניהו,20,15.9,,1,2026-08-31
4112,קנטאר,כאן 11,2026-08-30,2026-08-30,551,internet,scenario,2,תחזית מנדטים (2): אם יהיה איחוד של המפלגות עוצמה יהודית (בן גביר) והציונות הדתית (סמוטריץ'),ביחד,ביחד בראשות נפתלי בנט,14,11.1,,1,2026-08-31
4112,קנטאר,כאן 11,2026-08-30,2026-08-30,551,internet,scenario,2,תחזית מנדטים (2): אם יהיה איחוד של המפלגות עוצמה יהודית (בן גביר) והציונות הדתית (סמוטריץ'),עוצמה יהודית,חיבור של עוצמה יהודית (בן גביר) והציונות הדתית (סמוטריץ'),10,7.9,,1,2026-08-31
4112,קנטאר,כאן 11,2026-08-30,2026-08-30,551,internet,scenario,2,תחזית מנדטים (2): אם יהיה איחוד של המפלגות עוצמה יהודית (בן גביר) והציונות הדתית (סמוטריץ'),הדמוקרטים,מפלגת הדמוקרטים בראשות יאיר גולן,9,7.1,,1,2026-08-31
4112,קנטאר,כאן 11,2026-08-30,2026-08-30,551,internet,scenario,2,תחזית מנדטים (2): אם יהיה איחוד של המפלגות עוצמה יהודית (בן גביר) והציונות הדתית (סמוטריץ'),ישראל ביתנו,ישראל ביתנו בראשות אביגדור ליברמן,9,7.1,,1,2026-08-31
4112,קנטאר,כאן 11,2026-08-30,2026-08-30,551,internet,scenario,2,תחזית מנדטים (2): אם יהיה איחוד של המפלגות עוצמה יהודית (בן גביר) והציונות הדתית (סמוטריץ'),יהדות התורה,יהדות התורה בראשות משה גפני,9,7.1,,1,2026-08-31
4112,קנטאר,כאן 11,2026-08-30,2026-08-30,551,internet,scenario,2,תחזית מנדטים (2): אם יהיה איחוד של המפלגות עוצמה יהודית (בן גביר) והציונות הדתית (סמוטריץ'),הרשימה המשותפת,"חד""ש-תע""ל ובל""ד בראשות יוסף ג'אברין",8,6.3,,1,2026-08-31
4112,קנטאר,כאן 11,2026-08-30,2026-08-30,551,internet,scenario,2,תחזית מנדטים (2): אם יהיה איחוד של המפלגות עוצמה יהודית (בן גביר) והציונות הדתית (סמוטריץ'),"ש""ס","ש""ס בראשות אריה דרעי",7,5.6,,1,2026-08-31
4112,קנטאר,כאן 11,2026-08-30,2026-08-30,551,internet,scenario,2,תחזית מנדטים (2): אם יהיה איחוד של המפלגות עוצמה יהודית (בן גביר) והציונות הדתית (סמוטריץ'),עמך ישראל,עמך ישראל בראשות עופר וינטר,5,4.0,,1,2026-08-31
4112,קנטאר,כאן 11,2026-08-30,2026-08-30,551,internet,scenario,2,תחזית מנדטים (2): אם יהיה איחוד של המפלגות עוצמה יהודית (בן גביר) והציונות הדתית (סמוטריץ'),"רע""ם","רע""ם בראשות מנסור עבאס",5,4.0,,1,2026-08-31
4112,קנטאר,כאן 11,2026-08-30,2026-08-30,551,internet,scenario,2,תחזית מנדטים (2): אם יהיה איחוד של המפלגות עוצמה יהודית (בן גביר) והציונות הדתית (סמוטריץ'),כחול לבן,כחול לבן בראשות בני גנץ,0,1.5,,1,2026-08-31
4112,קנטאר,כאן 11,2026-08-30,2026-08-30,551,internet,scenario,2,תחזית מנדטים (2): אם יהיה איחוד של המפלגות עוצמה יהודית (בן גביר) והציונות הדתית (סמוטריץ'),בית ציוני,בית ציוני-המילואימניקים בראשות חילי טרופר ויועז הנדל,0,2.3,,1,2026-08-31
4112,קנטאר,כאן 11,2026-08-30,2026-08-30,551,internet,scenario,2,תחזית מנדטים (2): אם יהיה איחוד של המפלגות עוצמה יהודית (בן גביר) והציונות הדתית (סמוטריץ'),האחדות,מפלגת אחדות בראשות גלעד ארדן,0,1.0,,1,2026-08-31
4112,קנטאר,כאן 11,2026-08-30,2026-08-30,551,internet,scenario,3,"תחזית מנדטים (3): אם יהיה איחוד של המפלגות הציונות הדתית וזהות (משה פייגלין), בראש האיחוד יעמוד בצלאל סמוטריץ'",ישר,ישר! בראשות גדי אייזנקוט,24,18.5,,1,2026-08-31
4112,קנטאר,כאן 11,2026-08-30,2026-08-30,551,internet,scenario,3,"תחזית מנדטים (3): אם יהיה איחוד של המפלגות הציונות הדתית וזהות (משה פייגלין), בראש האיחוד יעמוד בצלאל סמוטריץ'",הליכוד,הליכוד בראשות בנימין נתניהו,21,16.1,,1,2026-08-31
4112,קנטאר,כאן 11,2026-08-30,2026-08-30,551,internet,scenario,3,"תחזית מנדטים (3): אם יהיה איחוד של המפלגות הציונות הדתית וזהות (משה פייגלין), בראש האיחוד יעמוד בצלאל סמוטריץ'",ביחד,ביחד בראשות נפתלי בנט,14,10.8,,1,2026-08-31
4112,קנטאר,כאן 11,2026-08-30,2026-08-30,551,internet,scenario,3,"תחזית מנדטים (3): אם יהיה איחוד של המפלגות הציונות הדתית וזהות (משה פייגלין), בראש האיחוד יעמוד בצלאל סמוטריץ'",הדמוקרטים,מפלגת הדמוקרטים בראשות יאיר גולן,9,6.9,,1,2026-08-31
4112,קנטאר,כאן 11,2026-08-30,2026-08-30,551,internet,scenario,3,"תחזית מנדטים (3): אם יהיה איחוד של המפלגות הציונות הדתית וזהות (משה פייגלין), בראש האיחוד יעמוד בצלאל סמוטריץ'",ישראל ביתנו,ישראל ביתנו בראשות אביגדור ליברמן,9,6.9,,1,2026-08-31
4112,קנטאר,כאן 11,2026-08-30,2026-08-30,551,internet,scenario,3,"תחזית מנדטים (3): אם יהיה איחוד של המפלגות הציונות הדתית וזהות (משה פייגלין), בראש האיחוד יעמוד בצלאל סמוטריץ'",יהדות התורה,יהדות התורה בראשות משה גפני,9,6.9,,1,2026-08-31
4112,קנטאר,כאן 11,2026-08-30,2026-08-30,551,internet,scenario,3,"תחזית מנדטים (3): אם יהיה איחוד של המפלגות הציונות הדתית וזהות (משה פייגלין), בראש האיחוד יעמוד בצלאל סמוטריץ'",הרשימה המשותפת,"חד""ש-תע""ל ובל""ד בראשות יוסף ג'אברין",8,6.2,,1,2026-08-31
4112,קנטאר,כאן 11,2026-08-30,2026-08-30,551,internet,scenario,3,"תחזית מנדטים (3): אם יהיה איחוד של המפלגות הציונות הדתית וזהות (משה פייגלין), בראש האיחוד יעמוד בצלאל סמוטריץ'",הציונות הדתית,הציונות הדתית בראשות בצלאל סמוטריץ' יחד עם מפלגת זהות (משה פייגלין),7,5.4,,1,2026-08-31
4112,קנטאר,כאן 11,2026-08-30,2026-08-30,551,internet,scenario,3,"תחזית מנדטים (3): אם יהיה איחוד של המפלגות הציונות הדתית וזהות (משה פייגלין), בראש האיחוד יעמוד בצלאל סמוטריץ'",עוצמה יהודית,עוצמה יהודית בראשות איתמר בן גביר,7,5.4,,1,2026-08-31
4112,קנטאר,כאן 11,2026-08-30,2026-08-30,551,internet,scenario,3,"תחזית מנדטים (3): אם יהיה איחוד של המפלגות הציונות הדתית וזהות (משה פייגלין), בראש האיחוד יעמוד בצלאל סמוטריץ'","ש""ס","ש""ס בראשות אריה דרעי",7,5.4,,1,2026-08-31
4112,קנטאר,כאן 11,2026-08-30,2026-08-30,551,internet,scenario,3,"תחזית מנדטים (3): אם יהיה איחוד של המפלגות הציונות הדתית וזהות (משה פייגלין), בראש האיחוד יעמוד בצלאל סמוטריץ'","רע""ם","רע""ם בראשות מנסור עבאס",5,3.9,,1,2026-08-31
4112,קנטאר,כאן 11,2026-08-30,2026-08-30,551,internet,scenario,3,"תחזית מנדטים (3): אם יהיה איחוד של המפלגות הציונות הדתית וזהות (משה פייגלין), בראש האיחוד יעמוד בצלאל סמוטריץ'",כחול לבן,כחול לבן בראשות בני גנץ,0,1.5,,1,2026-08-31
4112,קנטאר,כאן 11,2026-08-30,2026-08-30,551,internet,scenario,3,"תחזית מנדטים (3): אם יהיה איחוד של המפלגות הציונות הדתית וזהות (משה פייגלין), בראש האיחוד יעמוד בצלאל סמוטריץ'",בית ציוני,בית ציוני-המילואימניקים בראשות חילי טרופר ויועז הנדל,0,2.2,,1,2026-08-31
4112,קנטאר,כאן 11,2026-08-30,2026-08-30,551,internet,scenario,3,"תחזית מנדטים (3): אם יהיה איחוד של המפלגות הציונות הדתית וזהות (משה פייגלין), בראש האיחוד יעמוד בצלאל סמוטריץ'",האחדות,מפלגת אחדות בראשות גלעד ארדן,0,0.9,,1,2026-08-31
4112,קנטאר,כאן 11,2026-08-30,2026-08-30,551,internet,scenario,3,"תחזית מנדטים (3): אם יהיה איחוד של המפלגות הציונות הדתית וזהות (משה פייגלין), בראש האיחוד יעמוד בצלאל סמוטריץ'",עמך ישראל,עמך ישראל בראשות עופר וינטר,0,3.0,,1,2026-08-31
4113,נקסט דאטה,ערוץ 14,2026-08-30,2026-08-30,666,internet,main,1,"תוצאות מנדטים - מפת המנדטים הסופית, כנסת בת 120 מושבים, אחוז חסימה 3.25%",הליכוד,הליכוד בראשות בנימין נתניהו,31,23.7,,1,2026-08-31
4113,נקסט דאטה,ערוץ 14,2026-08-30,2026-08-30,666,internet,main,1,"תוצאות מנדטים - מפת המנדטים הסופית, כנסת בת 120 מושבים, אחוז חסימה 3.25%",ישר,ישר בראשות גדי איזנקוט,24,18.4,,1,2026-08-31
4113,נקסט דאטה,ערוץ 14,2026-08-30,2026-08-30,666,internet,main,1,"תוצאות מנדטים - מפת המנדטים הסופית, כנסת בת 120 מושבים, אחוז חסימה 3.25%","ש""ס","ש""ס בראשות אריה דרעי",10,7.7,,1,2026-08-31
4113,נקסט דאטה,ערוץ 14,2026-08-30,2026-08-30,666,internet,main,1,"תוצאות מנדטים - מפת המנדטים הסופית, כנסת בת 120 מושבים, אחוז חסימה 3.25%",הדמוקרטים,הדמוקרטים בראשות יאיר גולן,8,6.1,,1,2026-08-31
4113,נקסט דאטה,ערוץ 14,2026-08-30,2026-08-30,666,internet,main,1,"תוצאות מנדטים - מפת המנדטים הסופית, כנסת בת 120 מושבים, אחוז חסימה 3.25%",ישראל ביתנו,ישראל ביתנו בראשות אביגדור ליברמן,7,5.5,,1,2026-08-31
4113,נקסט דאטה,ערוץ 14,2026-08-30,2026-08-30,666,internet,main,1,"תוצאות מנדטים - מפת המנדטים הסופית, כנסת בת 120 מושבים, אחוז חסימה 3.25%",עוצמה יהודית,עוצמה יהודית בראשות איתמר בן גביר,7,5.5,,1,2026-08-31
4113,נקסט דאטה,ערוץ 14,2026-08-30,2026-08-30,666,internet,main,1,"תוצאות מנדטים - מפת המנדטים הסופית, כנסת בת 120 מושבים, אחוז חסימה 3.25%",יהדות התורה,יהדות התורה,7,5.6,,1,2026-08-31
4113,נקסט דאטה,ערוץ 14,2026-08-30,2026-08-30,666,internet,main,1,"תוצאות מנדטים - מפת המנדטים הסופית, כנסת בת 120 מושבים, אחוז חסימה 3.25%",הרשימה המשותפת,"חד""ש-תע""ל",7,5.4,,1,2026-08-31
4113,נקסט דאטה,ערוץ 14,2026-08-30,2026-08-30,666,internet,main,1,"תוצאות מנדטים - מפת המנדטים הסופית, כנסת בת 120 מושבים, אחוז חסימה 3.25%",ביחד,יחד בראשות נפתלי בנט,6,4.4,,1,2026-08-31
4113,נקסט דאטה,ערוץ 14,2026-08-30,2026-08-30,666,internet,main,1,"תוצאות מנדטים - מפת המנדטים הסופית, כנסת בת 120 מושבים, אחוז חסימה 3.25%","רע""ם","רע""ם בראשות מנסור עבאס",5,3.8,,1,2026-08-31
4113,נקסט דאטה,ערוץ 14,2026-08-30,2026-08-30,666,internet,main,1,"תוצאות מנדטים - מפת המנדטים הסופית, כנסת בת 120 מושבים, אחוז חסימה 3.25%",הציונות הדתית,הציונות הדתית בראשות בצלאל סמוטריץ',4,3.1,,1,2026-08-31
4113,נקסט דאטה,ערוץ 14,2026-08-30,2026-08-30,666,internet,main,1,"תוצאות מנדטים - מפת המנדטים הסופית, כנסת בת 120 מושבים, אחוז חסימה 3.25%",עמך ישראל,עמך ישראל בראשות עופר וינטר,4,3.2,,1,2026-08-31
4113,נקסט דאטה,ערוץ 14,2026-08-30,2026-08-30,666,internet,main,1,"תוצאות מנדטים - מפת המנדטים הסופית, כנסת בת 120 מושבים, אחוז חסימה 3.25%",זהות,זהות בראשות משה פייגלין,0,2.3,,1,2026-08-31
4113,נקסט דאטה,ערוץ 14,2026-08-30,2026-08-30,666,internet,main,1,"תוצאות מנדטים - מפת המנדטים הסופית, כנסת בת 120 מושבים, אחוז חסימה 3.25%",בית ציוני,בית ציוני בראשות טרופר והנדל,0,0.9,,1,2026-08-31
4113,נקסט דאטה,ערוץ 14,2026-08-30,2026-08-30,666,internet,main,1,"תוצאות מנדטים - מפת המנדטים הסופית, כנסת בת 120 מושבים, אחוז חסימה 3.25%",האחדות,אחדות בראשות ארדן ואדלשטיין,0,0.6,,1,2026-08-31
4113,נקסט דאטה,ערוץ 14,2026-08-30,2026-08-30,666,internet,main,1,"תוצאות מנדטים - מפת המנדטים הסופית, כנסת בת 120 מושבים, אחוז חסימה 3.25%",כחול לבן,כחול לבן בראשות בני גנץ,0,0.5,,1,2026-08-31
4113,נקסט דאטה,ערוץ 14,2026-08-30,2026-08-30,666,internet,main,1,"תוצאות מנדטים - מפת המנדטים הסופית, כנסת בת 120 מושבים, אחוז חסימה 3.25%",נעם,נעם בראשות אבי מעוז,0,0.5,,1,2026-08-31
4115,מדגם,חדשות 12,2026-08-31,2026-08-31,506,mixed,main,1,"אילו הבחירות לכנסת היו מתקיימות היום, לאיזו מפלגה היית מצביע?",ישר,ישר! עם איזנקוט בראשות גדי איזנקוט,24,17.7,11.2,1,2026-09-02
4115,מדגם,חדשות 12,2026-08-31,2026-08-31,506,mixed,main,1,"אילו הבחירות לכנסת היו מתקיימות היום, לאיזו מפלגה היית מצביע?",הליכוד,הליכוד בראשות בנימין נתניהו,23,16.7,11.2,1,2026-09-02
4115,מדגם,חדשות 12,2026-08-31,2026-08-31,506,mixed,main,1,"אילו הבחירות לכנסת היו מתקיימות היום, לאיזו מפלגה היית מצביע?",ביחד,ביחד בראשות נפתלי בנט,15,10.8,11.2,1,2026-09-02
4115,מדגם,חדשות 12,2026-08-31,2026-08-31,506,mixed,main,1,"אילו הבחירות לכנסת היו מתקיימות היום, לאיזו מפלגה היית מצביע?",הדמוקרטים,הדמוקרטים בראשות יאיר גולן,11,7.8,11.2,1,2026-09-02
4115,מדגם,חדשות 12,2026-08-31,2026-08-31,506,mixed,main,1,"אילו הבחירות לכנסת היו מתקיימות היום, לאיזו מפלגה היית מצביע?",ישראל ביתנו,ישראל ביתנו בראשות אביגדור ליברמן,9,6.5,11.2,1,2026-09-02
4115,מדגם,חדשות 12,2026-08-31,2026-08-31,506,mixed,main,1,"אילו הבחירות לכנסת היו מתקיימות היום, לאיזו מפלגה היית מצביע?",יהדות התורה,יהדות התורה בראשות משה גפני,8,5.7,11.2,1,2026-09-02
4115,מדגם,חדשות 12,2026-08-31,2026-08-31,506,mixed,main,1,"אילו הבחירות לכנסת היו מתקיימות היום, לאיזו מפלגה היית מצביע?",עוצמה יהודית,עוצמה יהודית בראשות איתמר בן גביר,8,5.7,11.2,1,2026-09-02
4115,מדגם,חדשות 12,2026-08-31,2026-08-31,506,mixed,main,1,"אילו הבחירות לכנסת היו מתקיימות היום, לאיזו מפלגה היית מצביע?","ש""ס","ש""ס בראשות אריה דרעי",7,5.1,11.2,1,2026-09-02
4115,מדגם,חדשות 12,2026-08-31,2026-08-31,506,mixed,main,1,"אילו הבחירות לכנסת היו מתקיימות היום, לאיזו מפלגה היית מצביע?",הרשימה המשותפת,"הרשימה המשותפת (חד""ש, תע""ל, בל""ד) בראשות יוסף ג'בארין",7,5.0,11.2,1,2026-09-02
4115,מדגם,חדשות 12,2026-08-31,2026-08-31,506,mixed,main,1,"אילו הבחירות לכנסת היו מתקיימות היום, לאיזו מפלגה היית מצביע?","רע""ם","הרשימה הערבית המאוחדת - רע""ם בראשות מנסור עבאס",4,3.4,11.2,1,2026-09-02
4115,מדגם,חדשות 12,2026-08-31,2026-08-31,506,mixed,main,1,"אילו הבחירות לכנסת היו מתקיימות היום, לאיזו מפלגה היית מצביע?",עמך ישראל,עמך ישראל בראשות עופר וינטר,4,3.3,11.2,1,2026-09-02
4115,מדגם,חדשות 12,2026-08-31,2026-08-31,506,mixed,main,1,"אילו הבחירות לכנסת היו מתקיימות היום, לאיזו מפלגה היית מצביע?",הציונות הדתית,הציונות הדתית בראשות בצלאל סמוטריץ',0,2.6,11.2,1,2026-09-02
4115,מדגם,חדשות 12,2026-08-31,2026-08-31,506,mixed,main,1,"אילו הבחירות לכנסת היו מתקיימות היום, לאיזו מפלגה היית מצביע?",בית ציוני,בית ציוני - המילואימניקים בראשות חילי טרופר ויועז הנדל,0,2.6,11.2,1,2026-09-02
4115,מדגם,חדשות 12,2026-08-31,2026-08-31,506,mixed,main,1,"אילו הבחירות לכנסת היו מתקיימות היום, לאיזו מפלגה היית מצביע?",זהות,זהות בראשות משה פייגלין,0,2.1,11.2,1,2026-09-02
4115,מדגם,חדשות 12,2026-08-31,2026-08-31,506,mixed,main,1,"אילו הבחירות לכנסת היו מתקיימות היום, לאיזו מפלגה היית מצביע?",הציבור החרדי,הציבור החרדי בראשות מוטי לייטנר,0,1.2,11.2,1,2026-09-02
4115,מדגם,חדשות 12,2026-08-31,2026-08-31,506,mixed,main,1,"אילו הבחירות לכנסת היו מתקיימות היום, לאיזו מפלגה היית מצביע?",הכלכלית החדשה,הכלכלית החדשה בראשות ירון זליכה,0,1.0,11.2,1,2026-09-02
4115,מדגם,חדשות 12,2026-08-31,2026-08-31,506,mixed,main,1,"אילו הבחירות לכנסת היו מתקיימות היום, לאיזו מפלגה היית מצביע?",כחול לבן,כחול לבן בראשות בני גנץ,0,0.9,11.2,1,2026-09-02
4115,מדגם,חדשות 12,2026-08-31,2026-08-31,506,mixed,main,1,"אילו הבחירות לכנסת היו מתקיימות היום, לאיזו מפלגה היית מצביע?",האחדות,האחדות בראשות גלעד ארדן,0,0.5,11.2,1,2026-09-02
4115,מדגם,חדשות 12,2026-08-31,2026-08-31,506,mixed,scenario,2,"ואילו הבחירות לכנסת היו מתקיימות היום ומפלגות 'הציונות הדתית' של בצלאל סמוטריץ' ו'זהות' של משה פייגלין היו מתמודדות ברשימה אחת, ובנוסף מפלגות 'כחול לבן' של בני גנץ ו'האחדות' של גלעד ארדן היו מתמודדות ברשימה אחת, ובנוסף יואב סגלוביץ' יצטרף למפלגת רע""ם בראשות מנסור עבאס, ויתר המפלגות ללא שינוי, לאיזו מפלגה היית מצביע?",ישר,ישר! עם איזנקוט בראשות גדי איזנקוט,24,17.8,9.3,1,2026-09-02
4115,מדגם,חדשות 12,2026-08-31,2026-08-31,506,mixed,scenario,2,"ואילו הבחירות לכנסת היו מתקיימות היום ומפלגות 'הציונות הדתית' של בצלאל סמוטריץ' ו'זהות' של משה פייגלין היו מתמודדות ברשימה אחת, ובנוסף מפלגות 'כחול לבן' של בני גנץ ו'האחדות' של גלעד ארדן היו מתמודדות ברשימה אחת, ובנוסף יואב סגלוביץ' יצטרף למפלגת רע""ם בראשות מנסור עבאס, ויתר המפלגות ללא שינוי, לאיזו מפלגה היית מצביע?",הליכוד,הליכוד בראשות בנימין נתניהו,23,17.1,9.3,1,2026-09-02
4115,מדגם,חדשות 12,2026-08-31,2026-08-31,506,mixed,scenario,2,"ואילו הבחירות לכנסת היו מתקיימות היום ומפלגות 'הציונות הדתית' של בצלאל סמוטריץ' ו'זהות' של משה פייגלין היו מתמודדות ברשימה אחת, ובנוסף מפלגות 'כחול לבן' של בני גנץ ו'האחדות' של גלעד ארדן היו מתמודדות ברשימה אחת, ובנוסף יואב סגלוביץ' יצטרף למפלגת רע""ם בראשות מנסור עבאס, ויתר המפלגות ללא שינוי, לאיזו מפלגה היית מצביע?",ביחד,ביחד בראשות נפתלי בנט,15,11.0,9.3,1,2026-09-02
4115,מדגם,חדשות 12,2026-08-31,2026-08-31,506,mixed,scenario,2,"ואילו הבחירות לכנסת היו מתקיימות היום ומפלגות 'הציונות הדתית' של בצלאל סמוטריץ' ו'זהות' של משה פייגלין היו מתמודדות ברשימה אחת, ובנוסף מפלגות 'כחול לבן' של בני גנץ ו'האחדות' של גלעד ארדן היו מתמודדות ברשימה אחת, ובנוסף יואב סגלוביץ' יצטרף למפלגת רע""ם בראשות מנסור עבאס, ויתר המפלגות ללא שינוי, לאיזו מפלגה היית מצביע?",הדמוקרטים,הדמוקרטים בראשות יאיר גולן,11,8.1,9.3,1,2026-09-02
4115,מדגם,חדשות 12,2026-08-31,2026-08-31,506,mixed,scenario,2,"ואילו הבחירות לכנסת היו מתקיימות היום ומפלגות 'הציונות הדתית' של בצלאל סמוטריץ' ו'זהות' של משה פייגלין היו מתמודדות ברשימה אחת, ובנוסף מפלגות 'כחול לבן' של בני גנץ ו'האחדות' של גלעד ארדן היו מתמודדות ברשימה אחת, ובנוסף יואב סגלוביץ' יצטרף למפלגת רע""ם בראשות מנסור עבאס, ויתר המפלגות ללא שינוי, לאיזו מפלגה היית מצביע?",ישראל ביתנו,ישראל ביתנו בראשות אביגדור ליברמן,9,6.5,9.3,1,2026-09-02
4115,מדגם,חדשות 12,2026-08-31,2026-08-31,506,mixed,scenario,2,"ואילו הבחירות לכנסת היו מתקיימות היום ומפלגות 'הציונות הדתית' של בצלאל סמוטריץ' ו'זהות' של משה פייגלין היו מתמודדות ברשימה אחת, ובנוסף מפלגות 'כחול לבן' של בני גנץ ו'האחדות' של גלעד ארדן היו מתמודדות ברשימה אחת, ובנוסף יואב סגלוביץ' יצטרף למפלגת רע""ם בראשות מנסור עבאס, ויתר המפלגות ללא שינוי, לאיזו מפלגה היית מצביע?",יהדות התורה,יהדות התורה בראשות משה גפני,8,6.0,9.3,1,2026-09-02
4115,מדגם,חדשות 12,2026-08-31,2026-08-31,506,mixed,scenario,2,"ואילו הבחירות לכנסת היו מתקיימות היום ומפלגות 'הציונות הדתית' של בצלאל סמוטריץ' ו'זהות' של משה פייגלין היו מתמודדות ברשימה אחת, ובנוסף מפלגות 'כחול לבן' של בני גנץ ו'האחדות' של גלעד ארדן היו מתמודדות ברשימה אחת, ובנוסף יואב סגלוביץ' יצטרף למפלגת רע""ם בראשות מנסור עבאס, ויתר המפלגות ללא שינוי, לאיזו מפלגה היית מצביע?",עוצמה יהודית,עוצמה יהודית בראשות איתמר בן גביר,7,5.2,9.3,1,2026-09-02
4115,מדגם,חדשות 12,2026-08-31,2026-08-31,506,mixed,scenario,2,"ואילו הבחירות לכנסת היו מתקיימות היום ומפלגות 'הציונות הדתית' של בצלאל סמוטריץ' ו'זהות' של משה פייגלין היו מתמודדות ברשימה אחת, ובנוסף מפלגות 'כחול לבן' של בני גנץ ו'האחדות' של גלעד ארדן היו מתמודדות ברשימה אחת, ובנוסף יואב סגלוביץ' יצטרף למפלגת רע""ם בראשות מנסור עבאס, ויתר המפלגות ללא שינוי, לאיזו מפלגה היית מצביע?","ש""ס","ש""ס בראשות אריה דרעי",7,5.1,9.3,1,2026-09-02
4115,מדגם,חדשות 12,2026-08-31,2026-08-31,506,mixed,scenario,2,"ואילו הבחירות לכנסת היו מתקיימות היום ומפלגות 'הציונות הדתית' של בצלאל סמוטריץ' ו'זהות' של משה פייגלין היו מתמודדות ברשימה אחת, ובנוסף מפלגות 'כחול לבן' של בני גנץ ו'האחדות' של גלעד ארדן היו מתמודדות ברשימה אחת, ובנוסף יואב סגלוביץ' יצטרף למפלגת רע""ם בראשות מנסור עבאס, ויתר המפלגות ללא שינוי, לאיזו מפלגה היית מצביע?",הרשימה המשותפת,"הרשימה המשותפת (חד""ש, תע""ל, בל""ד) בראשות יוסף ג'בארין",7,5.0,9.3,1,2026-09-02
4115,מדגם,חדשות 12,2026-08-31,2026-08-31,506,mixed,scenario,2,"ואילו הבחירות לכנסת היו מתקיימות היום ומפלגות 'הציונות הדתית' של בצלאל סמוטריץ' ו'זהות' של משה פייגלין היו מתמודדות ברשימה אחת, ובנוסף מפלגות 'כחול לבן' של בני גנץ ו'האחדות' של גלעד ארדן היו מתמודדות ברשימה אחת, ובנוסף יואב סגלוביץ' יצטרף למפלגת רע""ם בראשות מנסור עבאס, ויתר המפלגות ללא שינוי, לאיזו מפלגה היית מצביע?",הציונות הדתית,הציונות הדתית בראשות בצלאל סמוטריץ' וזהות בראשות משה פייגלין,5,3.7,9.3,1,2026-09-02
4115,מדגם,חדשות 12,2026-08-31,2026-08-31,506,mixed,scenario,2,"ואילו הבחירות לכנסת היו מתקיימות היום ומפלגות 'הציונות הדתית' של בצלאל סמוטריץ' ו'זהות' של משה פייגלין היו מתמודדות ברשימה אחת, ובנוסף מפלגות 'כחול לבן' של בני גנץ ו'האחדות' של גלעד ארדן היו מתמודדות ברשימה אחת, ובנוסף יואב סגלוביץ' יצטרף למפלגת רע""ם בראשות מנסור עבאס, ויתר המפלגות ללא שינוי, לאיזו מפלגה היית מצביע?","רע""ם","הרשימה הערבית המאוחדת - רע""ם בראשות מנסור עבאס עם יואב סגלוביץ'",4,3.3,9.3,1,2026-09-02
4115,מדגם,חדשות 12,2026-08-31,2026-08-31,506,mixed,scenario,2,"ואילו הבחירות לכנסת היו מתקיימות היום ומפלגות 'הציונות הדתית' של בצלאל סמוטריץ' ו'זהות' של משה פייגלין היו מתמודדות ברשימה אחת, ובנוסף מפלגות 'כחול לבן' של בני גנץ ו'האחדות' של גלעד ארדן היו מתמודדות ברשימה אחת, ובנוסף יואב סגלוביץ' יצטרף למפלגת רע""ם בראשות מנסור עבאס, ויתר המפלגות ללא שינוי, לאיזו מפלגה היית מצביע?",בית ציוני,בית ציוני - המילואימניקים בראשות חילי טרופר ויועז הנדל,0,2.7,9.3,1,2026-09-02
4115,מדגם,חדשות 12,2026-08-31,2026-08-31,506,mixed,scenario,2,"ואילו הבחירות לכנסת היו מתקיימות היום ומפלגות 'הציונות הדתית' של בצלאל סמוטריץ' ו'זהות' של משה פייגלין היו מתמודדות ברשימה אחת, ובנוסף מפלגות 'כחול לבן' של בני גנץ ו'האחדות' של גלעד ארדן היו מתמודדות ברשימה אחת, ובנוסף יואב סגלוביץ' יצטרף למפלגת רע""ם בראשות מנסור עבאס, ויתר המפלגות ללא שינוי, לאיזו מפלגה היית מצביע?",כחול לבן,כחול לבן בראשות בני גנץ והאחדות בראשות גלעד ארדן,0,2.6,9.3,1,2026-09-02
4115,מדגם,חדשות 12,2026-08-31,2026-08-31,506,mixed,scenario,2,"ואילו הבחירות לכנסת היו מתקיימות היום ומפלגות 'הציונות הדתית' של בצלאל סמוטריץ' ו'זהות' של משה פייגלין היו מתמודדות ברשימה אחת, ובנוסף מפלגות 'כחול לבן' של בני גנץ ו'האחדות' של גלעד ארדן היו מתמודדות ברשימה אחת, ובנוסף יואב סגלוביץ' יצטרף למפלגת רע""ם בראשות מנסור עבאס, ויתר המפלגות ללא שינוי, לאיזו מפלגה היית מצביע?",עמך ישראל,עמך ישראל בראשות עופר וינטר,0,2.1,9.3,1,2026-09-02
4115,מדגם,חדשות 12,2026-08-31,2026-08-31,506,mixed,scenario,2,"ואילו הבחירות לכנסת היו מתקיימות היום ומפלגות 'הציונות הדתית' של בצלאל סמוטריץ' ו'זהות' של משה פייגלין היו מתמודדות ברשימה אחת, ובנוסף מפלגות 'כחול לבן' של בני גנץ ו'האחדות' של גלעד ארדן היו מתמודדות ברשימה אחת, ובנוסף יואב סגלוביץ' יצטרף למפלגת רע""ם בראשות מנסור עבאס, ויתר המפלגות ללא שינוי, לאיזו מפלגה היית מצביע?",הכלכלית החדשה,הכלכלית החדשה בראשות ירון זליכה,0,1.5,9.3,1,2026-09-02
4115,מדגם,חדשות 12,2026-08-31,2026-08-31,506,mixed,scenario,2,"ואילו הבחירות לכנסת היו מתקיימות היום ומפלגות 'הציונות הדתית' של בצלאל סמוטריץ' ו'זהות' של משה פייגלין היו מתמודדות ברשימה אחת, ובנוסף מפלגות 'כחול לבן' של בני גנץ ו'האחדות' של גלעד ארדן היו מתמודדות ברשימה אחת, ובנוסף יואב סגלוביץ' יצטרף למפלגת רע""ם בראשות מנסור עבאס, ויתר המפלגות ללא שינוי, לאיזו מפלגה היית מצביע?",הציבור החרדי,הציבור החרדי בראשות מוטי לייטנר,0,1.5,9.3,1,2026-09-02
4115,מדגם,חדשות 12,2026-08-31,2026-08-31,506,mixed,scenario,3,"ואילו הבחירות לכנסת היו מתקיימות היום ומפלגת 'הציונות הדתית' של בצלאל סמוטריץ' תתמזג ברשימת הליכוד, ובנוסף מפלגות 'כחול לבן' של בני גנץ, 'בית ציוני - המילואימניקים' של חילי טרופר ויועז הנדל היו מתמודדות ברשימה אחת יחד עם איילת שקד, ובנוסף יואב סגלוביץ' יצטרף למפלגת רע""ם בראשות מנסור עבאס, ויתר המפלגות ללא שינוי, לאיזו מפלגה היית מצביע",ישר,ישר! עם איזנקוט בראשות גדי איזנקוט,22,17.0,8.9,1,2026-09-02
4115,מדגם,חדשות 12,2026-08-31,2026-08-31,506,mixed,scenario,3,"ואילו הבחירות לכנסת היו מתקיימות היום ומפלגת 'הציונות הדתית' של בצלאל סמוטריץ' תתמזג ברשימת הליכוד, ובנוסף מפלגות 'כחול לבן' של בני גנץ, 'בית ציוני - המילואימניקים' של חילי טרופר ויועז הנדל היו מתמודדות ברשימה אחת יחד עם איילת שקד, ובנוסף יואב סגלוביץ' יצטרף למפלגת רע""ם בראשות מנסור עבאס, ויתר המפלגות ללא שינוי, לאיזו מפלגה היית מצביע",הליכוד,הליכוד בראשות בנימין נתניהו עם אנשי הציונות הדתית בראשות בצלאל סמוטריץ',20,15.4,8.9,1,2026-09-02
4115,מדגם,חדשות 12,2026-08-31,2026-08-31,506,mixed,scenario,3,"ואילו הבחירות לכנסת היו מתקיימות היום ומפלגת 'הציונות הדתית' של בצלאל סמוטריץ' תתמזג ברשימת הליכוד, ובנוסף מפלגות 'כחול לבן' של בני גנץ, 'בית ציוני - המילואימניקים' של חילי טרופר ויועז הנדל היו מתמודדות ברשימה אחת יחד עם איילת שקד, ובנוסף יואב סגלוביץ' יצטרף למפלגת רע""ם בראשות מנסור עבאס, ויתר המפלגות ללא שינוי, לאיזו מפלגה היית מצביע",ביחד,ביחד בראשות נפתלי בנט,15,11.5,8.9,1,2026-09-02
4115,מדגם,חדשות 12,2026-08-31,2026-08-31,506,mixed,scenario,3,"ואילו הבחירות לכנסת היו מתקיימות היום ומפלגת 'הציונות הדתית' של בצלאל סמוטריץ' תתמזג ברשימת הליכוד, ובנוסף מפלגות 'כחול לבן' של בני גנץ, 'בית ציוני - המילואימניקים' של חילי טרופר ויועז הנדל היו מתמודדות ברשימה אחת יחד עם איילת שקד, ובנוסף יואב סגלוביץ' יצטרף למפלגת רע""ם בראשות מנסור עבאס, ויתר המפלגות ללא שינוי, לאיזו מפלגה היית מצביע",הדמוקרטים,הדמוקרטים בראשות יאיר גולן,11,8.5,8.9,1,2026-09-02
4115,מדגם,חדשות 12,2026-08-31,2026-08-31,506,mixed,scenario,3,"ואילו הבחירות לכנסת היו מתקיימות היום ומפלגת 'הציונות הדתית' של בצלאל סמוטריץ' תתמזג ברשימת הליכוד, ובנוסף מפלגות 'כחול לבן' של בני גנץ, 'בית ציוני - המילואימניקים' של חילי טרופר ויועז הנדל היו מתמודדות ברשימה אחת יחד עם איילת שקד, ובנוסף יואב סגלוביץ' יצטרף למפלגת רע""ם בראשות מנסור עבאס, ויתר המפלגות ללא שינוי, לאיזו מפלגה היית מצביע",ישראל ביתנו,ישראל ביתנו בראשות אביגדור ליברמן,9,7.0,8.9,1,2026-09-02
4115,מדגם,חדשות 12,2026-08-31,2026-08-31,506,mixed,scenario,3,"ואילו הבחירות לכנסת היו מתקיימות היום ומפלגת 'הציונות הדתית' של בצלאל סמוטריץ' תתמזג ברשימת הליכוד, ובנוסף מפלגות 'כחול לבן' של בני גנץ, 'בית ציוני - המילואימניקים' של חילי טרופר ויועז הנדל היו מתמודדות ברשימה אחת יחד עם איילת שקד, ובנוסף יואב סגלוביץ' יצטרף למפלגת רע""ם בראשות מנסור עבאס, ויתר המפלגות ללא שינוי, לאיזו מפלגה היית מצביע",עוצמה יהודית,עוצמה יהודית בראשות איתמר בן גביר,9,6.9,8.9,1,2026-09-02
4115,מדגם,חדשות 12,2026-08-31,2026-08-31,506,mixed,scenario,3,"ואילו הבחירות לכנסת היו מתקיימות היום ומפלגת 'הציונות הדתית' של בצלאל סמוטריץ' תתמזג ברשימת הליכוד, ובנוסף מפלגות 'כחול לבן' של בני גנץ, 'בית ציוני - המילואימניקים' של חילי טרופר ויועז הנדל היו מתמודדות ברשימה אחת יחד עם איילת שקד, ובנוסף יואב סגלוביץ' יצטרף למפלגת רע""ם בראשות מנסור עבאס, ויתר המפלגות ללא שינוי, לאיזו מפלגה היית מצביע",יהדות התורה,יהדות התורה בראשות משה גפני,8,6.2,8.9,1,2026-09-02
4115,מדגם,חדשות 12,2026-08-31,2026-08-31,506,mixed,scenario,3,"ואילו הבחירות לכנסת היו מתקיימות היום ומפלגת 'הציונות הדתית' של בצלאל סמוטריץ' תתמזג ברשימת הליכוד, ובנוסף מפלגות 'כחול לבן' של בני גנץ, 'בית ציוני - המילואימניקים' של חילי טרופר ויועז הנדל היו מתמודדות ברשימה אחת יחד עם איילת שקד, ובנוסף יואב סגלוביץ' יצטרף למפלגת רע""ם בראשות מנסור עבאס, ויתר המפלגות ללא שינוי, לאיזו מפלגה היית מצביע",הרשימה המשותפת,"הרשימה המשותפת (חד""ש, תע""ל, בל""ד) בראשות יוסף ג'בארין",7,5.2,8.9,1,2026-09-02
4115,מדגם,חדשות 12,2026-08-31,2026-08-31,506,mixed,scenario,3,"ואילו הבחירות לכנסת היו מתקיימות היום ומפלגת 'הציונות הדתית' של בצלאל סמוטריץ' תתמזג ברשימת הליכוד, ובנוסף מפלגות 'כחול לבן' של בני גנץ, 'בית ציוני - המילואימניקים' של חילי טרופר ויועז הנדל היו מתמודדות ברשימה אחת יחד עם איילת שקד, ובנוסף יואב סגלוביץ' יצטרף למפלגת רע""ם בראשות מנסור עבאס, ויתר המפלגות ללא שינוי, לאיזו מפלגה היית מצביע","ש""ס","ש""ס בראשות אריה דרעי",7,5.1,8.9,1,2026-09-02
4115,מדגם,חדשות 12,2026-08-31,2026-08-31,506,mixed,scenario,3,"ואילו הבחירות לכנסת היו מתקיימות היום ומפלגת 'הציונות הדתית' של בצלאל סמוטריץ' תתמזג ברשימת הליכוד, ובנוסף מפלגות 'כחול לבן' של בני גנץ, 'בית ציוני - המילואימניקים' של חילי טרופר ויועז הנדל היו מתמודדות ברשימה אחת יחד עם איילת שקד, ובנוסף יואב סגלוביץ' יצטרף למפלגת רע""ם בראשות מנסור עבאס, ויתר המפלגות ללא שינוי, לאיזו מפלגה היית מצביע",בית ציוני,"כחול לבן בראשות בני גנץ, בית ציוני - המילואימניקים בראשות חילי טרופר ויועז הנדל ואיילת שקד",4,3.4,8.9,1,2026-09-02
4115,מדגם,חדשות 12,2026-08-31,2026-08-31,506,mixed,scenario,3,"ואילו הבחירות לכנסת היו מתקיימות היום ומפלגת 'הציונות הדתית' של בצלאל סמוטריץ' תתמזג ברשימת הליכוד, ובנוסף מפלגות 'כחול לבן' של בני גנץ, 'בית ציוני - המילואימניקים' של חילי טרופר ויועז הנדל היו מתמודדות ברשימה אחת יחד עם איילת שקד, ובנוסף יואב סגלוביץ' יצטרף למפלגת רע""ם בראשות מנסור עבאס, ויתר המפלגות ללא שינוי, לאיזו מפלגה היית מצביע","רע""ם","הרשימה הערבית המאוחדת - רע""ם בראשות מנסור עבאס עם יואב סגלוביץ'",4,3.3,8.9,1,2026-09-02
4115,מדגם,חדשות 12,2026-08-31,2026-08-31,506,mixed,scenario,3,"ואילו הבחירות לכנסת היו מתקיימות היום ומפלגת 'הציונות הדתית' של בצלאל סמוטריץ' תתמזג ברשימת הליכוד, ובנוסף מפלגות 'כחול לבן' של בני גנץ, 'בית ציוני - המילואימניקים' של חילי טרופר ויועז הנדל היו מתמודדות ברשימה אחת יחד עם איילת שקד, ובנוסף יואב סגלוביץ' יצטרף למפלגת רע""ם בראשות מנסור עבאס, ויתר המפלגות ללא שינוי, לאיזו מפלגה היית מצביע",עמך ישראל,עמך ישראל בראשות עופר וינטר,4,3.3,8.9,1,2026-09-02
4115,מדגם,חדשות 12,2026-08-31,2026-08-31,506,mixed,scenario,3,"ואילו הבחירות לכנסת היו מתקיימות היום ומפלגת 'הציונות הדתית' של בצלאל סמוטריץ' תתמזג ברשימת הליכוד, ובנוסף מפלגות 'כחול לבן' של בני גנץ, 'בית ציוני - המילואימניקים' של חילי טרופר ויועז הנדל היו מתמודדות ברשימה אחת יחד עם איילת שקד, ובנוסף יואב סגלוביץ' יצטרף למפלגת רע""ם בראשות מנסור עבאס, ויתר המפלגות ללא שינוי, לאיזו מפלגה היית מצביע",זהות,זהות בראשות משה פייגלין,0,2.0,8.9,1,2026-09-02
4115,מדגם,חדשות 12,2026-08-31,2026-08-31,506,mixed,scenario,3,"ואילו הבחירות לכנסת היו מתקיימות היום ומפלגת 'הציונות הדתית' של בצלאל סמוטריץ' תתמזג ברשימת הליכוד, ובנוסף מפלגות 'כחול לבן' של בני גנץ, 'בית ציוני - המילואימניקים' של חילי טרופר ויועז הנדל היו מתמודדות ברשימה אחת יחד עם איילת שקד, ובנוסף יואב סגלוביץ' יצטרף למפלגת רע""ם בראשות מנסור עבאס, ויתר המפלגות ללא שינוי, לאיזו מפלגה היית מצביע",הכלכלית החדשה,הכלכלית החדשה בראשות ירון זליכה,0,1.9,8.9,1,2026-09-02
4115,מדגם,חדשות 12,2026-08-31,2026-08-31,506,mixed,scenario,3,"ואילו הבחירות לכנסת היו מתקיימות היום ומפלגת 'הציונות הדתית' של בצלאל סמוטריץ' תתמזג ברשימת הליכוד, ובנוסף מפלגות 'כחול לבן' של בני גנץ, 'בית ציוני - המילואימניקים' של חילי טרופר ויועז הנדל היו מתמודדות ברשימה אחת יחד עם איילת שקד, ובנוסף יואב סגלוביץ' יצטרף למפלגת רע""ם בראשות מנסור עבאס, ויתר המפלגות ללא שינוי, לאיזו מפלגה היית מצביע",האחדות,האחדות בראשות גלעד ארדן,0,1.4,8.9,1,2026-09-02
4115,מדגם,חדשות 12,2026-08-31,2026-08-31,506,mixed,scenario,3,"ואילו הבחירות לכנסת היו מתקיימות היום ומפלגת 'הציונות הדתית' של בצלאל סמוטריץ' תתמזג ברשימת הליכוד, ובנוסף מפלגות 'כחול לבן' של בני גנץ, 'בית ציוני - המילואימניקים' של חילי טרופר ויועז הנדל היו מתמודדות ברשימה אחת יחד עם איילת שקד, ובנוסף יואב סגלוביץ' יצטרף למפלגת רע""ם בראשות מנסור עבאס, ויתר המפלגות ללא שינוי, לאיזו מפלגה היית מצביע",הציבור החרדי,הציבור החרדי בראשות מוטי לייטנר,0,1.3,8.9,1,2026-09-02
4115,מדגם,חדשות 12,2026-08-31,2026-08-31,506,mixed,scenario,4,"ואילו הבחירות לכנסת היו מתקיימות היום, ומפלגות 'הציונות הדתית' של בצלאל סמוטריץ' ו'עוצמה יהודית' של איתמר בן גביר היו מתמודדות ברשימה אחת, ובנוסף יואב סגלוביץ' יצטרף למפלגת רע""ם בראשות מנסור עבאס, ויתר המפלגות ללא שינוי, לאיזו מפלגה היית מצביע?",ישר,ישר! עם איזנקוט בראשות גדי איזנקוט,23,17.1,7.1,1,2026-09-02
4115,מדגם,חדשות 12,2026-08-31,2026-08-31,506,mixed,scenario,4,"ואילו הבחירות לכנסת היו מתקיימות היום, ומפלגות 'הציונות הדתית' של בצלאל סמוטריץ' ו'עוצמה יהודית' של איתמר בן גביר היו מתמודדות ברשימה אחת, ובנוסף יואב סגלוביץ' יצטרף למפלגת רע""ם בראשות מנסור עבאס, ויתר המפלגות ללא שינוי, לאיזו מפלגה היית מצביע?",הליכוד,הליכוד בראשות בנימין נתניהו,21,15.6,7.1,1,2026-09-02
4115,מדגם,חדשות 12,2026-08-31,2026-08-31,506,mixed,scenario,4,"ואילו הבחירות לכנסת היו מתקיימות היום, ומפלגות 'הציונות הדתית' של בצלאל סמוטריץ' ו'עוצמה יהודית' של איתמר בן גביר היו מתמודדות ברשימה אחת, ובנוסף יואב סגלוביץ' יצטרף למפלגת רע""ם בראשות מנסור עבאס, ויתר המפלגות ללא שינוי, לאיזו מפלגה היית מצביע?",ביחד,ביחד בראשות נפתלי בנט,15,11.2,7.1,1,2026-09-02
4115,מדגם,חדשות 12,2026-08-31,2026-08-31,506,mixed,scenario,4,"ואילו הבחירות לכנסת היו מתקיימות היום, ומפלגות 'הציונות הדתית' של בצלאל סמוטריץ' ו'עוצמה יהודית' של איתמר בן גביר היו מתמודדות ברשימה אחת, ובנוסף יואב סגלוביץ' יצטרף למפלגת רע""ם בראשות מנסור עבאס, ויתר המפלגות ללא שינוי, לאיזו מפלגה היית מצביע?",עוצמה יהודית,הציונות הדתית בראשות בצלאל סמוטריץ' ועוצמה יהודית בראשות איתמר בן גביר,11,8.2,7.1,1,2026-09-02
4115,מדגם,חדשות 12,2026-08-31,2026-08-31,506,mixed,scenario,4,"ואילו הבחירות לכנסת היו מתקיימות היום, ומפלגות 'הציונות הדתית' של בצלאל סמוטריץ' ו'עוצמה יהודית' של איתמר בן גביר היו מתמודדות ברשימה אחת, ובנוסף יואב סגלוביץ' יצטרף למפלגת רע""ם בראשות מנסור עבאס, ויתר המפלגות ללא שינוי, לאיזו מפלגה היית מצביע?",הדמוקרטים,הדמוקרטים בראשות יאיר גולן,11,8.1,7.1,1,2026-09-02
4115,מדגם,חדשות 12,2026-08-31,2026-08-31,506,mixed,scenario,4,"ואילו הבחירות לכנסת היו מתקיימות היום, ומפלגות 'הציונות הדתית' של בצלאל סמוטריץ' ו'עוצמה יהודית' של איתמר בן גביר היו מתמודדות ברשימה אחת, ובנוסף יואב סגלוביץ' יצטרף למפלגת רע""ם בראשות מנסור עבאס, ויתר המפלגות ללא שינוי, לאיזו מפלגה היית מצביע?",ישראל ביתנו,ישראל ביתנו בראשות אביגדור ליברמן,9,6.6,7.1,1,2026-09-02
4115,מדגם,חדשות 12,2026-08-31,2026-08-31,506,mixed,scenario,4,"ואילו הבחירות לכנסת היו מתקיימות היום, ומפלגות 'הציונות הדתית' של בצלאל סמוטריץ' ו'עוצמה יהודית' של איתמר בן גביר היו מתמודדות ברשימה אחת, ובנוסף יואב סגלוביץ' יצטרף למפלגת רע""ם בראשות מנסור עבאס, ויתר המפלגות ללא שינוי, לאיזו מפלגה היית מצביע?",יהדות התורה,יהדות התורה בראשות משה גפני,8,6.0,7.1,1,2026-09-02
4115,מדגם,חדשות 12,2026-08-31,2026-08-31,506,mixed,scenario,4,"ואילו הבחירות לכנסת היו מתקיימות היום, ומפלגות 'הציונות הדתית' של בצלאל סמוטריץ' ו'עוצמה יהודית' של איתמר בן גביר היו מתמודדות ברשימה אחת, ובנוסף יואב סגלוביץ' יצטרף למפלגת רע""ם בראשות מנסור עבאס, ויתר המפלגות ללא שינוי, לאיזו מפלגה היית מצביע?","ש""ס","ש""ס בראשות אריה דרעי",7,5.3,7.1,1,2026-09-02
4115,מדגם,חדשות 12,2026-08-31,2026-08-31,506,mixed,scenario,4,"ואילו הבחירות לכנסת היו מתקיימות היום, ומפלגות 'הציונות הדתית' של בצלאל סמוטריץ' ו'עוצמה יהודית' של איתמר בן גביר היו מתמודדות ברשימה אחת, ובנוסף יואב סגלוביץ' יצטרף למפלגת רע""ם בראשות מנסור עבאס, ויתר המפלגות ללא שינוי, לאיזו מפלגה היית מצביע?",הרשימה המשותפת,"הרשימה המשותפת (חד""ש, תע""ל, בל""ד) בראשות יוסף ג'בארין",7,5.1,7.1,1,2026-09-02
4115,מדגם,חדשות 12,2026-08-31,2026-08-31,506,mixed,scenario,4,"ואילו הבחירות לכנסת היו מתקיימות היום, ומפלגות 'הציונות הדתית' של בצלאל סמוטריץ' ו'עוצמה יהודית' של איתמר בן גביר היו מתמודדות ברשימה אחת, ובנוסף יואב סגלוביץ' יצטרף למפלגת רע""ם בראשות מנסור עבאס, ויתר המפלגות ללא שינוי, לאיזו מפלגה היית מצביע?","רע""ם","הרשימה הערבית המאוחדת - רע""ם בראשות מנסור עבאס עם יואב סגלוביץ'",4,3.3,7.1,1,2026-09-02
4115,מדגם,חדשות 12,2026-08-31,2026-08-31,506,mixed,scenario,4,"ואילו הבחירות לכנסת היו מתקיימות היום, ומפלגות 'הציונות הדתית' של בצלאל סמוטריץ' ו'עוצמה יהודית' של איתמר בן גביר היו מתמודדות ברשימה אחת, ובנוסף יואב סגלוביץ' יצטרף למפלגת רע""ם בראשות מנסור עבאס, ויתר המפלגות ללא שינוי, לאיזו מפלגה היית מצביע?",עמך ישראל,עמך ישראל בראשות עופר וינטר,4,3.3,7.1,1,2026-09-02
4115,מדגם,חדשות 12,2026-08-31,2026-08-31,506,mixed,scenario,4,"ואילו הבחירות לכנסת היו מתקיימות היום, ומפלגות 'הציונות הדתית' של בצלאל סמוטריץ' ו'עוצמה יהודית' של איתמר בן גביר היו מתמודדות ברשימה אחת, ובנוסף יואב סגלוביץ' יצטרף למפלגת רע""ם בראשות מנסור עבאס, ויתר המפלגות ללא שינוי, לאיזו מפלגה היית מצביע?",בית ציוני,בית ציוני - המילואימניקים בראשות חילי טרופר ויועז הנדל,0,2.2,7.1,1,2026-09-02
4115,מדגם,חדשות 12,2026-08-31,2026-08-31,506,mixed,scenario,4,"ואילו הבחירות לכנסת היו מתקיימות היום, ומפלגות 'הציונות הדתית' של בצלאל סמוטריץ' ו'עוצמה יהודית' של איתמר בן גביר היו מתמודדות ברשימה אחת, ובנוסף יואב סגלוביץ' יצטרף למפלגת רע""ם בראשות מנסור עבאס, ויתר המפלגות ללא שינוי, לאיזו מפלגה היית מצביע?",זהות,זהות בראשות משה פייגלין,0,1.6,7.1,1,2026-09-02
4115,מדגם,חדשות 12,2026-08-31,2026-08-31,506,mixed,scenario,4,"ואילו הבחירות לכנסת היו מתקיימות היום, ומפלגות 'הציונות הדתית' של בצלאל סמוטריץ' ו'עוצמה יהודית' של איתמר בן גביר היו מתמודדות ברשימה אחת, ובנוסף יואב סגלוביץ' יצטרף למפלגת רע""ם בראשות מנסור עבאס, ויתר המפלגות ללא שינוי, לאיזו מפלגה היית מצביע?",האחדות,האחדות בראשות גלעד ארדן,0,1.5,7.1,1,2026-09-02
4115,מדגם,חדשות 12,2026-08-31,2026-08-31,506,mixed,scenario,4,"ואילו הבחירות לכנסת היו מתקיימות היום, ומפלגות 'הציונות הדתית' של בצלאל סמוטריץ' ו'עוצמה יהודית' של איתמר בן גביר היו מתמודדות ברשימה אחת, ובנוסף יואב סגלוביץ' יצטרף למפלגת רע""ם בראשות מנסור עבאס, ויתר המפלגות ללא שינוי, לאיזו מפלגה היית מצביע?",הכלכלית החדשה,הכלכלית החדשה בראשות ירון זליכה,0,1.5,7.1,1,2026-09-02
4115,מדגם,חדשות 12,2026-08-31,2026-08-31,506,mixed,scenario,4,"ואילו הבחירות לכנסת היו מתקיימות היום, ומפלגות 'הציונות הדתית' של בצלאל סמוטריץ' ו'עוצמה יהודית' של איתמר בן גביר היו מתמודדות ברשימה אחת, ובנוסף יואב סגלוביץ' יצטרף למפלגת רע""ם בראשות מנסור עבאס, ויתר המפלגות ללא שינוי, לאיזו מפלגה היית מצביע?",הציבור החרדי,הציבור החרדי בראשות מוטי לייטנר,0,1.4,7.1,1,2026-09-02
4115,מדגם,חדשות 12,2026-08-31,2026-08-31,506,mixed,scenario,4,"ואילו הבחירות לכנסת היו מתקיימות היום, ומפלגות 'הציונות הדתית' של בצלאל סמוטריץ' ו'עוצמה יהודית' של איתמר בן גביר היו מתמודדות ברשימה אחת, ובנוסף יואב סגלוביץ' יצטרף למפלגת רע""ם בראשות מנסור עבאס, ויתר המפלגות ללא שינוי, לאיזו מפלגה היית מצביע?",כחול לבן,כחול לבן בראשות בני גנץ,0,1.2,7.1,1,2026-09-02
4124,דיאלוג,ידיעות אחרונות / ynet,2026-08-31,2026-09-01,508,internet,main,8,"כפי שמפורסם בשעות אלה בתקשורת, מפלגת ""הציונות הדתית"" בראשות בצלאל סמוטריץ' תתאחד ותרוץ ביחד עם מפלגת ""זהות"" בראשות משה פייגלין. אם הבחירות היו מתקיימות היום, לאיזו מפלגה היית מצביע במצב הזה?",הציונות הדתית,רשימה מאוחדת של הציונות הדתית בראשות סמוטריץ' וזהות בראשות פייגלין,,30.0,13.0,0,2026-09-07
4124,דיאלוג,ידיעות אחרונות / ynet,2026-08-31,2026-09-01,508,internet,main,8,"כפי שמפורסם בשעות אלה בתקשורת, מפלגת ""הציונות הדתית"" בראשות בצלאל סמוטריץ' תתאחד ותרוץ ביחד עם מפלגת ""זהות"" בראשות משה פייגלין. אם הבחירות היו מתקיימות היום, לאיזו מפלגה היית מצביע במצב הזה?",הליכוד,הליכוד בראשות בנימין נתניהו,,17.0,13.0,0,2026-09-07
4124,דיאלוג,ידיעות אחרונות / ynet,2026-08-31,2026-09-01,508,internet,main,8,"כפי שמפורסם בשעות אלה בתקשורת, מפלגת ""הציונות הדתית"" בראשות בצלאל סמוטריץ' תתאחד ותרוץ ביחד עם מפלגת ""זהות"" בראשות משה פייגלין. אם הבחירות היו מתקיימות היום, לאיזו מפלגה היית מצביע במצב הזה?",עוצמה יהודית,עוצמה יהודית בראשות איתמר בן גביר,,12.0,13.0,0,2026-09-07
4124,דיאלוג,ידיעות אחרונות / ynet,2026-08-31,2026-09-01,508,internet,main,8,"כפי שמפורסם בשעות אלה בתקשורת, מפלגת ""הציונות הדתית"" בראשות בצלאל סמוטריץ' תתאחד ותרוץ ביחד עם מפלגת ""זהות"" בראשות משה פייגלין. אם הבחירות היו מתקיימות היום, לאיזו מפלגה היית מצביע במצב הזה?",עמך ישראל,עמך ישראל בראשות עפר וינטר,,6.0,13.0,0,2026-09-07
4124,דיאלוג,ידיעות אחרונות / ynet,2026-08-31,2026-09-01,508,internet,main,8,"כפי שמפורסם בשעות אלה בתקשורת, מפלגת ""הציונות הדתית"" בראשות בצלאל סמוטריץ' תתאחד ותרוץ ביחד עם מפלגת ""זהות"" בראשות משה פייגלין. אם הבחירות היו מתקיימות היום, לאיזו מפלגה היית מצביע במצב הזה?","ש""ס","ש""ס בראשות אריה דרעי",,4.0,13.0,0,2026-09-07
4124,דיאלוג,ידיעות אחרונות / ynet,2026-08-31,2026-09-01,508,internet,main,8,"כפי שמפורסם בשעות אלה בתקשורת, מפלגת ""הציונות הדתית"" בראשות בצלאל סמוטריץ' תתאחד ותרוץ ביחד עם מפלגת ""זהות"" בראשות משה פייגלין. אם הבחירות היו מתקיימות היום, לאיזו מפלגה היית מצביע במצב הזה?",ישר,ישר! בראשות גדי איזנקוט,,4.0,13.0,0,2026-09-07
4124,דיאלוג,ידיעות אחרונות / ynet,2026-08-31,2026-09-01,508,internet,main,8,"כפי שמפורסם בשעות אלה בתקשורת, מפלגת ""הציונות הדתית"" בראשות בצלאל סמוטריץ' תתאחד ותרוץ ביחד עם מפלגת ""זהות"" בראשות משה פייגלין. אם הבחירות היו מתקיימות היום, לאיזו מפלגה היית מצביע במצב הזה?",ביחד,ביחד בראשות נפתלי בנט,,3.0,13.0,0,2026-09-07
4124,דיאלוג,ידיעות אחרונות / ynet,2026-08-31,2026-09-01,508,internet,main,8,"כפי שמפורסם בשעות אלה בתקשורת, מפלגת ""הציונות הדתית"" בראשות בצלאל סמוטריץ' תתאחד ותרוץ ביחד עם מפלגת ""זהות"" בראשות משה פייגלין. אם הבחירות היו מתקיימות היום, לאיזו מפלגה היית מצביע במצב הזה?",בית ציוני,בית ציוני – המילואימניקים (יועז הנדל / חילי טרופר),,3.0,13.0,0,2026-09-07
4124,דיאלוג,ידיעות אחרונות / ynet,2026-08-31,2026-09-01,508,internet,main,8,"כפי שמפורסם בשעות אלה בתקשורת, מפלגת ""הציונות הדתית"" בראשות בצלאל סמוטריץ' תתאחד ותרוץ ביחד עם מפלגת ""זהות"" בראשות משה פייגלין. אם הבחירות היו מתקיימות היום, לאיזו מפלגה היית מצביע במצב הזה?",האחדות,האחדות בראשות גלעד ארדן,,2.0,13.0,0,2026-09-07
4124,דיאלוג,ידיעות אחרונות / ynet,2026-08-31,2026-09-01,508,internet,main,8,"כפי שמפורסם בשעות אלה בתקשורת, מפלגת ""הציונות הדתית"" בראשות בצלאל סמוטריץ' תתאחד ותרוץ ביחד עם מפלגת ""זהות"" בראשות משה פייגלין. אם הבחירות היו מתקיימות היום, לאיזו מפלגה היית מצביע במצב הזה?",נעם,נעם בראשות אבי מעוז,,1.0,13.0,0,2026-09-07
4124,דיאלוג,ידיעות אחרונות / ynet,2026-08-31,2026-09-01,508,internet,main,8,"כפי שמפורסם בשעות אלה בתקשורת, מפלגת ""הציונות הדתית"" בראשות בצלאל סמוטריץ' תתאחד ותרוץ ביחד עם מפלגת ""זהות"" בראשות משה פייגלין. אם הבחירות היו מתקיימות היום, לאיזו מפלגה היית מצביע במצב הזה?",ישראל ביתנו,ישראל ביתנו בראשות אביגדור ליברמן,,1.0,13.0,0,2026-09-07
4124,דיאלוג,ידיעות אחרונות / ynet,2026-08-31,2026-09-01,508,internet,main,8,"כפי שמפורסם בשעות אלה בתקשורת, מפלגת ""הציונות הדתית"" בראשות בצלאל סמוטריץ' תתאחד ותרוץ ביחד עם מפלגת ""זהות"" בראשות משה פייגלין. אם הבחירות היו מתקיימות היום, לאיזו מפלגה היית מצביע במצב הזה?",כחול לבן,כחול לבן בראשות בני גנץ,,1.0,13.0,0,2026-09-07
4124,דיאלוג,ידיעות אחרונות / ynet,2026-08-31,2026-09-01,508,internet,main,8,"כפי שמפורסם בשעות אלה בתקשורת, מפלגת ""הציונות הדתית"" בראשות בצלאל סמוטריץ' תתאחד ותרוץ ביחד עם מפלגת ""זהות"" בראשות משה פייגלין. אם הבחירות היו מתקיימות היום, לאיזו מפלגה היית מצביע במצב הזה?",יהדות התורה,יהדות התורה בראשות משה גפני,,0.0,13.0,0,2026-09-07
4124,דיאלוג,ידיעות אחרונות / ynet,2026-08-31,2026-09-01,508,internet,main,8,"כפי שמפורסם בשעות אלה בתקשורת, מפלגת ""הציונות הדתית"" בראשות בצלאל סמוטריץ' תתאחד ותרוץ ביחד עם מפלגת ""זהות"" בראשות משה פייגלין. אם הבחירות היו מתקיימות היום, לאיזו מפלגה היית מצביע במצב הזה?",הדמוקרטים,הדמוקרטים בראשות יאיר גולן,,0.0,13.0,0,2026-09-07
4126,אפקאר מחקרים וידע,פרסום נצרת- משעור וו,2026-08-27,2026-09-01,815,mixed,main,1,"אם הבחירות לכנסת היו מתקיימות היום, לאיזו מפלגה היית מצביע/ה?",הרשימה המשותפת,"המשותפת המשולשת (חד""ש+ בל""ד+ תע""ל) בראשות יוסף גבארין",9,38.0,12.0,0,2026-09-07
4126,אפקאר מחקרים וידע,פרסום נצרת- משעור וו,2026-08-27,2026-09-01,815,mixed,main,1,"אם הבחירות לכנסת היו מתקיימות היום, לאיזו מפלגה היית מצביע/ה?","רע""ם","רע""ם בראשות מנסור עבאס",5,19.0,12.0,0,2026-09-07
4126,אפקאר מחקרים וידע,פרסום נצרת- משעור וו,2026-08-27,2026-09-01,815,mixed,main,1,"אם הבחירות לכנסת היו מתקיימות היום, לאיזו מפלגה היית מצביע/ה?",מקום לכולנו,מקום לכולנו בראשות רולא דאוד ואלון-לי גרין,1.6,7.0,12.0,0,2026-09-07
4126,אפקאר מחקרים וידע,פרסום נצרת- משעור וו,2026-08-27,2026-09-01,815,mixed,main,1,"אם הבחירות לכנסת היו מתקיימות היום, לאיזו מפלגה היית מצביע/ה?",הדמוקרטים,הדמוקרטים בראשות יאיר גולן,1.1,5.0,12.0,0,2026-09-07
4126,אפקאר מחקרים וידע,פרסום נצרת- משעור וו,2026-08-27,2026-09-01,815,mixed,main,1,"אם הבחירות לכנסת היו מתקיימות היום, לאיזו מפלגה היית מצביע/ה?",הליכוד,הליכוד בראשות בנימין נתניהו,0.63,3.0,12.0,0,2026-09-07
4126,אפקאר מחקרים וידע,פרסום נצרת- משעור וו,2026-08-27,2026-09-01,815,mixed,main,1,"אם הבחירות לכנסת היו מתקיימות היום, לאיזו מפלגה היית מצביע/ה?",ביחד,ביחד בראשות בנט ולפיד,0.45,2.0,12.0,0,2026-09-07
4126,אפקאר מחקרים וידע,פרסום נצרת- משעור וו,2026-08-27,2026-09-01,815,mixed,main,1,"אם הבחירות לכנסת היו מתקיימות היום, לאיזו מפלגה היית מצביע/ה?",ישר,ישר! בראשות גדי אייזנקוט,0.45,2.0,12.0,0,2026-09-07
4126,אפקאר מחקרים וידע,פרסום נצרת- משעור וו,2026-08-27,2026-09-01,815,mixed,main,1,"אם הבחירות לכנסת היו מתקיימות היום, לאיזו מפלגה היית מצביע/ה?",ישראל ביתנו,ישראל ביתנו בראשות אביגדור ליברמן,0.23,1.0,12.0,0,2026-09-07
4126,אפקאר מחקרים וידע,פרסום נצרת- משעור וו,2026-08-27,2026-09-01,815,mixed,main,1,"אם הבחירות לכנסת היו מתקיימות היום, לאיזו מפלגה היית מצביע/ה?",כחול לבן,המחנה הממלכתי בראשות בני גנץ,0.03,0.0,12.0,0,2026-09-07
4126,אפקאר מחקרים וידע,פרסום נצרת- משעור וו,2026-08-27,2026-09-01,815,mixed,main,1,"אם הבחירות לכנסת היו מתקיימות היום, לאיזו מפלגה היית מצביע/ה?",הציונות הדתית,הציונות הדתית בראשות בצלאל סמוטריץ',0,0.0,12.0,0,2026-09-07
4126,אפקאר מחקרים וידע,פרסום נצרת- משעור וו,2026-08-27,2026-09-01,815,mixed,main,1,"אם הבחירות לכנסת היו מתקיימות היום, לאיזו מפלגה היית מצביע/ה?",עוצמה יהודית,עוצמה יהודית בראשות איתמר בן גביר,0,0.0,12.0,0,2026-09-07
4126,אפקאר מחקרים וידע,פרסום נצרת- משעור וו,2026-08-27,2026-09-01,815,mixed,main,1,"אם הבחירות לכנסת היו מתקיימות היום, לאיזו מפלגה היית מצביע/ה?",יהדות התורה,יהדות התורה בראשות יצחק גולדקנופף,0,0.0,12.0,0,2026-09-07
4126,אפקאר מחקרים וידע,פרסום נצרת- משעור וו,2026-08-27,2026-09-01,815,mixed,main,1,"אם הבחירות לכנסת היו מתקיימות היום, לאיזו מפלגה היית מצביע/ה?","ש""ס","ש""ס בראשות אריה דרעי",0,0.0,12.0,0,2026-09-07
4126,אפקאר מחקרים וידע,פרסום נצרת- משעור וו,2026-08-27,2026-09-01,815,mixed,scenario,2,"בתרחיש שבו מקום לכולנו הייתה מתמודדת בבחירות יחד עם הרשימה המשותפת, למי היית מצביע/ה?",הרשימה המשותפת,"המשותפת המשולשת עם מקום לכולנו (חד""ש+ בל""ד+ תע""ל) בראשות גבארין",12,53.0,8.0,0,2026-09-07
4126,אפקאר מחקרים וידע,פרסום נצרת- משעור וו,2026-08-27,2026-09-01,815,mixed,scenario,2,"בתרחיש שבו מקום לכולנו הייתה מתמודדת בבחירות יחד עם הרשימה המשותפת, למי היית מצביע/ה?","רע""ם","רע""ם בראשות מנסור עבאס",4,16.0,8.0,0,2026-09-07
4126,אפקאר מחקרים וידע,פרסום נצרת- משעור וו,2026-08-27,2026-09-01,815,mixed,scenario,2,"בתרחיש שבו מקום לכולנו הייתה מתמודדת בבחירות יחד עם הרשימה המשותפת, למי היית מצביע/ה?",הדמוקרטים,הדמוקרטים בראשות יאיר גולן,0.84,4.0,8.0,0,2026-09-07
4126,אפקאר מחקרים וידע,פרסום נצרת- משעור וו,2026-08-27,2026-09-01,815,mixed,scenario,2,"בתרחיש שבו מקום לכולנו הייתה מתמודדת בבחירות יחד עם הרשימה המשותפת, למי היית מצביע/ה?",הליכוד,הליכוד בראשות בנימין נתניהו,0.42,2.0,8.0,0,2026-09-07
4126,אפקאר מחקרים וידע,פרסום נצרת- משעור וו,2026-08-27,2026-09-01,815,mixed,scenario,2,"בתרחיש שבו מקום לכולנו הייתה מתמודדת בבחירות יחד עם הרשימה המשותפת, למי היית מצביע/ה?",ביחד,ביחד בראשות בנט ולפיד,0.39,2.0,8.0,0,2026-09-07
4126,אפקאר מחקרים וידע,פרסום נצרת- משעור וו,2026-08-27,2026-09-01,815,mixed,scenario,2,"בתרחיש שבו מקום לכולנו הייתה מתמודדת בבחירות יחד עם הרשימה המשותפת, למי היית מצביע/ה?",ישר,ישר! בראשות גדי אייזנקוט,0.39,2.0,8.0,0,2026-09-07
4126,אפקאר מחקרים וידע,פרסום נצרת- משעור וו,2026-08-27,2026-09-01,815,mixed,scenario,2,"בתרחיש שבו מקום לכולנו הייתה מתמודדת בבחירות יחד עם הרשימה המשותפת, למי היית מצביע/ה?",ישראל ביתנו,ישראל ביתנו בראשות אביגדור ליברמן,0.23,1.0,8.0,0,2026-09-07
4126,אפקאר מחקרים וידע,פרסום נצרת- משעור וו,2026-08-27,2026-09-01,815,mixed,scenario,2,"בתרחיש שבו מקום לכולנו הייתה מתמודדת בבחירות יחד עם הרשימה המשותפת, למי היית מצביע/ה?",כחול לבן,המחנה הממלכתי בראשות בני גנץ,0,0.0,8.0,0,2026-09-07
4126,אפקאר מחקרים וידע,פרסום נצרת- משעור וו,2026-08-27,2026-09-01,815,mixed,scenario,2,"בתרחיש שבו מקום לכולנו הייתה מתמודדת בבחירות יחד עם הרשימה המשותפת, למי היית מצביע/ה?",הציונות הדתית,הציונות הדתית בראשות בצלאל סמוטריץ',0,0.0,8.0,0,2026-09-07
4126,אפקאר מחקרים וידע,פרסום נצרת- משעור וו,2026-08-27,2026-09-01,815,mixed,scenario,2,"בתרחיש שבו מקום לכולנו הייתה מתמודדת בבחירות יחד עם הרשימה המשותפת, למי היית מצביע/ה?",עוצמה יהודית,עוצמה יהודית בראשות איתמר בן גביר,0,0.0,8.0,0,2026-09-07
4126,אפקאר מחקרים וידע,פרסום נצרת- משעור וו,2026-08-27,2026-09-01,815,mixed,scenario,2,"בתרחיש שבו מקום לכולנו הייתה מתמודדת בבחירות יחד עם הרשימה המשותפת, למי היית מצביע/ה?",יהדות התורה,יהדות התורה בראשות יצחק גולדקנופף,0,0.0,8.0,0,2026-09-07
4126,אפקאר מחקרים וידע,פרסום נצרת- משעור וו,2026-08-27,2026-09-01,815,mixed,scenario,2,"בתרחיש שבו מקום לכולנו הייתה מתמודדת בבחירות יחד עם הרשימה המשותפת, למי היית מצביע/ה?","ש""ס","ש""ס בראשות אריה דרעי",0,0.0,8.0,0,2026-09-07
4126,אפקאר מחקרים וידע,פרסום נצרת- משעור וו,2026-08-27,2026-09-01,815,mixed,scenario,3,"בתרחיש בו מקום לכולנו הייתה מתמודדת בבחירות ביחד עם הרשימה הערבית המאוחדת בראשות מנסור עבאס, למי היית מצביע/ה?",הרשימה המשותפת,"המשותפת המשולשת (חד""ש+ בל""ד+ תע""ל) בראשות יוסף גבארין",9,40.0,11.0,0,2026-09-07
4126,אפקאר מחקרים וידע,פרסום נצרת- משעור וו,2026-08-27,2026-09-01,815,mixed,scenario,3,"בתרחיש בו מקום לכולנו הייתה מתמודדת בבחירות ביחד עם הרשימה הערבית המאוחדת בראשות מנסור עבאס, למי היית מצביע/ה?","רע""ם","רע""ם עם מקום לכולנו בראשות מנסור עבאס",7,26.0,11.0,0,2026-09-07
4126,אפקאר מחקרים וידע,פרסום נצרת- משעור וו,2026-08-27,2026-09-01,815,mixed,scenario,3,"בתרחיש בו מקום לכולנו הייתה מתמודדת בבחירות ביחד עם הרשימה הערבית המאוחדת בראשות מנסור עבאס, למי היית מצביע/ה?",הדמוקרטים,הדמוקרטים בראשות יאיר גולן,0.9,4.0,11.0,0,2026-09-07
4126,אפקאר מחקרים וידע,פרסום נצרת- משעור וו,2026-08-27,2026-09-01,815,mixed,scenario,3,"בתרחיש בו מקום לכולנו הייתה מתמודדת בבחירות ביחד עם הרשימה הערבית המאוחדת בראשות מנסור עבאס, למי היית מצביע/ה?",ביחד,ביחד בראשות בנט ולפיד,0.5,2.0,11.0,0,2026-09-07
4126,אפקאר מחקרים וידע,פרסום נצרת- משעור וו,2026-08-27,2026-09-01,815,mixed,scenario,3,"בתרחיש בו מקום לכולנו הייתה מתמודדת בבחירות ביחד עם הרשימה הערבית המאוחדת בראשות מנסור עבאס, למי היית מצביע/ה?",הליכוד,הליכוד בראשות בנימין נתניהו,0.5,2.0,11.0,0,2026-09-07
4126,אפקאר מחקרים וידע,פרסום נצרת- משעור וו,2026-08-27,2026-09-01,815,mixed,scenario,3,"בתרחיש בו מקום לכולנו הייתה מתמודדת בבחירות ביחד עם הרשימה הערבית המאוחדת בראשות מנסור עבאס, למי היית מצביע/ה?",ישר,ישר! בראשות גדי אייזנקוט,0.4,2.0,11.0,0,2026-09-07
4126,אפקאר מחקרים וידע,פרסום נצרת- משעור וו,2026-08-27,2026-09-01,815,mixed,scenario,3,"בתרחיש בו מקום לכולנו הייתה מתמודדת בבחירות ביחד עם הרשימה הערבית המאוחדת בראשות מנסור עבאס, למי היית מצביע/ה?",ישראל ביתנו,ישראל ביתנו בראשות אביגדור ליברמן,0.2,1.0,11.0,0,2026-09-07
4126,אפקאר מחקרים וידע,פרסום נצרת- משעור וו,2026-08-27,2026-09-01,815,mixed,scenario,3,"בתרחיש בו מקום לכולנו הייתה מתמודדת בבחירות ביחד עם הרשימה הערבית המאוחדת בראשות מנסור עבאס, למי היית מצביע/ה?","ש""ס","ש""ס בראשות אריה דרעי",0.1,0.0,11.0,0,2026-09-07
4126,אפקאר מחקרים וידע,פרסום נצרת- משעור וו,2026-08-27,2026-09-01,815,mixed,scenario,3,"בתרחיש בו מקום לכולנו הייתה מתמודדת בבחירות ביחד עם הרשימה הערבית המאוחדת בראשות מנסור עבאס, למי היית מצביע/ה?",כחול לבן,המחנה הממלכתי בראשות בני גנץ,0,0.0,11.0,0,2026-09-07
4126,אפקאר מחקרים וידע,פרסום נצרת- משעור וו,2026-08-27,2026-09-01,815,mixed,scenario,3,"בתרחיש בו מקום לכולנו הייתה מתמודדת בבחירות ביחד עם הרשימה הערבית המאוחדת בראשות מנסור עבאס, למי היית מצביע/ה?",הציונות הדתית,הציונות הדתית בראשות בצלאל סמוטריץ',0,0.0,11.0,0,2026-09-07
4126,אפקאר מחקרים וידע,פרסום נצרת- משעור וו,2026-08-27,2026-09-01,815,mixed,scenario,3,"בתרחיש בו מקום לכולנו הייתה מתמודדת בבחירות ביחד עם הרשימה הערבית המאוחדת בראשות מנסור עבאס, למי היית מצביע/ה?",עוצמה יהודית,עוצמה יהודית בראשות איתמר בן גביר,0,0.0,11.0,0,2026-09-07
4116,דיירקט פולס,i24NEWS,2026-09-02,2026-09-02,522,internet,main,1,"אילו הבחירות לכנסת היו מתקיימות היום, למי הייתם מצביעים?",הליכוד,הליכוד,27,21.2,,1,2026-09-03
4116,דיירקט פולס,i24NEWS,2026-09-02,2026-09-02,522,internet,main,1,"אילו הבחירות לכנסת היו מתקיימות היום, למי הייתם מצביעים?",ישר,ישר,23,18.6,,1,2026-09-03
4116,דיירקט פולס,i24NEWS,2026-09-02,2026-09-02,522,internet,main,1,"אילו הבחירות לכנסת היו מתקיימות היום, למי הייתם מצביעים?",הדמוקרטים,הדמוקרטים,9,7.1,,1,2026-09-03
4116,דיירקט פולס,i24NEWS,2026-09-02,2026-09-02,522,internet,main,1,"אילו הבחירות לכנסת היו מתקיימות היום, למי הייתם מצביעים?",ביחד,ביחד,9,7.0,,1,2026-09-03
4116,דיירקט פולס,i24NEWS,2026-09-02,2026-09-02,522,internet,main,1,"אילו הבחירות לכנסת היו מתקיימות היום, למי הייתם מצביעים?",יהדות התורה,יהדות התורה,8,6.4,,1,2026-09-03
4116,דיירקט פולס,i24NEWS,2026-09-02,2026-09-02,522,internet,main,1,"אילו הבחירות לכנסת היו מתקיימות היום, למי הייתם מצביעים?",הרשימה המשותפת,הרשימה המשותפת,7,5.7,,1,2026-09-03
4116,דיירקט פולס,i24NEWS,2026-09-02,2026-09-02,522,internet,main,1,"אילו הבחירות לכנסת היו מתקיימות היום, למי הייתם מצביעים?",עוצמה יהודית,עוצמה יהודית,7,5.7,,1,2026-09-03
4116,דיירקט פולס,i24NEWS,2026-09-02,2026-09-02,522,internet,main,1,"אילו הבחירות לכנסת היו מתקיימות היום, למי הייתם מצביעים?","ש""ס","ש""ס",7,5.6,,1,2026-09-03
4116,דיירקט פולס,i24NEWS,2026-09-02,2026-09-02,522,internet,main,1,"אילו הבחירות לכנסת היו מתקיימות היום, למי הייתם מצביעים?",ישראל ביתנו,ישראל ביתנו,7,5.4,,1,2026-09-03
4116,דיירקט פולס,i24NEWS,2026-09-02,2026-09-02,522,internet,main,1,"אילו הבחירות לכנסת היו מתקיימות היום, למי הייתם מצביעים?",הציונות הדתית,הציונות הדתית וזהות,6,4.9,,1,2026-09-03
4116,דיירקט פולס,i24NEWS,2026-09-02,2026-09-02,522,internet,main,1,"אילו הבחירות לכנסת היו מתקיימות היום, למי הייתם מצביעים?","רע""ם","רע""ם",5,4.2,,1,2026-09-03
4116,דיירקט פולס,i24NEWS,2026-09-02,2026-09-02,522,internet,main,1,"אילו הבחירות לכנסת היו מתקיימות היום, למי הייתם מצביעים?",עמך ישראל,עמך ישראל,5,4.1,,1,2026-09-03
4116,דיירקט פולס,i24NEWS,2026-09-02,2026-09-02,522,internet,scenario,2,"אם עופר וינטר ומפלגתו יתאחדו עם הציונות הדתית וזהות למפלגה בשם 'איחוד מפלגות הימין' בראשות סמוטריץ', ומנגד טלי גוטליב תעבור לעוצמה יהודית, למי תצביעו?",הליכוד,הליכוד,26,20.9,,1,2026-09-03
4116,דיירקט פולס,i24NEWS,2026-09-02,2026-09-02,522,internet,scenario,2,"אם עופר וינטר ומפלגתו יתאחדו עם הציונות הדתית וזהות למפלגה בשם 'איחוד מפלגות הימין' בראשות סמוטריץ', ומנגד טלי גוטליב תעבור לעוצמה יהודית, למי תצביעו?",ישר,ישר,23,18.6,,1,2026-09-03
4116,דיירקט פולס,i24NEWS,2026-09-02,2026-09-02,522,internet,scenario,2,"אם עופר וינטר ומפלגתו יתאחדו עם הציונות הדתית וזהות למפלגה בשם 'איחוד מפלגות הימין' בראשות סמוטריץ', ומנגד טלי גוטליב תעבור לעוצמה יהודית, למי תצביעו?",הציונות הדתית,איחוד מפלגות הימין,11,8.6,,1,2026-09-03
4116,דיירקט פולס,i24NEWS,2026-09-02,2026-09-02,522,internet,scenario,2,"אם עופר וינטר ומפלגתו יתאחדו עם הציונות הדתית וזהות למפלגה בשם 'איחוד מפלגות הימין' בראשות סמוטריץ', ומנגד טלי גוטליב תעבור לעוצמה יהודית, למי תצביעו?",הדמוקרטים,הדמוקרטים,9,7.1,,1,2026-09-03
4116,דיירקט פולס,i24NEWS,2026-09-02,2026-09-02,522,internet,scenario,2,"אם עופר וינטר ומפלגתו יתאחדו עם הציונות הדתית וזהות למפלגה בשם 'איחוד מפלגות הימין' בראשות סמוטריץ', ומנגד טלי גוטליב תעבור לעוצמה יהודית, למי תצביעו?",ביחד,ביחד,9,7.0,,1,2026-09-03
4116,דיירקט פולס,i24NEWS,2026-09-02,2026-09-02,522,internet,scenario,2,"אם עופר וינטר ומפלגתו יתאחדו עם הציונות הדתית וזהות למפלגה בשם 'איחוד מפלגות הימין' בראשות סמוטריץ', ומנגד טלי גוטליב תעבור לעוצמה יהודית, למי תצביעו?",יהדות התורה,יהדות התורה,8,6.4,,1,2026-09-03
4116,דיירקט פולס,i24NEWS,2026-09-02,2026-09-02,522,internet,scenario,2,"אם עופר וינטר ומפלגתו יתאחדו עם הציונות הדתית וזהות למפלגה בשם 'איחוד מפלגות הימין' בראשות סמוטריץ', ומנגד טלי גוטליב תעבור לעוצמה יהודית, למי תצביעו?",עוצמה יהודית,עוצמה יהודית,8,6.2,,1,2026-09-03
4116,דיירקט פולס,i24NEWS,2026-09-02,2026-09-02,522,internet,scenario,2,"אם עופר וינטר ומפלגתו יתאחדו עם הציונות הדתית וזהות למפלגה בשם 'איחוד מפלגות הימין' בראשות סמוטריץ', ומנגד טלי גוטליב תעבור לעוצמה יהודית, למי תצביעו?",הרשימה המשותפת,הרשימה המשותפת,7,5.7,,1,2026-09-03
4116,דיירקט פולס,i24NEWS,2026-09-02,2026-09-02,522,internet,scenario,2,"אם עופר וינטר ומפלגתו יתאחדו עם הציונות הדתית וזהות למפלגה בשם 'איחוד מפלגות הימין' בראשות סמוטריץ', ומנגד טלי גוטליב תעבור לעוצמה יהודית, למי תצביעו?",ישראל ביתנו,ישראל ביתנו,7,5.7,,1,2026-09-03
4116,דיירקט פולס,i24NEWS,2026-09-02,2026-09-02,522,internet,scenario,2,"אם עופר וינטר ומפלגתו יתאחדו עם הציונות הדתית וזהות למפלגה בשם 'איחוד מפלגות הימין' בראשות סמוטריץ', ומנגד טלי גוטליב תעבור לעוצמה יהודית, למי תצביעו?","ש""ס","ש""ס",7,5.6,,1,2026-09-03
4116,דיירקט פולס,i24NEWS,2026-09-02,2026-09-02,522,internet,scenario,2,"אם עופר וינטר ומפלגתו יתאחדו עם הציונות הדתית וזהות למפלגה בשם 'איחוד מפלגות הימין' בראשות סמוטריץ', ומנגד טלי גוטליב תעבור לעוצמה יהודית, למי תצביעו?","רע""ם","רע""ם",5,4.2,,1,2026-09-03
4117,מאגר מוחות,ערוץ 16,2026-09-01,2026-09-02,552,mixed,main,1,"אם הבחירות לכנסת היו מתקיימות היום, לאיזו מפלגה היית מצביע? (הצגה ברוטציה)",ישר,"מפלגת ""ישר!"" בראשות גדי איזנקוט",20,15.0,4.0,1,2026-09-03
4117,מאגר מוחות,ערוץ 16,2026-09-01,2026-09-02,552,mixed,main,1,"אם הבחירות לכנסת היו מתקיימות היום, לאיזו מפלגה היית מצביע? (הצגה ברוטציה)",הליכוד,הליכוד בראשות בנימין נתניהו,19,14.0,4.0,1,2026-09-03
4117,מאגר מוחות,ערוץ 16,2026-09-01,2026-09-02,552,mixed,main,1,"אם הבחירות לכנסת היו מתקיימות היום, לאיזו מפלגה היית מצביע? (הצגה ברוטציה)",ביחד,"מפלגת ""ביחד"", בראשות נפתלי בנט",18,13.0,4.0,1,2026-09-03
4117,מאגר מוחות,ערוץ 16,2026-09-01,2026-09-02,552,mixed,main,1,"אם הבחירות לכנסת היו מתקיימות היום, לאיזו מפלגה היית מצביע? (הצגה ברוטציה)",הדמוקרטים,הדמוקרטים בראשות יאיר גולן,10,7.0,4.0,1,2026-09-03
4117,מאגר מוחות,ערוץ 16,2026-09-01,2026-09-02,552,mixed,main,1,"אם הבחירות לכנסת היו מתקיימות היום, לאיזו מפלגה היית מצביע? (הצגה ברוטציה)",עוצמה יהודית,עוצמה יהודית בראשות איתמר בן גביר,9,6.0,4.0,1,2026-09-03
4117,מאגר מוחות,ערוץ 16,2026-09-01,2026-09-02,552,mixed,main,1,"אם הבחירות לכנסת היו מתקיימות היום, לאיזו מפלגה היית מצביע? (הצגה ברוטציה)","ש""ס","ש""ס בראשות אריה דרעי",9,7.0,4.0,1,2026-09-03
4117,מאגר מוחות,ערוץ 16,2026-09-01,2026-09-02,552,mixed,main,1,"אם הבחירות לכנסת היו מתקיימות היום, לאיזו מפלגה היית מצביע? (הצגה ברוטציה)",יהדות התורה,יהדות התורה בראשות משה גפני,7,5.0,4.0,1,2026-09-03
4117,מאגר מוחות,ערוץ 16,2026-09-01,2026-09-02,552,mixed,main,1,"אם הבחירות לכנסת היו מתקיימות היום, לאיזו מפלגה היית מצביע? (הצגה ברוטציה)",ישראל ביתנו,ישראל ביתנו בראשות אביגדור ליברמן,7,5.0,4.0,1,2026-09-03
4117,מאגר מוחות,ערוץ 16,2026-09-01,2026-09-02,552,mixed,main,1,"אם הבחירות לכנסת היו מתקיימות היום, לאיזו מפלגה היית מצביע? (הצגה ברוטציה)",הרשימה המשותפת,הרשימה המשותפת בראשות פרופ' יוסף ג'בארין,7,5.0,4.0,1,2026-09-03
4117,מאגר מוחות,ערוץ 16,2026-09-01,2026-09-02,552,mixed,main,1,"אם הבחירות לכנסת היו מתקיימות היום, לאיזו מפלגה היית מצביע? (הצגה ברוטציה)",הציונות הדתית,"הציונות הדתית +זהות, בראשות בצלאל סמוטריץ'",5,4.0,4.0,1,2026-09-03
4117,מאגר מוחות,ערוץ 16,2026-09-01,2026-09-02,552,mixed,main,1,"אם הבחירות לכנסת היו מתקיימות היום, לאיזו מפלגה היית מצביע? (הצגה ברוטציה)",עמך ישראל,עמך ישראל בראשות עופר וינטר,5,4.0,4.0,1,2026-09-03
4117,מאגר מוחות,ערוץ 16,2026-09-01,2026-09-02,552,mixed,main,1,"אם הבחירות לכנסת היו מתקיימות היום, לאיזו מפלגה היית מצביע? (הצגה ברוטציה)","רע""ם","רע""ם בראשות מנסור עבאס",4,3.0,4.0,1,2026-09-03
4117,מאגר מוחות,ערוץ 16,2026-09-01,2026-09-02,552,mixed,main,1,"אם הבחירות לכנסת היו מתקיימות היום, לאיזו מפלגה היית מצביע? (הצגה ברוטציה)",בית ציוני,הבית הציוני בראשות יועז הנדל וחילי טרופר,0,2.0,4.0,1,2026-09-03
4117,מאגר מוחות,ערוץ 16,2026-09-01,2026-09-02,552,mixed,main,1,"אם הבחירות לכנסת היו מתקיימות היום, לאיזו מפלגה היית מצביע? (הצגה ברוטציה)",הכלכלית החדשה,המפלגה הכלכלית בראשות ירון זליכה,0,2.0,4.0,1,2026-09-03
4117,מאגר מוחות,ערוץ 16,2026-09-01,2026-09-02,552,mixed,main,1,"אם הבחירות לכנסת היו מתקיימות היום, לאיזו מפלגה היית מצביע? (הצגה ברוטציה)",האחדות,האחדות בראשות גלעד ארדן ויולי אדלשטיין,0,1.0,4.0,1,2026-09-03
4117,מאגר מוחות,ערוץ 16,2026-09-01,2026-09-02,552,mixed,main,1,"אם הבחירות לכנסת היו מתקיימות היום, לאיזו מפלגה היית מצביע? (הצגה ברוטציה)",כחול לבן,כחול לבן בראשות בני גנץ,0,1.0,4.0,1,2026-09-03
4117,מאגר מוחות,ערוץ 16,2026-09-01,2026-09-02,552,mixed,main,1,"אם הבחירות לכנסת היו מתקיימות היום, לאיזו מפלגה היית מצביע? (הצגה ברוטציה)",הציבור החרדי,"מפלגת ""הציבור החרדי"" בראשות מוטי לייטנר",0,1.0,4.0,1,2026-09-03
4117,מאגר מוחות,ערוץ 16,2026-09-01,2026-09-02,552,mixed,scenario,2,"במידה והמפלגות הבאות מתאחדות: כחול לבן בראשות גנץ + הבית הציוני בראשות הנדל וטרופר + האחדות בראשות ארדן ואדלשטיין + המפלגה הכלכלית בראשות זליכה, לאיזו מפלגה תצביע/י? (ברוטציה)",ישר,"מפלגת ""ישר!"" בראשות גדי איזנקוט",19,14.0,7.0,1,2026-09-03
4117,מאגר מוחות,ערוץ 16,2026-09-01,2026-09-02,552,mixed,scenario,2,"במידה והמפלגות הבאות מתאחדות: כחול לבן בראשות גנץ + הבית הציוני בראשות הנדל וטרופר + האחדות בראשות ארדן ואדלשטיין + המפלגה הכלכלית בראשות זליכה, לאיזו מפלגה תצביע/י? (ברוטציה)",הליכוד,הליכוד בראשות בנימין נתניהו,17,13.0,7.0,1,2026-09-03
4117,מאגר מוחות,ערוץ 16,2026-09-01,2026-09-02,552,mixed,scenario,2,"במידה והמפלגות הבאות מתאחדות: כחול לבן בראשות גנץ + הבית הציוני בראשות הנדל וטרופר + האחדות בראשות ארדן ואדלשטיין + המפלגה הכלכלית בראשות זליכה, לאיזו מפלגה תצביע/י? (ברוטציה)",ביחד,"מפלגת ""ביחד"", בראשות נפתלי בנט",14,11.0,7.0,1,2026-09-03
4117,מאגר מוחות,ערוץ 16,2026-09-01,2026-09-02,552,mixed,scenario,2,"במידה והמפלגות הבאות מתאחדות: כחול לבן בראשות גנץ + הבית הציוני בראשות הנדל וטרופר + האחדות בראשות ארדן ואדלשטיין + המפלגה הכלכלית בראשות זליכה, לאיזו מפלגה תצביע/י? (ברוטציה)",הדמוקרטים,הדמוקרטים בראשות יאיר גולן,10,7.0,7.0,1,2026-09-03
4117,מאגר מוחות,ערוץ 16,2026-09-01,2026-09-02,552,mixed,scenario,2,"במידה והמפלגות הבאות מתאחדות: כחול לבן בראשות גנץ + הבית הציוני בראשות הנדל וטרופר + האחדות בראשות ארדן ואדלשטיין + המפלגה הכלכלית בראשות זליכה, לאיזו מפלגה תצביע/י? (ברוטציה)",בית ציוני,איחוד מפלגות כחול לבן+ הבית הציוני+ האחדות+ המפלגה הכלכלית,9,7.0,7.0,1,2026-09-03
4117,מאגר מוחות,ערוץ 16,2026-09-01,2026-09-02,552,mixed,scenario,2,"במידה והמפלגות הבאות מתאחדות: כחול לבן בראשות גנץ + הבית הציוני בראשות הנדל וטרופר + האחדות בראשות ארדן ואדלשטיין + המפלגה הכלכלית בראשות זליכה, לאיזו מפלגה תצביע/י? (ברוטציה)","ש""ס","ש""ס בראשות אריה דרעי",9,7.0,7.0,1,2026-09-03
4117,מאגר מוחות,ערוץ 16,2026-09-01,2026-09-02,552,mixed,scenario,2,"במידה והמפלגות הבאות מתאחדות: כחול לבן בראשות גנץ + הבית הציוני בראשות הנדל וטרופר + האחדות בראשות ארדן ואדלשטיין + המפלגה הכלכלית בראשות זליכה, לאיזו מפלגה תצביע/י? (ברוטציה)",עוצמה יהודית,עוצמה יהודית בראשות איתמר בן גביר,8,6.0,7.0,1,2026-09-03
4117,מאגר מוחות,ערוץ 16,2026-09-01,2026-09-02,552,mixed,scenario,2,"במידה והמפלגות הבאות מתאחדות: כחול לבן בראשות גנץ + הבית הציוני בראשות הנדל וטרופר + האחדות בראשות ארדן ואדלשטיין + המפלגה הכלכלית בראשות זליכה, לאיזו מפלגה תצביע/י? (ברוטציה)",הרשימה המשותפת,הרשימה המשותפת בראשות פרופ' יוסף ג'בארין,8,6.0,7.0,1,2026-09-03
4117,מאגר מוחות,ערוץ 16,2026-09-01,2026-09-02,552,mixed,scenario,2,"במידה והמפלגות הבאות מתאחדות: כחול לבן בראשות גנץ + הבית הציוני בראשות הנדל וטרופר + האחדות בראשות ארדן ואדלשטיין + המפלגה הכלכלית בראשות זליכה, לאיזו מפלגה תצביע/י? (ברוטציה)",יהדות התורה,יהדות התורה בראשות משה גפני,7,5.0,7.0,1,2026-09-03
4117,מאגר מוחות,ערוץ 16,2026-09-01,2026-09-02,552,mixed,scenario,2,"במידה והמפלגות הבאות מתאחדות: כחול לבן בראשות גנץ + הבית הציוני בראשות הנדל וטרופר + האחדות בראשות ארדן ואדלשטיין + המפלגה הכלכלית בראשות זליכה, לאיזו מפלגה תצביע/י? (ברוטציה)",ישראל ביתנו,ישראל ביתנו בראשות אביגדור ליברמן,6,5.0,7.0,1,2026-09-03
4117,מאגר מוחות,ערוץ 16,2026-09-01,2026-09-02,552,mixed,scenario,2,"במידה והמפלגות הבאות מתאחדות: כחול לבן בראשות גנץ + הבית הציוני בראשות הנדל וטרופר + האחדות בראשות ארדן ואדלשטיין + המפלגה הכלכלית בראשות זליכה, לאיזו מפלגה תצביע/י? (ברוטציה)",הציונות הדתית,"הציונות הדתית +זהות, בראשות בצלאל סמוטריץ'",5,4.0,7.0,1,2026-09-03
4117,מאגר מוחות,ערוץ 16,2026-09-01,2026-09-02,552,mixed,scenario,2,"במידה והמפלגות הבאות מתאחדות: כחול לבן בראשות גנץ + הבית הציוני בראשות הנדל וטרופר + האחדות בראשות ארדן ואדלשטיין + המפלגה הכלכלית בראשות זליכה, לאיזו מפלגה תצביע/י? (ברוטציה)","רע""ם","רע""ם בראשות מנסור עבאס ויואב סגלוביץ'",4,3.0,7.0,1,2026-09-03
4117,מאגר מוחות,ערוץ 16,2026-09-01,2026-09-02,552,mixed,scenario,2,"במידה והמפלגות הבאות מתאחדות: כחול לבן בראשות גנץ + הבית הציוני בראשות הנדל וטרופר + האחדות בראשות ארדן ואדלשטיין + המפלגה הכלכלית בראשות זליכה, לאיזו מפלגה תצביע/י? (ברוטציה)",עמך ישראל,עמך ישראל בראשות עופר וינטר,4,3.0,7.0,1,2026-09-03
4117,מאגר מוחות,ערוץ 16,2026-09-01,2026-09-02,552,mixed,scenario,2,"במידה והמפלגות הבאות מתאחדות: כחול לבן בראשות גנץ + הבית הציוני בראשות הנדל וטרופר + האחדות בראשות ארדן ואדלשטיין + המפלגה הכלכלית בראשות זליכה, לאיזו מפלגה תצביע/י? (ברוטציה)",הציבור החרדי,"מפלגת ""הציבור החרדי"" בראשות מוטי לייטנר",0,1.0,7.0,1,2026-09-03
4118,פרויקט המדגם (רוזנר),חדשות 13,2026-09-01,2026-09-02,1034,mixed,main,1,"אם הבחירות היו מתקיימות היום, לאיזו מפלגה היית מצביע/ה?",ישר,ישר,22,,,1,2026-09-03
4118,פרויקט המדגם (רוזנר),חדשות 13,2026-09-01,2026-09-02,1034,mixed,main,1,"אם הבחירות היו מתקיימות היום, לאיזו מפלגה היית מצביע/ה?",הליכוד,ליכוד,21,,,1,2026-09-03
4118,פרויקט המדגם (רוזנר),חדשות 13,2026-09-01,2026-09-02,1034,mixed,main,1,"אם הבחירות היו מתקיימות היום, לאיזו מפלגה היית מצביע/ה?",ביחד,ביחד,12,,,1,2026-09-03
4118,פרויקט המדגם (רוזנר),חדשות 13,2026-09-01,2026-09-02,1034,mixed,main,1,"אם הבחירות היו מתקיימות היום, לאיזו מפלגה היית מצביע/ה?",הדמוקרטים,הדמוקרטים,11,,,1,2026-09-03
4118,פרויקט המדגם (רוזנר),חדשות 13,2026-09-01,2026-09-02,1034,mixed,main,1,"אם הבחירות היו מתקיימות היום, לאיזו מפלגה היית מצביע/ה?",הרשימה המשותפת,הרשימה המשותפת,9,,,1,2026-09-03
4118,פרויקט המדגם (רוזנר),חדשות 13,2026-09-01,2026-09-02,1034,mixed,main,1,"אם הבחירות היו מתקיימות היום, לאיזו מפלגה היית מצביע/ה?",יהדות התורה,יהדות התורה,8,,,1,2026-09-03
4118,פרויקט המדגם (רוזנר),חדשות 13,2026-09-01,2026-09-02,1034,mixed,main,1,"אם הבחירות היו מתקיימות היום, לאיזו מפלגה היית מצביע/ה?",ישראל ביתנו,ישראל ביתנו,8,,,1,2026-09-03
4118,פרויקט המדגם (רוזנר),חדשות 13,2026-09-01,2026-09-02,1034,mixed,main,1,"אם הבחירות היו מתקיימות היום, לאיזו מפלגה היית מצביע/ה?","ש""ס","ש""ס",7,,,1,2026-09-03
4118,פרויקט המדגם (רוזנר),חדשות 13,2026-09-01,2026-09-02,1034,mixed,main,1,"אם הבחירות היו מתקיימות היום, לאיזו מפלגה היית מצביע/ה?",עוצמה יהודית,עוצמה יהודית,7,,,1,2026-09-03
4118,פרויקט המדגם (רוזנר),חדשות 13,2026-09-01,2026-09-02,1034,mixed,main,1,"אם הבחירות היו מתקיימות היום, לאיזו מפלגה היית מצביע/ה?",הציונות הדתית,הציונות הדתית + זהות,6,,,1,2026-09-03
4118,פרויקט המדגם (רוזנר),חדשות 13,2026-09-01,2026-09-02,1034,mixed,main,1,"אם הבחירות היו מתקיימות היום, לאיזו מפלגה היית מצביע/ה?","רע""ם","רע""ם",5,,,1,2026-09-03
4118,פרויקט המדגם (רוזנר),חדשות 13,2026-09-01,2026-09-02,1034,mixed,main,1,"אם הבחירות היו מתקיימות היום, לאיזו מפלגה היית מצביע/ה?",עמך ישראל,עמך ישראל,4,,,1,2026-09-03
4118,פרויקט המדגם (רוזנר),חדשות 13,2026-09-01,2026-09-02,1034,mixed,main,1,"אם הבחירות היו מתקיימות היום, לאיזו מפלגה היית מצביע/ה?",כחול לבן,כחול לבן,0,,,1,2026-09-03
4118,פרויקט המדגם (רוזנר),חדשות 13,2026-09-01,2026-09-02,1034,mixed,main,1,"אם הבחירות היו מתקיימות היום, לאיזו מפלגה היית מצביע/ה?",בית ציוני,בית ציוני,0,,,1,2026-09-03
4118,פרויקט המדגם (רוזנר),חדשות 13,2026-09-01,2026-09-02,1034,mixed,main,1,"אם הבחירות היו מתקיימות היום, לאיזו מפלגה היית מצביע/ה?",האחדות,מפלגת האחדות,0,,,1,2026-09-03
4118,פרויקט המדגם (רוזנר),חדשות 13,2026-09-01,2026-09-02,1034,mixed,main,1,"אם הבחירות היו מתקיימות היום, לאיזו מפלגה היית מצביע/ה?",הציבור החרדי,מפלגת הציבור החרדי,0,,,1,2026-09-03
4118,פרויקט המדגם (רוזנר),חדשות 13,2026-09-01,2026-09-02,1034,mixed,main,1,"אם הבחירות היו מתקיימות היום, לאיזו מפלגה היית מצביע/ה?",מפלגת הקהל,מפלגת הקהל,0,,,1,2026-09-03
4118,פרויקט המדגם (רוזנר),חדשות 13,2026-09-01,2026-09-02,1034,mixed,main,1,"אם הבחירות היו מתקיימות היום, לאיזו מפלגה היית מצביע/ה?",מקום לכולנו,מקום לכולנו,0,,,1,2026-09-03
4118,פרויקט המדגם (רוזנר),חדשות 13,2026-09-01,2026-09-02,1034,mixed,main,1,"אם הבחירות היו מתקיימות היום, לאיזו מפלגה היית מצביע/ה?",ברית אחים,ברית אחים,0,,,1,2026-09-03
4118,פרויקט המדגם (רוזנר),חדשות 13,2026-09-01,2026-09-02,1034,mixed,main,1,"אם הבחירות היו מתקיימות היום, לאיזו מפלגה היית מצביע/ה?",הכלכלית החדשה,המפלגה הכלכלית,0,,,1,2026-09-03
4118,פרויקט המדגם (רוזנר),חדשות 13,2026-09-01,2026-09-02,1034,mixed,main,1,"אם הבחירות היו מתקיימות היום, לאיזו מפלגה היית מצביע/ה?",נעם,נעם,0,,,1,2026-09-03
4118,פרויקט המדגם (רוזנר),חדשות 13,2026-09-01,2026-09-02,1034,mixed,main,1,"אם הבחירות היו מתקיימות היום, לאיזו מפלגה היית מצביע/ה?",עוז,עוז,0,,,1,2026-09-03
4118,פרויקט המדגם (רוזנר),חדשות 13,2026-09-01,2026-09-02,1034,mixed,main,1,"אם הבחירות היו מתקיימות היום, לאיזו מפלגה היית מצביע/ה?",חופש כלכלי,חופש כלכלי,0,,,1,2026-09-03
4120,לזר מחקרים,וואלה,2026-09-01,2026-09-02,500,internet,main,1,"אם לקראת הבחירות לכנסת יתאחדו מפלגות הציונות הדתית בראשות בצלאל סמוטריץ' ומפלגת זהות בראשות משה פייגלין, לאיזו מפלגה היית מצביע?",ישר,ישר! עם איזנקוט בראשות גדי איזנקוט,24,17.6,,1,2026-09-06
4120,לזר מחקרים,וואלה,2026-09-01,2026-09-02,500,internet,main,1,"אם לקראת הבחירות לכנסת יתאחדו מפלגות הציונות הדתית בראשות בצלאל סמוטריץ' ומפלגת זהות בראשות משה פייגלין, לאיזו מפלגה היית מצביע?",הליכוד,הליכוד בראשות בנימין נתניהו,22,15.4,,1,2026-09-06
4120,לזר מחקרים,וואלה,2026-09-01,2026-09-02,500,internet,main,1,"אם לקראת הבחירות לכנסת יתאחדו מפלגות הציונות הדתית בראשות בצלאל סמוטריץ' ומפלגת זהות בראשות משה פייגלין, לאיזו מפלגה היית מצביע?",ביחד,מפלגת ביחד - בראשות נפתלי בנט,15,12.5,,1,2026-09-06
4120,לזר מחקרים,וואלה,2026-09-01,2026-09-02,500,internet,main,1,"אם לקראת הבחירות לכנסת יתאחדו מפלגות הציונות הדתית בראשות בצלאל סמוטריץ' ומפלגת זהות בראשות משה פייגלין, לאיזו מפלגה היית מצביע?",הדמוקרטים,הדמוקרטים בראשות יאיר גולן,10,7.9,,1,2026-09-06
4120,לזר מחקרים,וואלה,2026-09-01,2026-09-02,500,internet,main,1,"אם לקראת הבחירות לכנסת יתאחדו מפלגות הציונות הדתית בראשות בצלאל סמוטריץ' ומפלגת זהות בראשות משה פייגלין, לאיזו מפלגה היית מצביע?",ישראל ביתנו,ישראל ביתנו בראשות אביגדור ליברמן,9,7.4,,1,2026-09-06
4120,לזר מחקרים,וואלה,2026-09-01,2026-09-02,500,internet,main,1,"אם לקראת הבחירות לכנסת יתאחדו מפלגות הציונות הדתית בראשות בצלאל סמוטריץ' ומפלגת זהות בראשות משה פייגלין, לאיזו מפלגה היית מצביע?",יהדות התורה,יהדות התורה בראשות משה גפני,8,5.5,,1,2026-09-06
4120,לזר מחקרים,וואלה,2026-09-01,2026-09-02,500,internet,main,1,"אם לקראת הבחירות לכנסת יתאחדו מפלגות הציונות הדתית בראשות בצלאל סמוטריץ' ומפלגת זהות בראשות משה פייגלין, לאיזו מפלגה היית מצביע?",הרשימה המשותפת,רשימה ערבית משותפת של חדש תעל ובלד בראשות יוסף ג'בארין,8,5.4,,1,2026-09-06
4120,לזר מחקרים,וואלה,2026-09-01,2026-09-02,500,internet,main,1,"אם לקראת הבחירות לכנסת יתאחדו מפלגות הציונות הדתית בראשות בצלאל סמוטריץ' ומפלגת זהות בראשות משה פייגלין, לאיזו מפלגה היית מצביע?",עוצמה יהודית,עוצמה יהודית בראשות איתמר בן גביר,7,5.2,,1,2026-09-06
4120,לזר מחקרים,וואלה,2026-09-01,2026-09-02,500,internet,main,1,"אם לקראת הבחירות לכנסת יתאחדו מפלגות הציונות הדתית בראשות בצלאל סמוטריץ' ומפלגת זהות בראשות משה פייגלין, לאיזו מפלגה היית מצביע?","ש""ס",שס בראשות אריה דרעי,7,5.1,,1,2026-09-06
4120,לזר מחקרים,וואלה,2026-09-01,2026-09-02,500,internet,main,1,"אם לקראת הבחירות לכנסת יתאחדו מפלגות הציונות הדתית בראשות בצלאל סמוטריץ' ומפלגת זהות בראשות משה פייגלין, לאיזו מפלגה היית מצביע?",הציונות הדתית,רשימה מאוחדת של הציונות הדתית בראשות סמוטריץ' עם זהות בראשות פייגלין,5,4.2,,1,2026-09-06
4120,לזר מחקרים,וואלה,2026-09-01,2026-09-02,500,internet,main,1,"אם לקראת הבחירות לכנסת יתאחדו מפלגות הציונות הדתית בראשות בצלאל סמוטריץ' ומפלגת זהות בראשות משה פייגלין, לאיזו מפלגה היית מצביע?","רע""ם",רעם בראשות דר מנסור עבאס,5,4.0,,1,2026-09-06
4120,לזר מחקרים,וואלה,2026-09-01,2026-09-02,500,internet,main,1,"אם לקראת הבחירות לכנסת יתאחדו מפלגות הציונות הדתית בראשות בצלאל סמוטריץ' ומפלגת זהות בראשות משה פייגלין, לאיזו מפלגה היית מצביע?",בית ציוני,בית ציוני - המילואימניקים,0,3.0,,1,2026-09-06
4120,לזר מחקרים,וואלה,2026-09-01,2026-09-02,500,internet,main,1,"אם לקראת הבחירות לכנסת יתאחדו מפלגות הציונות הדתית בראשות בצלאל סמוטריץ' ומפלגת זהות בראשות משה פייגלין, לאיזו מפלגה היית מצביע?",עמך ישראל,עמך ישראל,0,2.3,,1,2026-09-06
4120,לזר מחקרים,וואלה,2026-09-01,2026-09-02,500,internet,main,1,"אם לקראת הבחירות לכנסת יתאחדו מפלגות הציונות הדתית בראשות בצלאל סמוטריץ' ומפלגת זהות בראשות משה פייגלין, לאיזו מפלגה היית מצביע?",הכלכלית החדשה,הכלכלית החדשה,0,2.0,,1,2026-09-06
4120,לזר מחקרים,וואלה,2026-09-01,2026-09-02,500,internet,main,1,"אם לקראת הבחירות לכנסת יתאחדו מפלגות הציונות הדתית בראשות בצלאל סמוטריץ' ומפלגת זהות בראשות משה פייגלין, לאיזו מפלגה היית מצביע?",כחול לבן,כחול לבן,0,0.7,,1,2026-09-06
4120,לזר מחקרים,וואלה,2026-09-01,2026-09-02,500,internet,main,1,"אם לקראת הבחירות לכנסת יתאחדו מפלגות הציונות הדתית בראשות בצלאל סמוטריץ' ומפלגת זהות בראשות משה פייגלין, לאיזו מפלגה היית מצביע?",האחדות,האחדות,0,0.7,,1,2026-09-06
4120,לזר מחקרים,וואלה,2026-09-01,2026-09-02,500,internet,main,1,"אם לקראת הבחירות לכנסת יתאחדו מפלגות הציונות הדתית בראשות בצלאל סמוטריץ' ומפלגת זהות בראשות משה פייגלין, לאיזו מפלגה היית מצביע?",מקום לכולנו,מקום לכולנו - שותפות יהודית ערבית,0,0.5,,1,2026-09-06
4120,לזר מחקרים,וואלה,2026-09-01,2026-09-02,500,internet,main,1,"אם לקראת הבחירות לכנסת יתאחדו מפלגות הציונות הדתית בראשות בצלאל סמוטריץ' ומפלגת זהות בראשות משה פייגלין, לאיזו מפלגה היית מצביע?",הציבור החרדי,מפלגת הציבור החרדי,0,0.4,,1,2026-09-06
4120,לזר מחקרים,וואלה,2026-09-01,2026-09-02,500,internet,main,1,"אם לקראת הבחירות לכנסת יתאחדו מפלגות הציונות הדתית בראשות בצלאל סמוטריץ' ומפלגת זהות בראשות משה פייגלין, לאיזו מפלגה היית מצביע?",אחר,ישראל תחילה,0,0.2,,1,2026-09-06
4120,לזר מחקרים,וואלה,2026-09-01,2026-09-02,500,internet,scenario,2,"בנוסף לאיחוד סמוטריץ'-פייגלין, טלי גוטליב עוזבת את הליכוד ומצטרפת לעוצמה יהודית",ישר,ישר! עם איזנקוט בראשות גדי איזנקוט,24,17.3,,1,2026-09-06
4120,לזר מחקרים,וואלה,2026-09-01,2026-09-02,500,internet,scenario,2,"בנוסף לאיחוד סמוטריץ'-פייגלין, טלי גוטליב עוזבת את הליכוד ומצטרפת לעוצמה יהודית",הליכוד,הליכוד בראשות בנימין נתניהו,21,14.2,,1,2026-09-06
4120,לזר מחקרים,וואלה,2026-09-01,2026-09-02,500,internet,scenario,2,"בנוסף לאיחוד סמוטריץ'-פייגלין, טלי גוטליב עוזבת את הליכוד ומצטרפת לעוצמה יהודית",ביחד,מפלגת ביחד - בראשות נפתלי בנט,15,12.1,,1,2026-09-06
4120,לזר מחקרים,וואלה,2026-09-01,2026-09-02,500,internet,scenario,2,"בנוסף לאיחוד סמוטריץ'-פייגלין, טלי גוטליב עוזבת את הליכוד ומצטרפת לעוצמה יהודית",ישראל ביתנו,ישראל ביתנו בראשות אביגדור ליברמן,10,8.4,,1,2026-09-06
4120,לזר מחקרים,וואלה,2026-09-01,2026-09-02,500,internet,scenario,2,"בנוסף לאיחוד סמוטריץ'-פייגלין, טלי גוטליב עוזבת את הליכוד ומצטרפת לעוצמה יהודית",הדמוקרטים,הדמוקרטים בראשות יאיר גולן,10,8.5,,1,2026-09-06
4120,לזר מחקרים,וואלה,2026-09-01,2026-09-02,500,internet,scenario,2,"בנוסף לאיחוד סמוטריץ'-פייגלין, טלי גוטליב עוזבת את הליכוד ומצטרפת לעוצמה יהודית",עוצמה יהודית,עוצמה יהודית בראשות איתמר בן גביר עם טלי גוטליב,8,5.7,,1,2026-09-06
4120,לזר מחקרים,וואלה,2026-09-01,2026-09-02,500,internet,scenario,2,"בנוסף לאיחוד סמוטריץ'-פייגלין, טלי גוטליב עוזבת את הליכוד ומצטרפת לעוצמה יהודית",הרשימה המשותפת,רשימה ערבית מאוחדת של חדש תעל ובלד בראשות יוסף ג'בארין,8,5.6,,1,2026-09-06
4120,לזר מחקרים,וואלה,2026-09-01,2026-09-02,500,internet,scenario,2,"בנוסף לאיחוד סמוטריץ'-פייגלין, טלי גוטליב עוזבת את הליכוד ומצטרפת לעוצמה יהודית",יהדות התורה,יהדות התורה בראשות משה גפני,8,5.3,,1,2026-09-06
4120,לזר מחקרים,וואלה,2026-09-01,2026-09-02,500,internet,scenario,2,"בנוסף לאיחוד סמוטריץ'-פייגלין, טלי גוטליב עוזבת את הליכוד ומצטרפת לעוצמה יהודית","ש""ס",שס בראשות אריה דרעי,7,4.9,,1,2026-09-06
4120,לזר מחקרים,וואלה,2026-09-01,2026-09-02,500,internet,scenario,2,"בנוסף לאיחוד סמוטריץ'-פייגלין, טלי גוטליב עוזבת את הליכוד ומצטרפת לעוצמה יהודית","רע""ם",רעם בראשות דר מנסור עבאס,5,4.2,,1,2026-09-06
4120,לזר מחקרים,וואלה,2026-09-01,2026-09-02,500,internet,scenario,2,"בנוסף לאיחוד סמוטריץ'-פייגלין, טלי גוטליב עוזבת את הליכוד ומצטרפת לעוצמה יהודית",הציונות הדתית,רשימה מאוחדת של הציונות הדתית בראשות סמוטריץ' עם זהות בראשות משה פייגלין,4,3.3,,1,2026-09-06
4120,לזר מחקרים,וואלה,2026-09-01,2026-09-02,500,internet,scenario,2,"בנוסף לאיחוד סמוטריץ'-פייגלין, טלי גוטליב עוזבת את הליכוד ומצטרפת לעוצמה יהודית",בית ציוני,בית ציוני - המילואימניקים,0,3.0,,1,2026-09-06
4120,לזר מחקרים,וואלה,2026-09-01,2026-09-02,500,internet,scenario,2,"בנוסף לאיחוד סמוטריץ'-פייגלין, טלי גוטליב עוזבת את הליכוד ומצטרפת לעוצמה יהודית",עמך ישראל,עמך ישראל,0,2.8,,1,2026-09-06
4120,לזר מחקרים,וואלה,2026-09-01,2026-09-02,500,internet,scenario,2,"בנוסף לאיחוד סמוטריץ'-פייגלין, טלי גוטליב עוזבת את הליכוד ומצטרפת לעוצמה יהודית",הכלכלית החדשה,הכלכלית החדשה,0,1.6,,1,2026-09-06
4120,לזר מחקרים,וואלה,2026-09-01,2026-09-02,500,internet,scenario,2,"בנוסף לאיחוד סמוטריץ'-פייגלין, טלי גוטליב עוזבת את הליכוד ומצטרפת לעוצמה יהודית",כחול לבן,כחול לבן,0,1.1,,1,2026-09-06
4120,לזר מחקרים,וואלה,2026-09-01,2026-09-02,500,internet,scenario,2,"בנוסף לאיחוד סמוטריץ'-פייגלין, טלי גוטליב עוזבת את הליכוד ומצטרפת לעוצמה יהודית",מקום לכולנו,מקום לכולנו - שותפות יהודית ערבית,0,0.7,,1,2026-09-06
4120,לזר מחקרים,וואלה,2026-09-01,2026-09-02,500,internet,scenario,2,"בנוסף לאיחוד סמוטריץ'-פייגלין, טלי גוטליב עוזבת את הליכוד ומצטרפת לעוצמה יהודית",הציבור החרדי,מפלגת הציבור החרדי,0,0.6,,1,2026-09-06
4120,לזר מחקרים,וואלה,2026-09-01,2026-09-02,500,internet,scenario,2,"בנוסף לאיחוד סמוטריץ'-פייגלין, טלי גוטליב עוזבת את הליכוד ומצטרפת לעוצמה יהודית",האחדות,האחדות,0,0.5,,1,2026-09-06
4120,לזר מחקרים,וואלה,2026-09-01,2026-09-02,500,internet,scenario,2,"בנוסף לאיחוד סמוטריץ'-פייגלין, טלי גוטליב עוזבת את הליכוד ומצטרפת לעוצמה יהודית",אחר,ישראל תחילה,0,0.2,,1,2026-09-06
4121,לזר מחקרים,וואלה,2026-09-01,2026-09-02,500,internet,main,1,"אם לקראת הבחירות לכנסת יתאחדו מפלגות הציונות הדתית בראשות בצלאל סמוטריץ' ומפלגת זהות בראשות משה פייגלין, לאיזו מפלגה היית מצביע?",ישר,ישר! עם איזנקוט בראשות גדי איזנקוט,24,17.6,,0,2026-09-06
4121,לזר מחקרים,וואלה,2026-09-01,2026-09-02,500,internet,main,1,"אם לקראת הבחירות לכנסת יתאחדו מפלגות הציונות הדתית בראשות בצלאל סמוטריץ' ומפלגת זהות בראשות משה פייגלין, לאיזו מפלגה היית מצביע?",הליכוד,הליכוד בראשות בנימין נתניהו,22,15.4,,0,2026-09-06
4121,לזר מחקרים,וואלה,2026-09-01,2026-09-02,500,internet,main,1,"אם לקראת הבחירות לכנסת יתאחדו מפלגות הציונות הדתית בראשות בצלאל סמוטריץ' ומפלגת זהות בראשות משה פייגלין, לאיזו מפלגה היית מצביע?",ביחד,מפלגת ביחד - בראשות נפתלי בנט,15,12.5,,0,2026-09-06
4121,לזר מחקרים,וואלה,2026-09-01,2026-09-02,500,internet,main,1,"אם לקראת הבחירות לכנסת יתאחדו מפלגות הציונות הדתית בראשות בצלאל סמוטריץ' ומפלגת זהות בראשות משה פייגלין, לאיזו מפלגה היית מצביע?",הדמוקרטים,הדמוקרטים בראשות יאיר גולן,10,7.9,,0,2026-09-06
4121,לזר מחקרים,וואלה,2026-09-01,2026-09-02,500,internet,main,1,"אם לקראת הבחירות לכנסת יתאחדו מפלגות הציונות הדתית בראשות בצלאל סמוטריץ' ומפלגת זהות בראשות משה פייגלין, לאיזו מפלגה היית מצביע?",ישראל ביתנו,ישראל ביתנו בראשות אביגדור ליברמן,9,7.4,,0,2026-09-06
4121,לזר מחקרים,וואלה,2026-09-01,2026-09-02,500,internet,main,1,"אם לקראת הבחירות לכנסת יתאחדו מפלגות הציונות הדתית בראשות בצלאל סמוטריץ' ומפלגת זהות בראשות משה פייגלין, לאיזו מפלגה היית מצביע?",יהדות התורה,יהדות התורה בראשות משה גפני,8,5.5,,0,2026-09-06
4121,לזר מחקרים,וואלה,2026-09-01,2026-09-02,500,internet,main,1,"אם לקראת הבחירות לכנסת יתאחדו מפלגות הציונות הדתית בראשות בצלאל סמוטריץ' ומפלגת זהות בראשות משה פייגלין, לאיזו מפלגה היית מצביע?",הרשימה המשותפת,רשימה ערבית משותפת של חדש תעל ובלד בראשות יוסף ג'בארין,8,5.4,,0,2026-09-06
4121,לזר מחקרים,וואלה,2026-09-01,2026-09-02,500,internet,main,1,"אם לקראת הבחירות לכנסת יתאחדו מפלגות הציונות הדתית בראשות בצלאל סמוטריץ' ומפלגת זהות בראשות משה פייגלין, לאיזו מפלגה היית מצביע?",עוצמה יהודית,עוצמה יהודית בראשות איתמר בן גביר,7,5.2,,0,2026-09-06
4121,לזר מחקרים,וואלה,2026-09-01,2026-09-02,500,internet,main,1,"אם לקראת הבחירות לכנסת יתאחדו מפלגות הציונות הדתית בראשות בצלאל סמוטריץ' ומפלגת זהות בראשות משה פייגלין, לאיזו מפלגה היית מצביע?","ש""ס",שס בראשות אריה דרעי,7,5.1,,0,2026-09-06
4121,לזר מחקרים,וואלה,2026-09-01,2026-09-02,500,internet,main,1,"אם לקראת הבחירות לכנסת יתאחדו מפלגות הציונות הדתית בראשות בצלאל סמוטריץ' ומפלגת זהות בראשות משה פייגלין, לאיזו מפלגה היית מצביע?",הציונות הדתית,רשימה מאוחדת של הציונות הדתית בראשות סמוטריץ' עם זהות בראשות פייגלין,5,4.2,,0,2026-09-06
4121,לזר מחקרים,וואלה,2026-09-01,2026-09-02,500,internet,main,1,"אם לקראת הבחירות לכנסת יתאחדו מפלגות הציונות הדתית בראשות בצלאל סמוטריץ' ומפלגת זהות בראשות משה פייגלין, לאיזו מפלגה היית מצביע?","רע""ם",רעם בראשות דר מנסור עבאס,5,4.0,,0,2026-09-06
4121,לזר מחקרים,וואלה,2026-09-01,2026-09-02,500,internet,main,1,"אם לקראת הבחירות לכנסת יתאחדו מפלגות הציונות הדתית בראשות בצלאל סמוטריץ' ומפלגת זהות בראשות משה פייגלין, לאיזו מפלגה היית מצביע?",בית ציוני,בית ציוני - המילואימניקים,0,3.0,,0,2026-09-06
4121,לזר מחקרים,וואלה,2026-09-01,2026-09-02,500,internet,main,1,"אם לקראת הבחירות לכנסת יתאחדו מפלגות הציונות הדתית בראשות בצלאל סמוטריץ' ומפלגת זהות בראשות משה פייגלין, לאיזו מפלגה היית מצביע?",עמך ישראל,עמך ישראל,0,2.3,,0,2026-09-06
4121,לזר מחקרים,וואלה,2026-09-01,2026-09-02,500,internet,main,1,"אם לקראת הבחירות לכנסת יתאחדו מפלגות הציונות הדתית בראשות בצלאל סמוטריץ' ומפלגת זהות בראשות משה פייגלין, לאיזו מפלגה היית מצביע?",הכלכלית החדשה,הכלכלית החדשה,0,2.0,,0,2026-09-06
4121,לזר מחקרים,וואלה,2026-09-01,2026-09-02,500,internet,main,1,"אם לקראת הבחירות לכנסת יתאחדו מפלגות הציונות הדתית בראשות בצלאל סמוטריץ' ומפלגת זהות בראשות משה פייגלין, לאיזו מפלגה היית מצביע?",כחול לבן,כחול לבן,0,0.7,,0,2026-09-06
4121,לזר מחקרים,וואלה,2026-09-01,2026-09-02,500,internet,main,1,"אם לקראת הבחירות לכנסת יתאחדו מפלגות הציונות הדתית בראשות בצלאל סמוטריץ' ומפלגת זהות בראשות משה פייגלין, לאיזו מפלגה היית מצביע?",האחדות,האחדות,0,0.7,,0,2026-09-06
4121,לזר מחקרים,וואלה,2026-09-01,2026-09-02,500,internet,main,1,"אם לקראת הבחירות לכנסת יתאחדו מפלגות הציונות הדתית בראשות בצלאל סמוטריץ' ומפלגת זהות בראשות משה פייגלין, לאיזו מפלגה היית מצביע?",מקום לכולנו,מקום לכולנו - שותפות יהודית ערבית,0,0.5,,0,2026-09-06
4121,לזר מחקרים,וואלה,2026-09-01,2026-09-02,500,internet,main,1,"אם לקראת הבחירות לכנסת יתאחדו מפלגות הציונות הדתית בראשות בצלאל סמוטריץ' ומפלגת זהות בראשות משה פייגלין, לאיזו מפלגה היית מצביע?",הציבור החרדי,מפלגת הציבור החרדי,0,0.4,,0,2026-09-06
4121,לזר מחקרים,וואלה,2026-09-01,2026-09-02,500,internet,main,1,"אם לקראת הבחירות לכנסת יתאחדו מפלגות הציונות הדתית בראשות בצלאל סמוטריץ' ומפלגת זהות בראשות משה פייגלין, לאיזו מפלגה היית מצביע?",אחר,ישראל תחילה,0,0.2,,0,2026-09-06
4121,לזר מחקרים,וואלה,2026-09-01,2026-09-02,500,internet,scenario,2,"בנוסף לאיחוד סמוטריץ'-פייגלין, טלי גוטליב עוזבת את הליכוד ומצטרפת לעוצמה יהודית",ישר,ישר! עם איזנקוט בראשות גדי איזנקוט,24,17.3,,0,2026-09-06
4121,לזר מחקרים,וואלה,2026-09-01,2026-09-02,500,internet,scenario,2,"בנוסף לאיחוד סמוטריץ'-פייגלין, טלי גוטליב עוזבת את הליכוד ומצטרפת לעוצמה יהודית",הליכוד,הליכוד בראשות בנימין נתניהו,21,14.2,,0,2026-09-06
4121,לזר מחקרים,וואלה,2026-09-01,2026-09-02,500,internet,scenario,2,"בנוסף לאיחוד סמוטריץ'-פייגלין, טלי גוטליב עוזבת את הליכוד ומצטרפת לעוצמה יהודית",ביחד,מפלגת ביחד - בראשות נפתלי בנט,15,12.1,,0,2026-09-06
4121,לזר מחקרים,וואלה,2026-09-01,2026-09-02,500,internet,scenario,2,"בנוסף לאיחוד סמוטריץ'-פייגלין, טלי גוטליב עוזבת את הליכוד ומצטרפת לעוצמה יהודית",ישראל ביתנו,ישראל ביתנו בראשות אביגדור ליברמן,10,8.4,,0,2026-09-06
4121,לזר מחקרים,וואלה,2026-09-01,2026-09-02,500,internet,scenario,2,"בנוסף לאיחוד סמוטריץ'-פייגלין, טלי גוטליב עוזבת את הליכוד ומצטרפת לעוצמה יהודית",הדמוקרטים,הדמוקרטים בראשות יאיר גולן,10,8.5,,0,2026-09-06
4121,לזר מחקרים,וואלה,2026-09-01,2026-09-02,500,internet,scenario,2,"בנוסף לאיחוד סמוטריץ'-פייגלין, טלי גוטליב עוזבת את הליכוד ומצטרפת לעוצמה יהודית",עוצמה יהודית,עוצמה יהודית בראשות איתמר בן גביר עם טלי גוטליב,8,5.7,,0,2026-09-06
4121,לזר מחקרים,וואלה,2026-09-01,2026-09-02,500,internet,scenario,2,"בנוסף לאיחוד סמוטריץ'-פייגלין, טלי גוטליב עוזבת את הליכוד ומצטרפת לעוצמה יהודית",הרשימה המשותפת,רשימה ערבית מאוחדת של חדש תעל ובלד בראשות יוסף ג'בארין,8,5.6,,0,2026-09-06
4121,לזר מחקרים,וואלה,2026-09-01,2026-09-02,500,internet,scenario,2,"בנוסף לאיחוד סמוטריץ'-פייגלין, טלי גוטליב עוזבת את הליכוד ומצטרפת לעוצמה יהודית",יהדות התורה,יהדות התורה בראשות משה גפני,8,5.3,,0,2026-09-06
4121,לזר מחקרים,וואלה,2026-09-01,2026-09-02,500,internet,scenario,2,"בנוסף לאיחוד סמוטריץ'-פייגלין, טלי גוטליב עוזבת את הליכוד ומצטרפת לעוצמה יהודית","ש""ס",שס בראשות אריה דרעי,7,4.9,,0,2026-09-06
4121,לזר מחקרים,וואלה,2026-09-01,2026-09-02,500,internet,scenario,2,"בנוסף לאיחוד סמוטריץ'-פייגלין, טלי גוטליב עוזבת את הליכוד ומצטרפת לעוצמה יהודית","רע""ם",רעם בראשות דר מנסור עבאס,5,4.2,,0,2026-09-06
4121,לזר מחקרים,וואלה,2026-09-01,2026-09-02,500,internet,scenario,2,"בנוסף לאיחוד סמוטריץ'-פייגלין, טלי גוטליב עוזבת את הליכוד ומצטרפת לעוצמה יהודית",הציונות הדתית,רשימה מאוחדת של הציונות הדתית בראשות סמוטריץ' עם זהות בראשות משה פייגלין,4,3.3,,0,2026-09-06
4121,לזר מחקרים,וואלה,2026-09-01,2026-09-02,500,internet,scenario,2,"בנוסף לאיחוד סמוטריץ'-פייגלין, טלי גוטליב עוזבת את הליכוד ומצטרפת לעוצמה יהודית",בית ציוני,בית ציוני - המילואימניקים,0,3.0,,0,2026-09-06
4121,לזר מחקרים,וואלה,2026-09-01,2026-09-02,500,internet,scenario,2,"בנוסף לאיחוד סמוטריץ'-פייגלין, טלי גוטליב עוזבת את הליכוד ומצטרפת לעוצמה יהודית",עמך ישראל,עמך ישראל,0,2.8,,0,2026-09-06
4121,לזר מחקרים,וואלה,2026-09-01,2026-09-02,500,internet,scenario,2,"בנוסף לאיחוד סמוטריץ'-פייגלין, טלי גוטליב עוזבת את הליכוד ומצטרפת לעוצמה יהודית",הכלכלית החדשה,הכלכלית החדשה,0,1.6,,0,2026-09-06
4121,לזר מחקרים,וואלה,2026-09-01,2026-09-02,500,internet,scenario,2,"בנוסף לאיחוד סמוטריץ'-פייגלין, טלי גוטליב עוזבת את הליכוד ומצטרפת לעוצמה יהודית",כחול לבן,כחול לבן,0,1.1,,0,2026-09-06
4121,לזר מחקרים,וואלה,2026-09-01,2026-09-02,500,internet,scenario,2,"בנוסף לאיחוד סמוטריץ'-פייגלין, טלי גוטליב עוזבת את הליכוד ומצטרפת לעוצמה יהודית",מקום לכולנו,מקום לכולנו - שותפות יהודית ערבית,0,0.7,,0,2026-09-06
4121,לזר מחקרים,וואלה,2026-09-01,2026-09-02,500,internet,scenario,2,"בנוסף לאיחוד סמוטריץ'-פייגלין, טלי גוטליב עוזבת את הליכוד ומצטרפת לעוצמה יהודית",הציבור החרדי,מפלגת הציבור החרדי,0,0.6,,0,2026-09-06
4121,לזר מחקרים,וואלה,2026-09-01,2026-09-02,500,internet,scenario,2,"בנוסף לאיחוד סמוטריץ'-פייגלין, טלי גוטליב עוזבת את הליכוד ומצטרפת לעוצמה יהודית",האחדות,האחדות,0,0.5,,0,2026-09-06
4121,לזר מחקרים,וואלה,2026-09-01,2026-09-02,500,internet,scenario,2,"בנוסף לאיחוד סמוטריץ'-פייגלין, טלי גוטליב עוזבת את הליכוד ומצטרפת לעוצמה יהודית",אחר,ישראל תחילה,0,0.2,,0,2026-09-06
4123,קנטאר,ישראל היום,2026-09-02,2026-09-03,555,internet,main,1,"תחזית המנדטים (1) – מצב נוכחי: אילו היו מתקיימות היום הבחירות לכנסת, והמפלגות המתמודדות יהיו המפלגות הבאות עם ראשי המפלגות שברשימה בפניך, עבור איזו מפלגה היית מצביע?",ישר,מפלגת ישר! בראשות גדי איזנקוט,24,19.0,,1,2026-09-07
4123,קנטאר,ישראל היום,2026-09-02,2026-09-03,555,internet,main,1,"תחזית המנדטים (1) – מצב נוכחי: אילו היו מתקיימות היום הבחירות לכנסת, והמפלגות המתמודדות יהיו המפלגות הבאות עם ראשי המפלגות שברשימה בפניך, עבור איזו מפלגה היית מצביע?",הליכוד,הליכוד בראשות בנימין נתניהו,21,16.6,,1,2026-09-07
4123,קנטאר,ישראל היום,2026-09-02,2026-09-03,555,internet,main,1,"תחזית המנדטים (1) – מצב נוכחי: אילו היו מתקיימות היום הבחירות לכנסת, והמפלגות המתמודדות יהיו המפלגות הבאות עם ראשי המפלגות שברשימה בפניך, עבור איזו מפלגה היית מצביע?",ביחד,"""ביחד"" בראשות נפתלי בנט",13,10.3,,1,2026-09-07
4123,קנטאר,ישראל היום,2026-09-02,2026-09-03,555,internet,main,1,"תחזית המנדטים (1) – מצב נוכחי: אילו היו מתקיימות היום הבחירות לכנסת, והמפלגות המתמודדות יהיו המפלגות הבאות עם ראשי המפלגות שברשימה בפניך, עבור איזו מפלגה היית מצביע?",הדמוקרטים,מפלגת הדמוקרטים בראשות יאיר גולן,9,7.1,,1,2026-09-07
4123,קנטאר,ישראל היום,2026-09-02,2026-09-03,555,internet,main,1,"תחזית המנדטים (1) – מצב נוכחי: אילו היו מתקיימות היום הבחירות לכנסת, והמפלגות המתמודדות יהיו המפלגות הבאות עם ראשי המפלגות שברשימה בפניך, עבור איזו מפלגה היית מצביע?",ישראל ביתנו,ישראל ביתנו בראשות אביגדור ליברמן,9,7.1,,1,2026-09-07
4123,קנטאר,ישראל היום,2026-09-02,2026-09-03,555,internet,main,1,"תחזית המנדטים (1) – מצב נוכחי: אילו היו מתקיימות היום הבחירות לכנסת, והמפלגות המתמודדות יהיו המפלגות הבאות עם ראשי המפלגות שברשימה בפניך, עבור איזו מפלגה היית מצביע?",יהדות התורה,יהדות התורה בראשות משה גפני,8,6.3,,1,2026-09-07
4123,קנטאר,ישראל היום,2026-09-02,2026-09-03,555,internet,main,1,"תחזית המנדטים (1) – מצב נוכחי: אילו היו מתקיימות היום הבחירות לכנסת, והמפלגות המתמודדות יהיו המפלגות הבאות עם ראשי המפלגות שברשימה בפניך, עבור איזו מפלגה היית מצביע?",עוצמה יהודית,עוצמה יהודית בראשות איתמר בן גביר,7,5.5,,1,2026-09-07
4123,קנטאר,ישראל היום,2026-09-02,2026-09-03,555,internet,main,1,"תחזית המנדטים (1) – מצב נוכחי: אילו היו מתקיימות היום הבחירות לכנסת, והמפלגות המתמודדות יהיו המפלגות הבאות עם ראשי המפלגות שברשימה בפניך, עבור איזו מפלגה היית מצביע?","ש""ס","ש""ס בראשות אריה דרעי",7,5.5,,1,2026-09-07
4123,קנטאר,ישראל היום,2026-09-02,2026-09-03,555,internet,main,1,"תחזית המנדטים (1) – מצב נוכחי: אילו היו מתקיימות היום הבחירות לכנסת, והמפלגות המתמודדות יהיו המפלגות הבאות עם ראשי המפלגות שברשימה בפניך, עבור איזו מפלגה היית מצביע?",הרשימה המשותפת,"חד""ש-תע""ל ובל""ד בראשות יוסף ג'אברין",7,5.5,,1,2026-09-07
4123,קנטאר,ישראל היום,2026-09-02,2026-09-03,555,internet,main,1,"תחזית המנדטים (1) – מצב נוכחי: אילו היו מתקיימות היום הבחירות לכנסת, והמפלגות המתמודדות יהיו המפלגות הבאות עם ראשי המפלגות שברשימה בפניך, עבור איזו מפלגה היית מצביע?",הציונות הדתית,הציונות הדתית בראשות בצלאל סמוטריץ' וזהות (משה פייגלין),6,4.7,,1,2026-09-07
4123,קנטאר,ישראל היום,2026-09-02,2026-09-03,555,internet,main,1,"תחזית המנדטים (1) – מצב נוכחי: אילו היו מתקיימות היום הבחירות לכנסת, והמפלגות המתמודדות יהיו המפלגות הבאות עם ראשי המפלגות שברשימה בפניך, עבור איזו מפלגה היית מצביע?","רע""ם","רע""מ בראשות מנסור עבאס",5,4.0,,1,2026-09-07
4123,קנטאר,ישראל היום,2026-09-02,2026-09-03,555,internet,main,1,"תחזית המנדטים (1) – מצב נוכחי: אילו היו מתקיימות היום הבחירות לכנסת, והמפלגות המתמודדות יהיו המפלגות הבאות עם ראשי המפלגות שברשימה בפניך, עבור איזו מפלגה היית מצביע?",עמך ישראל,מפלגת ימין חדשה בראשות עופר וינטר,4,3.3,,1,2026-09-07
4123,קנטאר,ישראל היום,2026-09-02,2026-09-03,555,internet,main,1,"תחזית המנדטים (1) – מצב נוכחי: אילו היו מתקיימות היום הבחירות לכנסת, והמפלגות המתמודדות יהיו המפלגות הבאות עם ראשי המפלגות שברשימה בפניך, עבור איזו מפלגה היית מצביע?",כחול לבן,כחול לבן בראשות בני גנץ,0,1.7,,1,2026-09-07
4123,קנטאר,ישראל היום,2026-09-02,2026-09-03,555,internet,main,1,"תחזית המנדטים (1) – מצב נוכחי: אילו היו מתקיימות היום הבחירות לכנסת, והמפלגות המתמודדות יהיו המפלגות הבאות עם ראשי המפלגות שברשימה בפניך, עבור איזו מפלגה היית מצביע?",בית ציוני,בית ציוני- המילואימניקים בראשות חילי טרופר ויועז הנדל,0,2.7,,1,2026-09-07
4123,קנטאר,ישראל היום,2026-09-02,2026-09-03,555,internet,main,1,"תחזית המנדטים (1) – מצב נוכחי: אילו היו מתקיימות היום הבחירות לכנסת, והמפלגות המתמודדות יהיו המפלגות הבאות עם ראשי המפלגות שברשימה בפניך, עבור איזו מפלגה היית מצביע?",האחדות,האחדות בראשות גלעד ארדן,0,0.7,,1,2026-09-07
4123,קנטאר,ישראל היום,2026-09-02,2026-09-03,555,internet,scenario,2,תחזית המנדטים (2): אם יהיה איחוד בראשות גדי איזנקוט של המפלגות ישר! וביחד של נפתלי בנט ויאיר לפיד,ישר,"איחוד של מפלגות ישר ! וביחד (נפתלי בנט ויאיר לפיד), בראשות גדי איזנקוט",36,28.7,,1,2026-09-07
4123,קנטאר,ישראל היום,2026-09-02,2026-09-03,555,internet,scenario,2,תחזית המנדטים (2): אם יהיה איחוד בראשות גדי איזנקוט של המפלגות ישר! וביחד של נפתלי בנט ויאיר לפיד,הליכוד,הליכוד בראשות בנימין נתניהו,21,16.7,,1,2026-09-07
4123,קנטאר,ישראל היום,2026-09-02,2026-09-03,555,internet,scenario,2,תחזית המנדטים (2): אם יהיה איחוד בראשות גדי איזנקוט של המפלגות ישר! וביחד של נפתלי בנט ויאיר לפיד,הדמוקרטים,מפלגת הדמוקרטים בראשות יאיר גולן,10,8.0,,1,2026-09-07
4123,קנטאר,ישראל היום,2026-09-02,2026-09-03,555,internet,scenario,2,תחזית המנדטים (2): אם יהיה איחוד בראשות גדי איזנקוט של המפלגות ישר! וביחד של נפתלי בנט ויאיר לפיד,ישראל ביתנו,ישראל ביתנו בראשות אביגדור ליברמן,8,6.4,,1,2026-09-07
4123,קנטאר,ישראל היום,2026-09-02,2026-09-03,555,internet,scenario,2,תחזית המנדטים (2): אם יהיה איחוד בראשות גדי איזנקוט של המפלגות ישר! וביחד של נפתלי בנט ויאיר לפיד,יהדות התורה,יהדות התורה בראשות משה גפני,8,6.4,,1,2026-09-07
4123,קנטאר,ישראל היום,2026-09-02,2026-09-03,555,internet,scenario,2,תחזית המנדטים (2): אם יהיה איחוד בראשות גדי איזנקוט של המפלגות ישר! וביחד של נפתלי בנט ויאיר לפיד,עוצמה יהודית,עוצמה יהודית בראשות איתמר בן גביר,7,5.6,,1,2026-09-07
4123,קנטאר,ישראל היום,2026-09-02,2026-09-03,555,internet,scenario,2,תחזית המנדטים (2): אם יהיה איחוד בראשות גדי איזנקוט של המפלגות ישר! וביחד של נפתלי בנט ויאיר לפיד,"ש""ס","ש""ס בראשות אריה דרעי",7,5.6,,1,2026-09-07
4123,קנטאר,ישראל היום,2026-09-02,2026-09-03,555,internet,scenario,2,תחזית המנדטים (2): אם יהיה איחוד בראשות גדי איזנקוט של המפלגות ישר! וביחד של נפתלי בנט ויאיר לפיד,הרשימה המשותפת,"חד""ש-תע""ל ובל""ד בראשות יוסף ג'אברין",7,5.6,,1,2026-09-07
4123,קנטאר,ישראל היום,2026-09-02,2026-09-03,555,internet,scenario,2,תחזית המנדטים (2): אם יהיה איחוד בראשות גדי איזנקוט של המפלגות ישר! וביחד של נפתלי בנט ויאיר לפיד,הציונות הדתית,הציונות הדתית בראשות בצלאל סמוטריץ' וזהות (משה פייגלין),6,4.8,,1,2026-09-07
4123,קנטאר,ישראל היום,2026-09-02,2026-09-03,555,internet,scenario,2,תחזית המנדטים (2): אם יהיה איחוד בראשות גדי איזנקוט של המפלגות ישר! וביחד של נפתלי בנט ויאיר לפיד,עמך ישראל,עמך ישראל בראשות עופר וינטר,5,4.0,,1,2026-09-07
4123,קנטאר,ישראל היום,2026-09-02,2026-09-03,555,internet,scenario,2,תחזית המנדטים (2): אם יהיה איחוד בראשות גדי איזנקוט של המפלגות ישר! וביחד של נפתלי בנט ויאיר לפיד,"רע""ם","רע""מ בראשות מנסור עבאס",5,4.0,,1,2026-09-07
4123,קנטאר,ישראל היום,2026-09-02,2026-09-03,555,internet,scenario,2,תחזית המנדטים (2): אם יהיה איחוד בראשות גדי איזנקוט של המפלגות ישר! וביחד של נפתלי בנט ויאיר לפיד,כחול לבן,כחול לבן בראשות בני גנץ,0,1.5,,1,2026-09-07
4123,קנטאר,ישראל היום,2026-09-02,2026-09-03,555,internet,scenario,2,תחזית המנדטים (2): אם יהיה איחוד בראשות גדי איזנקוט של המפלגות ישר! וביחד של נפתלי בנט ויאיר לפיד,בית ציוני,בית ציוני- המילואימניקים בראשות חילי טרופר ויועז הנדל,0,2.0,,1,2026-09-07
4123,קנטאר,ישראל היום,2026-09-02,2026-09-03,555,internet,scenario,2,תחזית המנדטים (2): אם יהיה איחוד בראשות גדי איזנקוט של המפלגות ישר! וביחד של נפתלי בנט ויאיר לפיד,האחדות,האחדות בראשות גלעד ארדן,0,0.7,,1,2026-09-07
4123,קנטאר,ישראל היום,2026-09-02,2026-09-03,555,internet,scenario,3,תחזית המנדטים (3): אם יהיה איחוד של מפלגת הציונות הדתית (בצלאל סמוטריץ') וזהות (משה פייגלין) ועמך ישראל (עופר וינטר),ישר,ישר ! בראשות גדי איזנקוט,24,19.2,,1,2026-09-07
4123,קנטאר,ישראל היום,2026-09-02,2026-09-03,555,internet,scenario,3,תחזית המנדטים (3): אם יהיה איחוד של מפלגת הציונות הדתית (בצלאל סמוטריץ') וזהות (משה פייגלין) ועמך ישראל (עופר וינטר),הליכוד,הליכוד בראשות בנימין נתניהו,21,16.8,,1,2026-09-07
4123,קנטאר,ישראל היום,2026-09-02,2026-09-03,555,internet,scenario,3,תחזית המנדטים (3): אם יהיה איחוד של מפלגת הציונות הדתית (בצלאל סמוטריץ') וזהות (משה פייגלין) ועמך ישראל (עופר וינטר),ביחד,ביחד בראשות נפתלי בנט,12,9.6,,1,2026-09-07
4123,קנטאר,ישראל היום,2026-09-02,2026-09-03,555,internet,scenario,3,תחזית המנדטים (3): אם יהיה איחוד של מפלגת הציונות הדתית (בצלאל סמוטריץ') וזהות (משה פייגלין) ועמך ישראל (עופר וינטר),הציונות הדתית,"איחוד של הציונות הדתית (בצלאל סמוטריץ'), עמך ישראל (עופר וינטר) זהות (משה פייגלין)",11,8.9,,1,2026-09-07
4123,קנטאר,ישראל היום,2026-09-02,2026-09-03,555,internet,scenario,3,תחזית המנדטים (3): אם יהיה איחוד של מפלגת הציונות הדתית (בצלאל סמוטריץ') וזהות (משה פייגלין) ועמך ישראל (עופר וינטר),הדמוקרטים,מפלגת הדמוקרטים בראשות יאיר גולן,9,7.2,,1,2026-09-07
4123,קנטאר,ישראל היום,2026-09-02,2026-09-03,555,internet,scenario,3,תחזית המנדטים (3): אם יהיה איחוד של מפלגת הציונות הדתית (בצלאל סמוטריץ') וזהות (משה פייגלין) ועמך ישראל (עופר וינטר),ישראל ביתנו,ישראל ביתנו בראשות אביגדור ליברמן,9,7.2,,1,2026-09-07
4123,קנטאר,ישראל היום,2026-09-02,2026-09-03,555,internet,scenario,3,תחזית המנדטים (3): אם יהיה איחוד של מפלגת הציונות הדתית (בצלאל סמוטריץ') וזהות (משה פייגלין) ועמך ישראל (עופר וינטר),יהדות התורה,יהדות התורה בראשות משה גפני,8,6.4,,1,2026-09-07
4123,קנטאר,ישראל היום,2026-09-02,2026-09-03,555,internet,scenario,3,תחזית המנדטים (3): אם יהיה איחוד של מפלגת הציונות הדתית (בצלאל סמוטריץ') וזהות (משה פייגלין) ועמך ישראל (עופר וינטר),עוצמה יהודית,עוצמה יהודית בראשות איתמר בן גביר,7,5.6,,1,2026-09-07
4123,קנטאר,ישראל היום,2026-09-02,2026-09-03,555,internet,scenario,3,תחזית המנדטים (3): אם יהיה איחוד של מפלגת הציונות הדתית (בצלאל סמוטריץ') וזהות (משה פייגלין) ועמך ישראל (עופר וינטר),"ש""ס","ש""ס בראשות אריה דרעי",7,5.6,,1,2026-09-07
4123,קנטאר,ישראל היום,2026-09-02,2026-09-03,555,internet,scenario,3,תחזית המנדטים (3): אם יהיה איחוד של מפלגת הציונות הדתית (בצלאל סמוטריץ') וזהות (משה פייגלין) ועמך ישראל (עופר וינטר),הרשימה המשותפת,"חד""ש-תע""ל ובל""ד בראשות יוסף ג'אברין",7,5.6,,1,2026-09-07
4123,קנטאר,ישראל היום,2026-09-02,2026-09-03,555,internet,scenario,3,תחזית המנדטים (3): אם יהיה איחוד של מפלגת הציונות הדתית (בצלאל סמוטריץ') וזהות (משה פייגלין) ועמך ישראל (עופר וינטר),"רע""ם","רע""מ בראשות מנסור עבאס",5,4.1,,1,2026-09-07
4123,קנטאר,ישראל היום,2026-09-02,2026-09-03,555,internet,scenario,3,תחזית המנדטים (3): אם יהיה איחוד של מפלגת הציונות הדתית (בצלאל סמוטריץ') וזהות (משה פייגלין) ועמך ישראל (עופר וינטר),כחול לבן,כחול לבן בראשות בני גנץ,0,1.2,,1,2026-09-07
4123,קנטאר,ישראל היום,2026-09-02,2026-09-03,555,internet,scenario,3,תחזית המנדטים (3): אם יהיה איחוד של מפלגת הציונות הדתית (בצלאל סמוטריץ') וזהות (משה פייגלין) ועמך ישראל (עופר וינטר),בית ציוני,בית ציוני- המילואימניקים בראשות חילי טרופר ויועז הנדל,0,2.0,,1,2026-09-07
4123,קנטאר,ישראל היום,2026-09-02,2026-09-03,555,internet,scenario,3,תחזית המנדטים (3): אם יהיה איחוד של מפלגת הציונות הדתית (בצלאל סמוטריץ') וזהות (משה פייגלין) ועמך ישראל (עופר וינטר),האחדות,האחדות בראשות גלעד ארדן,0,0.6,,1,2026-09-07
4128,נקסט דאטה,ערוץ 14,2026-09-03,2026-09-03,789,internet,main,1,מפת המנדטים הסופית · כנסת בת 120 מושבים · אחוז חסימה 3.25%,הליכוד,הליכוד בראשות בנימין נתניהו,31,24.2,,1,2026-09-08
4128,נקסט דאטה,ערוץ 14,2026-09-03,2026-09-03,789,internet,main,1,מפת המנדטים הסופית · כנסת בת 120 מושבים · אחוז חסימה 3.25%,ישר,ישר בראשות גדי איזנקוט,22,16.9,,1,2026-09-08
4128,נקסט דאטה,ערוץ 14,2026-09-03,2026-09-03,789,internet,main,1,מפת המנדטים הסופית · כנסת בת 120 מושבים · אחוז חסימה 3.25%,ביחד,יחד בראשות נפתלי בנט,11,8.6,,1,2026-09-08
4128,נקסט דאטה,ערוץ 14,2026-09-03,2026-09-03,789,internet,main,1,מפת המנדטים הסופית · כנסת בת 120 מושבים · אחוז חסימה 3.25%,"ש""ס","ש""ס בראשות אריה דרעי",10,7.5,,1,2026-09-08
4128,נקסט דאטה,ערוץ 14,2026-09-03,2026-09-03,789,internet,main,1,מפת המנדטים הסופית · כנסת בת 120 מושבים · אחוז חסימה 3.25%,הדמוקרטים,הדמוקרטים בראשות יאיר גולן,10,7.5,,1,2026-09-08
4128,נקסט דאטה,ערוץ 14,2026-09-03,2026-09-03,789,internet,main,1,מפת המנדטים הסופית · כנסת בת 120 מושבים · אחוז חסימה 3.25%,יהדות התורה,יהדות התורה,8,6.3,,1,2026-09-08
4128,נקסט דאטה,ערוץ 14,2026-09-03,2026-09-03,789,internet,main,1,מפת המנדטים הסופית · כנסת בת 120 מושבים · אחוז חסימה 3.25%,הציונות הדתית,הציונות הדתית וזהות בראשות בצלאל סמוטריץ',7,5.5,,1,2026-09-08
4128,נקסט דאטה,ערוץ 14,2026-09-03,2026-09-03,789,internet,main,1,מפת המנדטים הסופית · כנסת בת 120 מושבים · אחוז חסימה 3.25%,עוצמה יהודית,עוצמה יהודית בראשות איתמר בן גביר,7,5.4,,1,2026-09-08
4128,נקסט דאטה,ערוץ 14,2026-09-03,2026-09-03,789,internet,main,1,מפת המנדטים הסופית · כנסת בת 120 מושבים · אחוז חסימה 3.25%,הרשימה המשותפת,"חד""ש-תע""ל, רע""ם ובל""ד",7,5.3,,1,2026-09-08
4128,נקסט דאטה,ערוץ 14,2026-09-03,2026-09-03,789,internet,main,1,מפת המנדטים הסופית · כנסת בת 120 מושבים · אחוז חסימה 3.25%,ישראל ביתנו,ישראל ביתנו בראשות אביגדור ליברמן,7,5.2,,1,2026-09-08
4128,נקסט דאטה,ערוץ 14,2026-09-03,2026-09-03,789,internet,main,1,מפת המנדטים הסופית · כנסת בת 120 מושבים · אחוז חסימה 3.25%,עמך ישראל,עמך ישראל בראשות עופר וינטר,0,2.7,,1,2026-09-08
4128,נקסט דאטה,ערוץ 14,2026-09-03,2026-09-03,789,internet,main,1,מפת המנדטים הסופית · כנסת בת 120 מושבים · אחוז חסימה 3.25%,בית ציוני,בית ציוני בראשות יועז הנדל וחילי טרופר,0,1.3,,1,2026-09-08
4128,נקסט דאטה,ערוץ 14,2026-09-03,2026-09-03,789,internet,main,1,מפת המנדטים הסופית · כנסת בת 120 מושבים · אחוז חסימה 3.25%,כחול לבן,כחול לבן בראשות בני גנץ,0,1.2,,1,2026-09-08
4128,נקסט דאטה,ערוץ 14,2026-09-03,2026-09-03,789,internet,main,1,מפת המנדטים הסופית · כנסת בת 120 מושבים · אחוז חסימה 3.25%,נעם,נעם לישראל בראשות אבי מעוז,0,0.3,,1,2026-09-08
4128,נקסט דאטה,ערוץ 14,2026-09-03,2026-09-03,789,internet,main,1,מפת המנדטים הסופית · כנסת בת 120 מושבים · אחוז חסימה 3.25%,האחדות,אחדות בראשות גלעד ארדן ויולי אדלשטיין,0,0.1,,1,2026-09-08
4128,נקסט דאטה,ערוץ 14,2026-09-03,2026-09-03,789,internet,main,1,מפת המנדטים הסופית · כנסת בת 120 מושבים · אחוז חסימה 3.25%,הציבור החרדי,הציבור החרדי בראשות לייטנר,0,0.1,,1,2026-09-08
4129,קנטאר,כאן 11,2026-09-06,2026-09-06,551,internet,main,1,"אילו היו מתקיימות היום הבחירות לכנסת, והמפלגות המתמודדות יהיו המפלגות הבאות עם ראשי המפלגות שברשימה בפניך, עבור איזו מפלגה היית מצביע?",ישר,ישר ! בראשות גדי איזנקוט (חילי טרופר מצטרף למפלגה),23,18.8,,1,2026-09-08
4129,קנטאר,כאן 11,2026-09-06,2026-09-06,551,internet,main,1,"אילו היו מתקיימות היום הבחירות לכנסת, והמפלגות המתמודדות יהיו המפלגות הבאות עם ראשי המפלגות שברשימה בפניך, עבור איזו מפלגה היית מצביע?",הליכוד,הליכוד בראשות בנימין נתניהו,20,16.3,,1,2026-09-08
4129,קנטאר,כאן 11,2026-09-06,2026-09-06,551,internet,main,1,"אילו היו מתקיימות היום הבחירות לכנסת, והמפלגות המתמודדות יהיו המפלגות הבאות עם ראשי המפלגות שברשימה בפניך, עבור איזו מפלגה היית מצביע?",ביחד,ביחד בראשות נפתלי בנט,13,10.6,,1,2026-09-08
4129,קנטאר,כאן 11,2026-09-06,2026-09-06,551,internet,main,1,"אילו היו מתקיימות היום הבחירות לכנסת, והמפלגות המתמודדות יהיו המפלגות הבאות עם ראשי המפלגות שברשימה בפניך, עבור איזו מפלגה היית מצביע?",הדמוקרטים,מפלגת הדמוקרטים בראשות יאיר גולן,8,6.5,,1,2026-09-08
4129,קנטאר,כאן 11,2026-09-06,2026-09-06,551,internet,main,1,"אילו היו מתקיימות היום הבחירות לכנסת, והמפלגות המתמודדות יהיו המפלגות הבאות עם ראשי המפלגות שברשימה בפניך, עבור איזו מפלגה היית מצביע?",יהדות התורה,יהדות התורה,8,6.5,,1,2026-09-08
4129,קנטאר,כאן 11,2026-09-06,2026-09-06,551,internet,main,1,"אילו היו מתקיימות היום הבחירות לכנסת, והמפלגות המתמודדות יהיו המפלגות הבאות עם ראשי המפלגות שברשימה בפניך, עבור איזו מפלגה היית מצביע?",עוצמה יהודית,עוצמה יהודית בראשות איתמר בן גביר,7,5.7,,1,2026-09-08
4129,קנטאר,כאן 11,2026-09-06,2026-09-06,551,internet,main,1,"אילו היו מתקיימות היום הבחירות לכנסת, והמפלגות המתמודדות יהיו המפלגות הבאות עם ראשי המפלגות שברשימה בפניך, עבור איזו מפלגה היית מצביע?",ישראל ביתנו,ישראל ביתנו בראשות אביגדור ליברמן,7,5.7,,1,2026-09-08
4129,קנטאר,כאן 11,2026-09-06,2026-09-06,551,internet,main,1,"אילו היו מתקיימות היום הבחירות לכנסת, והמפלגות המתמודדות יהיו המפלגות הבאות עם ראשי המפלגות שברשימה בפניך, עבור איזו מפלגה היית מצביע?","ש""ס","ש""ס בראשות אריה דרעי",7,5.7,,1,2026-09-08
4129,קנטאר,כאן 11,2026-09-06,2026-09-06,551,internet,main,1,"אילו היו מתקיימות היום הבחירות לכנסת, והמפלגות המתמודדות יהיו המפלגות הבאות עם ראשי המפלגות שברשימה בפניך, עבור איזו מפלגה היית מצביע?",הרשימה המשותפת,"חד""ש-תע""ל ובל""ד בראשות יוסף ג'אברין",7,5.7,,1,2026-09-08
4129,קנטאר,כאן 11,2026-09-06,2026-09-06,551,internet,main,1,"אילו היו מתקיימות היום הבחירות לכנסת, והמפלגות המתמודדות יהיו המפלגות הבאות עם ראשי המפלגות שברשימה בפניך, עבור איזו מפלגה היית מצביע?",הציונות הדתית,הציונות הדתית בראשות בצלאל סמוטריץ' יחד עם זהות (משה פייגלין),6,4.9,,1,2026-09-08
4129,קנטאר,כאן 11,2026-09-06,2026-09-06,551,internet,main,1,"אילו היו מתקיימות היום הבחירות לכנסת, והמפלגות המתמודדות יהיו המפלגות הבאות עם ראשי המפלגות שברשימה בפניך, עבור איזו מפלגה היית מצביע?","רע""ם","רע""ם בראשות מנסור עבאס",6,4.9,,1,2026-09-08
4129,קנטאר,כאן 11,2026-09-06,2026-09-06,551,internet,main,1,"אילו היו מתקיימות היום הבחירות לכנסת, והמפלגות המתמודדות יהיו המפלגות הבאות עם ראשי המפלגות שברשימה בפניך, עבור איזו מפלגה היית מצביע?",עמך ישראל,עמך ישראל בראשות עופר וינטר,4,3.3,,1,2026-09-08
4129,קנטאר,כאן 11,2026-09-06,2026-09-06,551,internet,main,1,"אילו היו מתקיימות היום הבחירות לכנסת, והמפלגות המתמודדות יהיו המפלגות הבאות עם ראשי המפלגות שברשימה בפניך, עבור איזו מפלגה היית מצביע?",בית ציוני,המילואימניקים בראשות יועז הנדל והמפלגה הכלכלית של ירון זליכה,4,3.3,,1,2026-09-08
4129,קנטאר,כאן 11,2026-09-06,2026-09-06,551,internet,main,1,"אילו היו מתקיימות היום הבחירות לכנסת, והמפלגות המתמודדות יהיו המפלגות הבאות עם ראשי המפלגות שברשימה בפניך, עבור איזו מפלגה היית מצביע?",כחול לבן,כחול לבן בראשות בני גנץ,0,1.2,,1,2026-09-08
4129,קנטאר,כאן 11,2026-09-06,2026-09-06,551,internet,main,1,"אילו היו מתקיימות היום הבחירות לכנסת, והמפלגות המתמודדות יהיו המפלגות הבאות עם ראשי המפלגות שברשימה בפניך, עבור איזו מפלגה היית מצביע?",הציבור החרדי,הציבור החרדי בראשות מוטי לייטנר,0,0.9,,1,2026-09-08
4129,קנטאר,כאן 11,2026-09-06,2026-09-06,551,internet,scenario,2,"תרחיש נוסף: אם יהיה איחוד של הציונות הדתית (בצלאל סמוטריץ'), עמך ישראל (עופר וינטר) וזהות (משה פייגלין)",ישר,ישר ! בראשות גדי אייזנקוט,25,19.5,,1,2026-09-08
4129,קנטאר,כאן 11,2026-09-06,2026-09-06,551,internet,scenario,2,"תרחיש נוסף: אם יהיה איחוד של הציונות הדתית (בצלאל סמוטריץ'), עמך ישראל (עופר וינטר) וזהות (משה פייגלין)",הליכוד,הליכוד בראשות בנימין נתניהו,21,16.4,,1,2026-09-08
4129,קנטאר,כאן 11,2026-09-06,2026-09-06,551,internet,scenario,2,"תרחיש נוסף: אם יהיה איחוד של הציונות הדתית (בצלאל סמוטריץ'), עמך ישראל (עופר וינטר) וזהות (משה פייגלין)",ביחד,ביחד בראשות נפתלי בנט,12,9.4,,1,2026-09-08
4129,קנטאר,כאן 11,2026-09-06,2026-09-06,551,internet,scenario,2,"תרחיש נוסף: אם יהיה איחוד של הציונות הדתית (בצלאל סמוטריץ'), עמך ישראל (עופר וינטר) וזהות (משה פייגלין)",הציונות הדתית,"איחוד של: הציונות הדתית (בצלאל סמוטריץ'), עמך ישראל (עופר וינטר) וזהות (משה פייגלין)",11,8.6,,1,2026-09-08
4129,קנטאר,כאן 11,2026-09-06,2026-09-06,551,internet,scenario,2,"תרחיש נוסף: אם יהיה איחוד של הציונות הדתית (בצלאל סמוטריץ'), עמך ישראל (עופר וינטר) וזהות (משה פייגלין)",הדמוקרטים,מפלגת הדמוקרטים בראשות יאיר גולן,8,6.2,,1,2026-09-08
4129,קנטאר,כאן 11,2026-09-06,2026-09-06,551,internet,scenario,2,"תרחיש נוסף: אם יהיה איחוד של הציונות הדתית (בצלאל סמוטריץ'), עמך ישראל (עופר וינטר) וזהות (משה פייגלין)",ישראל ביתנו,ישראל ביתנו בראשות אביגדור ליברמן,8,6.2,,1,2026-09-08
4129,קנטאר,כאן 11,2026-09-06,2026-09-06,551,internet,scenario,2,"תרחיש נוסף: אם יהיה איחוד של הציונות הדתית (בצלאל סמוטריץ'), עמך ישראל (עופר וינטר) וזהות (משה פייגלין)",יהדות התורה,יהדות התורה,8,6.2,,1,2026-09-08
4129,קנטאר,כאן 11,2026-09-06,2026-09-06,551,internet,scenario,2,"תרחיש נוסף: אם יהיה איחוד של הציונות הדתית (בצלאל סמוטריץ'), עמך ישראל (עופר וינטר) וזהות (משה פייגלין)",עוצמה יהודית,עוצמה יהודית בראשות איתמר בן גביר,7,5.5,,1,2026-09-08
4129,קנטאר,כאן 11,2026-09-06,2026-09-06,551,internet,scenario,2,"תרחיש נוסף: אם יהיה איחוד של הציונות הדתית (בצלאל סמוטריץ'), עמך ישראל (עופר וינטר) וזהות (משה פייגלין)","ש""ס","ש""ס בראשות אריה דרעי",7,5.5,,1,2026-09-08
4129,קנטאר,כאן 11,2026-09-06,2026-09-06,551,internet,scenario,2,"תרחיש נוסף: אם יהיה איחוד של הציונות הדתית (בצלאל סמוטריץ'), עמך ישראל (עופר וינטר) וזהות (משה פייגלין)",הרשימה המשותפת,"חד""ש-תע""ל ובל""ד בראשות יוסף ג'אברין",7,5.5,,1,2026-09-08
4129,קנטאר,כאן 11,2026-09-06,2026-09-06,551,internet,scenario,2,"תרחיש נוסף: אם יהיה איחוד של הציונות הדתית (בצלאל סמוטריץ'), עמך ישראל (עופר וינטר) וזהות (משה פייגלין)","רע""ם","רע""ם בראשות מנסור עבאס",6,4.7,,1,2026-09-08
4129,קנטאר,כאן 11,2026-09-06,2026-09-06,551,internet,scenario,2,"תרחיש נוסף: אם יהיה איחוד של הציונות הדתית (בצלאל סמוטריץ'), עמך ישראל (עופר וינטר) וזהות (משה פייגלין)",כחול לבן,כחול לבן בראשות בני גנץ,0,1.1,,1,2026-09-08
4129,קנטאר,כאן 11,2026-09-06,2026-09-06,551,internet,scenario,2,"תרחיש נוסף: אם יהיה איחוד של הציונות הדתית (בצלאל סמוטריץ'), עמך ישראל (עופר וינטר) וזהות (משה פייגלין)",בית ציוני,בית ציוני-המילואימניקים בראשות חילי טרופר ויועז הנדל,0,2.5,,1,2026-09-08
4129,קנטאר,כאן 11,2026-09-06,2026-09-06,551,internet,scenario,2,"תרחיש נוסף: אם יהיה איחוד של הציונות הדתית (בצלאל סמוטריץ'), עמך ישראל (עופר וינטר) וזהות (משה פייגלין)",הציבור החרדי,הציבור החרדי בראשות מוטי לייטנר,0,0.9,,1,2026-09-08
4129,קנטאר,כאן 11,2026-09-06,2026-09-06,551,internet,scenario,2,"תרחיש נוסף: אם יהיה איחוד של הציונות הדתית (בצלאל סמוטריץ'), עמך ישראל (עופר וינטר) וזהות (משה פייגלין)",הכלכלית החדשה,המפלגה הכלכלית בראשות ירון זליכה,0,2.0,,1,2026-09-08
4133,מכון די אר איי,שמולת,2026-09-07,2026-09-07,2185,internet,main,1,"אילו הבחירות לכנסת היו מתקיימות היום, למי הית מצביע/ה?",הליכוד,הליכוד בהנהגת בנימין נתניהו לראשות הממשלה,25,19.24,,1,2026-09-10
4133,מכון די אר איי,שמולת,2026-09-07,2026-09-07,2185,internet,main,1,"אילו הבחירות לכנסת היו מתקיימות היום, למי הית מצביע/ה?",ישר,ישר בראשות גדי אייזנקוט,20,15.16,,1,2026-09-10
4133,מכון די אר איי,שמולת,2026-09-07,2026-09-07,2185,internet,main,1,"אילו הבחירות לכנסת היו מתקיימות היום, למי הית מצביע/ה?",אחר,האחדות הספרדים שומרי תורה תנועתו של מרן הרב עובדי,10,7.87,,1,2026-09-10
4133,מכון די אר איי,שמולת,2026-09-07,2026-09-07,2185,internet,main,1,"אילו הבחירות לכנסת היו מתקיימות היום, למי הית מצביע/ה?",עוצמה יהודית,עוצמה יהודית בראשות איתמר בן גביר,9,7.58,,1,2026-09-10
4133,מכון די אר איי,שמולת,2026-09-07,2026-09-07,2185,internet,main,1,"אילו הבחירות לכנסת היו מתקיימות היום, למי הית מצביע/ה?",ביחד,יחד בראשות נפתלי בנט וויאיר לפיד,9,7.28,,1,2026-09-10
4133,מכון די אר איי,שמולת,2026-09-07,2026-09-07,2185,internet,main,1,"אילו הבחירות לכנסת היו מתקיימות היום, למי הית מצביע/ה?",הדמוקרטים,מפלגה הדמוקרטים בראשות יאיר גולן,9,7.01,,1,2026-09-10
4133,מכון די אר איי,שמולת,2026-09-07,2026-09-07,2185,internet,main,1,"אילו הבחירות לכנסת היו מתקיימות היום, למי הית מצביע/ה?",הציונות הדתית,הציונות הדתית בראשות בצלאל סמוטריץ' וחוחת,8,6.07,,1,2026-09-10
4133,מכון די אר איי,שמולת,2026-09-07,2026-09-07,2185,internet,main,1,"אילו הבחירות לכנסת היו מתקיימות היום, למי הית מצביע/ה?",יהדות התורה,יהדות התורה והשבת אגודת ישראל - דגל התורה,7,5.88,,1,2026-09-10
4133,מכון די אר איי,שמולת,2026-09-07,2026-09-07,2185,internet,main,1,"אילו הבחירות לכנסת היו מתקיימות היום, למי הית מצביע/ה?",ישראל ביתנו,ישראל ביתנו בראשות אביגדור ליברמן,7,5.69,,1,2026-09-10
4133,מכון די אר איי,שמולת,2026-09-07,2026-09-07,2185,internet,main,1,"אילו הבחירות לכנסת היו מתקיימות היום, למי הית מצביע/ה?",הרשימה המשותפת,"חד""ש תע""ל בראשות איימן עודה ואחמד טיבי",7,5.69,,1,2026-09-10
4133,מכון די אר איי,שמולת,2026-09-07,2026-09-07,2185,internet,main,1,"אילו הבחירות לכנסת היו מתקיימות היום, למי הית מצביע/ה?",הרשימה המשותפת,הרשימה הערבית המאוחדת,5,4.17,,1,2026-09-10
4133,מכון די אר איי,שמולת,2026-09-07,2026-09-07,2185,internet,main,1,"אילו הבחירות לכנסת היו מתקיימות היום, למי הית מצביע/ה?",אחר,המחנה הממלכתי בהנהגת בני גנץ,4,3.26,,1,2026-09-10
4133,מכון די אר איי,שמולת,2026-09-07,2026-09-07,2185,internet,main,1,"אילו הבחירות לכנסת היו מתקיימות היום, למי הית מצביע/ה?",עמך ישראל,עמך ישראל בראשות עופר וינטר,0,2.08,,1,2026-09-10
4133,מכון די אר איי,שמולת,2026-09-07,2026-09-07,2185,internet,main,1,"אילו הבחירות לכנסת היו מתקיימות היום, למי הית מצביע/ה?",אחר,המיליאימניקים והכלכלית החדשה – יועז הנדל ופרופסור יצחק וילנה ועינת וילף,0,1.79,,1,2026-09-10
4133,מכון די אר איי,שמולת,2026-09-07,2026-09-07,2185,internet,main,1,"אילו הבחירות לכנסת היו מתקיימות היום, למי הית מצביע/ה?",נעם,נעם לישראל בראשות אבי מעוז,0,0.35,,1,2026-09-10
4133,מכון די אר איי,שמולת,2026-09-07,2026-09-07,2185,internet,main,1,"אילו הבחירות לכנסת היו מתקיימות היום, למי הית מצביע/ה?",אחר,אל הדגל,0,0.34,,1,2026-09-10
4133,מכון די אר איי,שמולת,2026-09-07,2026-09-07,2185,internet,main,1,"אילו הבחירות לכנסת היו מתקיימות היום, למי הית מצביע/ה?",אחר,ישראל מחילה בראשות שון השכל,0,0.3,,1,2026-09-10
4133,מכון די אר איי,שמולת,2026-09-07,2026-09-07,2185,internet,main,1,"אילו הבחירות לכנסת היו מתקיימות היום, למי הית מצביע/ה?",הציבור החרדי,הציבור החרדי בראשות לייטנר,0,0.24,,1,2026-09-10
4135,מכון DRI,שמלת,2026-09-07,2026-09-07,2100,internet,main,1,"אילו הבחירות לכנסת היו מתקיימות היום, למי הית מצביע/ה?",הליכוד,הליכוד בהנהגת בנימין נתניהו לראשות הממשלה,25,19.24,,1,2026-09-10
4135,מכון DRI,שמלת,2026-09-07,2026-09-07,2100,internet,main,1,"אילו הבחירות לכנסת היו מתקיימות היום, למי הית מצביע/ה?",ישר,ישר בראשות גדי איזנקוט,20,15.16,,1,2026-09-10
4135,מכון DRI,שמלת,2026-09-07,2026-09-07,2100,internet,main,1,"אילו הבחירות לכנסת היו מתקיימות היום, למי הית מצביע/ה?",אחר,האחדות הספרדים שמרני תורה טהורה של מרן הרב עובדי,10,7.87,,1,2026-09-10
4135,מכון DRI,שמלת,2026-09-07,2026-09-07,2100,internet,main,1,"אילו הבחירות לכנסת היו מתקיימות היום, למי הית מצביע/ה?",עוצמה יהודית,עוצמה יהודית בראשות איתמר בן גביר,9,7.58,,1,2026-09-10
4135,מכון DRI,שמלת,2026-09-07,2026-09-07,2100,internet,main,1,"אילו הבחירות לכנסת היו מתקיימות היום, למי הית מצביע/ה?",ביחד,יחד בראשות נפתלי בנט ויאיר לפיד,9,7.28,,1,2026-09-10
4135,מכון DRI,שמלת,2026-09-07,2026-09-07,2100,internet,main,1,"אילו הבחירות לכנסת היו מתקיימות היום, למי הית מצביע/ה?",הדמוקרטים,מפלגת הדמוקרטים בראשות יאיר גולן,9,7.01,,1,2026-09-10
4135,מכון DRI,שמלת,2026-09-07,2026-09-07,2100,internet,main,1,"אילו הבחירות לכנסת היו מתקיימות היום, למי הית מצביע/ה?",הציונות הדתית,הציונות הדתית בראשות בצלאל סמוטריץ' וחנות,8,6.07,,1,2026-09-10
4135,מכון DRI,שמלת,2026-09-07,2026-09-07,2100,internet,main,1,"אילו הבחירות לכנסת היו מתקיימות היום, למי הית מצביע/ה?",יהדות התורה,יהדות התורה והעבודה אגודת ישראל - דגל התורה,7,5.88,,1,2026-09-10
4135,מכון DRI,שמלת,2026-09-07,2026-09-07,2100,internet,main,1,"אילו הבחירות לכנסת היו מתקיימות היום, למי הית מצביע/ה?",ישראל ביתנו,ישראל ביתנו בראשות אביגדור ליברמן,7,5.69,,1,2026-09-10
4135,מכון DRI,שמלת,2026-09-07,2026-09-07,2100,internet,main,1,"אילו הבחירות לכנסת היו מתקיימות היום, למי הית מצביע/ה?",אחר,"חד""ש תע""ל בראשות איימן עודה ואחמד טיבי",7,5.69,,1,2026-09-10
4135,מכון DRI,שמלת,2026-09-07,2026-09-07,2100,internet,main,1,"אילו הבחירות לכנסת היו מתקיימות היום, למי הית מצביע/ה?",הרשימה המשותפת,הרשימה הערבית המאוחדת,5,4.17,,1,2026-09-10
4135,מכון DRI,שמלת,2026-09-07,2026-09-07,2100,internet,main,1,"אילו הבחירות לכנסת היו מתקיימות היום, למי הית מצביע/ה?",אחר,מתנה הממלכתי בהנהגת בני גנץ,4,3.26,,1,2026-09-10
4135,מכון DRI,שמלת,2026-09-07,2026-09-07,2100,internet,main,1,"אילו הבחירות לכנסת היו מתקיימות היום, למי הית מצביע/ה?",עמך ישראל,עמך ישראל בראשות עופר וינטר,0,2.08,,1,2026-09-10
4135,מכון DRI,שמלת,2026-09-07,2026-09-07,2100,internet,main,1,"אילו הבחירות לכנסת היו מתקיימות היום, למי הית מצביע/ה?",אחר,המיליאונימניקים והכלכלית החדש – יונת הנדל פרופסור יניב דולברה וטונית ויליך,0,1.79,,1,2026-09-10
4135,מכון DRI,שמלת,2026-09-07,2026-09-07,2100,internet,main,1,"אילו הבחירות לכנסת היו מתקיימות היום, למי הית מצביע/ה?",נעם,נעם לישראל בראשות אבי מעוז,0,0.35,,1,2026-09-10
4135,מכון DRI,שמלת,2026-09-07,2026-09-07,2100,internet,main,1,"אילו הבחירות לכנסת היו מתקיימות היום, למי הית מצביע/ה?",אחר,אל הדגל,0,0.34,,1,2026-09-10
4135,מכון DRI,שמלת,2026-09-07,2026-09-07,2100,internet,main,1,"אילו הבחירות לכנסת היו מתקיימות היום, למי הית מצביע/ה?",אחר,ישראל תחילה בראשות שרן השכל,0,0.3,,1,2026-09-10
4135,מכון DRI,שמלת,2026-09-07,2026-09-07,2100,internet,main,1,"אילו הבחירות לכנסת היו מתקיימות היום, למי הית מצביע/ה?",הציבור החרדי,הציבור החרדי בראשות לייטנר,0,0.24,,1,2026-09-10
4130,לזר מחקרים,ועדה הבחירות המרכזית,2026-09-07,2026-09-08,3452,internet,main,1,"אם היו מתקיימות היום בחירות לכנסת, לאיזו מפלגה היית מצביע?",ישר,ישר! עם איזנקוט בראשות גדי איזנקוט,25,19.4,,1,2026-09-10
4130,לזר מחקרים,ועדה הבחירות המרכזית,2026-09-07,2026-09-08,3452,internet,main,1,"אם היו מתקיימות היום בחירות לכנסת, לאיזו מפלגה היית מצביע?",הליכוד,הליכוד בראשות בנימין נתניהו,20,14.6,,1,2026-09-10
4130,לזר מחקרים,ועדה הבחירות המרכזית,2026-09-07,2026-09-08,3452,internet,main,1,"אם היו מתקיימות היום בחירות לכנסת, לאיזו מפלגה היית מצביע?",ביחד,ביחד - בראשות נפתלי בנט,13,11.1,,1,2026-09-10
4130,לזר מחקרים,ועדה הבחירות המרכזית,2026-09-07,2026-09-08,3452,internet,main,1,"אם היו מתקיימות היום בחירות לכנסת, לאיזו מפלגה היית מצביע?",הדמוקרטים,הדמוקרטים בראשות יאיר גולן,10,8.5,,1,2026-09-10
4130,לזר מחקרים,ועדה הבחירות המרכזית,2026-09-07,2026-09-08,3452,internet,main,1,"אם היו מתקיימות היום בחירות לכנסת, לאיזו מפלגה היית מצביע?",ישראל ביתנו,ישראל ביתנו בראשות אביגדור ליברמן,9,7.1,,1,2026-09-10
4130,לזר מחקרים,ועדה הבחירות המרכזית,2026-09-07,2026-09-08,3452,internet,main,1,"אם היו מתקיימות היום בחירות לכנסת, לאיזו מפלגה היית מצביע?",עוצמה יהודית,עוצמה יהודית בראשות איתמר בן גביר,8,5.6,,1,2026-09-10
4130,לזר מחקרים,ועדה הבחירות המרכזית,2026-09-07,2026-09-08,3452,internet,main,1,"אם היו מתקיימות היום בחירות לכנסת, לאיזו מפלגה היית מצביע?",יהדות התורה,יהדות התורה בראשות יעקב אשר,7,5.1,,1,2026-09-10
4130,לזר מחקרים,ועדה הבחירות המרכזית,2026-09-07,2026-09-08,3452,internet,main,1,"אם היו מתקיימות היום בחירות לכנסת, לאיזו מפלגה היית מצביע?","ש""ס","ש""ס בראשות אריה דרעי",7,5.0,,1,2026-09-10
4130,לזר מחקרים,ועדה הבחירות המרכזית,2026-09-07,2026-09-08,3452,internet,main,1,"אם היו מתקיימות היום בחירות לכנסת, לאיזו מפלגה היית מצביע?",הרשימה המשותפת,"רשימה ערבית מאוחדת של חד""ש תע""ל ובל""ד בראשות יוסף אבארין",7,5.2,,1,2026-09-10
4130,לזר מחקרים,ועדה הבחירות המרכזית,2026-09-07,2026-09-08,3452,internet,main,1,"אם היו מתקיימות היום בחירות לכנסת, לאיזו מפלגה היית מצביע?","רע""ם","רע""ם בראשות דר מנסור עבאס",5,4.4,,1,2026-09-10
4130,לזר מחקרים,ועדה הבחירות המרכזית,2026-09-07,2026-09-08,3452,internet,main,1,"אם היו מתקיימות היום בחירות לכנסת, לאיזו מפלגה היית מצביע?",הציונות הדתית,הציונות הדתית בראשות סמוטריץ' עם זהות בראשות משה פייגלין,5,4.6,,1,2026-09-10
4130,לזר מחקרים,ועדה הבחירות המרכזית,2026-09-07,2026-09-08,3452,internet,main,1,"אם היו מתקיימות היום בחירות לכנסת, לאיזו מפלגה היית מצביע?",בית ציוני,מפלגת המילואימניקים בראשות יוצו חנדלי עם יירון וולפה,4,4.3,,1,2026-09-10
4130,לזר מחקרים,ועדה הבחירות המרכזית,2026-09-07,2026-09-08,3452,internet,main,1,"אם היו מתקיימות היום בחירות לכנסת, לאיזו מפלגה היית מצביע?",עמך ישראל,עמך ישראל בראשות עופר וינטר,0,2.8,,1,2026-09-10
4130,לזר מחקרים,ועדה הבחירות המרכזית,2026-09-07,2026-09-08,3452,internet,main,1,"אם היו מתקיימות היום בחירות לכנסת, לאיזו מפלגה היית מצביע?",כחול לבן,כחול לבן בראשות בני גנץ,0,1.3,,1,2026-09-10
4130,לזר מחקרים,ועדה הבחירות המרכזית,2026-09-07,2026-09-08,3452,internet,main,1,"אם היו מתקיימות היום בחירות לכנסת, לאיזו מפלגה היית מצביע?",נעם,נעם לישראל,0,0.6,,1,2026-09-10
4130,לזר מחקרים,ועדה הבחירות המרכזית,2026-09-07,2026-09-08,3452,internet,main,1,"אם היו מתקיימות היום בחירות לכנסת, לאיזו מפלגה היית מצביע?",הציבור החרדי,חירותנו חרדי של מוטי לייטנר,0,0.4,,1,2026-09-10
4134,מאגר מוחות,,2026-09-08,2026-09-09,551,mixed,main,1,"אם הבחירות היו מתקיימות היום, לאיזו מפלגה הייתם מצביעים",ישר,ישר! בראשות גדי איזנקוט,23,18.0,6.0,1,2026-09-10
4134,מאגר מוחות,,2026-09-08,2026-09-09,551,mixed,main,1,"אם הבחירות היו מתקיימות היום, לאיזו מפלגה הייתם מצביעים",הליכוד,הליכוד בראשות בנימין נתניהו,20,17.0,6.0,1,2026-09-10
4134,מאגר מוחות,,2026-09-08,2026-09-09,551,mixed,main,1,"אם הבחירות היו מתקיימות היום, לאיזו מפלגה הייתם מצביעים",ביחד,ביחד בראשות נפתלי בנט,16,12.0,6.0,1,2026-09-10
4134,מאגר מוחות,,2026-09-08,2026-09-09,551,mixed,main,1,"אם הבחירות היו מתקיימות היום, לאיזו מפלגה הייתם מצביעים",עוצמה יהודית,עוצמה יהודית בראשות איתמר בן גביר,9,7.0,6.0,1,2026-09-10
4134,מאגר מוחות,,2026-09-08,2026-09-09,551,mixed,main,1,"אם הבחירות היו מתקיימות היום, לאיזו מפלגה הייתם מצביעים","ש""ס","ש""ס בראשות אריה דרעי",9,7.0,6.0,1,2026-09-10
4134,מאגר מוחות,,2026-09-08,2026-09-09,551,mixed,main,1,"אם הבחירות היו מתקיימות היום, לאיזו מפלגה הייתם מצביעים",הדמוקרטים,הדמוקרטים בראשות יאיר גולן,9,7.0,6.0,1,2026-09-10
4134,מאגר מוחות,,2026-09-08,2026-09-09,551,mixed,main,1,"אם הבחירות היו מתקיימות היום, לאיזו מפלגה הייתם מצביעים",יהדות התורה,יהדות התורה בראשות יעקב אשר,7,6.0,6.0,1,2026-09-10
4134,מאגר מוחות,,2026-09-08,2026-09-09,551,mixed,main,1,"אם הבחירות היו מתקיימות היום, לאיזו מפלגה הייתם מצביעים",ישראל ביתנו,ישראל ביתנו בראשות אביגדור ליברמן,7,6.0,6.0,1,2026-09-10
4134,מאגר מוחות,,2026-09-08,2026-09-09,551,mixed,main,1,"אם הבחירות היו מתקיימות היום, לאיזו מפלגה הייתם מצביעים",הרשימה המשותפת,הרשימה המשותפת בראשות פתקי יוסף ג'באארין,7,6.0,6.0,1,2026-09-10
4134,מאגר מוחות,,2026-09-08,2026-09-09,551,mixed,main,1,"אם הבחירות היו מתקיימות היום, לאיזו מפלגה הייתם מצביעים","רע""ם","רע""ם בראשות מנסור עבאס",5,4.0,6.0,1,2026-09-10
4134,מאגר מוחות,,2026-09-08,2026-09-09,551,mixed,main,1,"אם הבחירות היו מתקיימות היום, לאיזו מפלגה הייתם מצביעים",הציונות הדתית,"הציונות הדתית + זהות, בראשות בצלאל סמוטריץ'",4,3.29,6.0,1,2026-09-10
4134,מאגר מוחות,,2026-09-08,2026-09-09,551,mixed,main,1,"אם הבחירות היו מתקיימות היום, לאיזו מפלגה הייתם מצביעים",עמך ישראל,עמך ישראל בראשות עופר וינטר,4,3.32,6.0,1,2026-09-10
4134,מאגר מוחות,,2026-09-08,2026-09-09,551,mixed,main,1,"אם הבחירות היו מתקיימות היום, לאיזו מפלגה הייתם מצביעים",אחר,הליברליים-תנועתיקים והכלכלית בראשות יוחנן פלסנר,0,2.0,6.0,1,2026-09-10
4134,מאגר מוחות,,2026-09-08,2026-09-09,551,mixed,main,1,"אם הבחירות היו מתקיימות היום, לאיזו מפלגה הייתם מצביעים",כחול לבן,כחול לבן בראשות בני גנץ,0,1.0,6.0,1,2026-09-10
4134,מאגר מוחות,,2026-09-08,2026-09-09,551,mixed,main,1,"אם הבחירות היו מתקיימות היום, לאיזו מפלגה הייתם מצביעים",הציבור החרדי,הציבור החרדי בראשות מוטי לייטנר,0,0.7,6.0,1,2026-09-10
4136,דיירקט פולס,i24NEWS,2026-09-09,2026-09-09,1054,internet,main,1,"אילו הבחירות לכנסת היו מתקיימות היום, למי היית מצביע?",הליכוד,הליכוד,27,21.1,,1,2026-09-10
4136,דיירקט פולס,i24NEWS,2026-09-09,2026-09-09,1054,internet,main,1,"אילו הבחירות לכנסת היו מתקיימות היום, למי היית מצביע?",ישר,ישר,22,17.7,,1,2026-09-10
4136,דיירקט פולס,i24NEWS,2026-09-09,2026-09-09,1054,internet,main,1,"אילו הבחירות לכנסת היו מתקיימות היום, למי היית מצביע?",ביחד,ביחד,10,7.7,,1,2026-09-10
4136,דיירקט פולס,i24NEWS,2026-09-09,2026-09-09,1054,internet,main,1,"אילו הבחירות לכנסת היו מתקיימות היום, למי היית מצביע?",הדמוקרטים,הדמוקרטים,9,7.5,,1,2026-09-10
4136,דיירקט פולס,i24NEWS,2026-09-09,2026-09-09,1054,internet,main,1,"אילו הבחירות לכנסת היו מתקיימות היום, למי היית מצביע?",יהדות התורה,יהדות התורה,8,6.2,,1,2026-09-10
4136,דיירקט פולס,i24NEWS,2026-09-09,2026-09-09,1054,internet,main,1,"אילו הבחירות לכנסת היו מתקיימות היום, למי היית מצביע?",עוצמה יהודית,עוצמה יהודית,8,6.1,,1,2026-09-10
4136,דיירקט פולס,i24NEWS,2026-09-09,2026-09-09,1054,internet,main,1,"אילו הבחירות לכנסת היו מתקיימות היום, למי היית מצביע?",הרשימה המשותפת,הרשימה המשותפת,7,5.7,,1,2026-09-10
4136,דיירקט פולס,i24NEWS,2026-09-09,2026-09-09,1054,internet,main,1,"אילו הבחירות לכנסת היו מתקיימות היום, למי היית מצביע?",ישראל ביתנו,ישראל ביתנו,7,5.4,,1,2026-09-10
4136,דיירקט פולס,i24NEWS,2026-09-09,2026-09-09,1054,internet,main,1,"אילו הבחירות לכנסת היו מתקיימות היום, למי היית מצביע?","ש""ס","ש""ס",7,5.3,,1,2026-09-10
4136,דיירקט פולס,i24NEWS,2026-09-09,2026-09-09,1054,internet,main,1,"אילו הבחירות לכנסת היו מתקיימות היום, למי היית מצביע?",הציונות הדתית,הציונות הדתית חזות,6,5.0,,1,2026-09-10
4136,דיירקט פולס,i24NEWS,2026-09-09,2026-09-09,1054,internet,main,1,"אילו הבחירות לכנסת היו מתקיימות היום, למי היית מצביע?","רע""ם","רע""ם",5,4.5,,1,2026-09-10
4136,דיירקט פולס,i24NEWS,2026-09-09,2026-09-09,1054,internet,main,1,"אילו הבחירות לכנסת היו מתקיימות היום, למי היית מצביע?",עמך ישראל,עמך ישראל,4,3.4,,1,2026-09-10
4137,קנטאר,,2026-09-09,2026-09-09,554,internet,main,1,"איזו היא מתקיימות היום הבחירות לכנסת, והמפלגות המתמודדות יהיו המפלגות הבאות עם ראשי המפלגות שברשימה בפנייך, עבור איזו מפלגה היית מצביע?",ישר,ישר! בראשות בנימין נתניהו,24,19.4,,1,2026-09-10
4137,קנטאר,,2026-09-09,2026-09-09,554,internet,main,1,"איזו היא מתקיימות היום הבחירות לכנסת, והמפלגות המתמודדות יהיו המפלגות הבאות עם ראשי המפלגות שברשימה בפנייך, עבור איזו מפלגה היית מצביע?",הליכוד,הליכוד בראשות בנימין נתניהו,21,17.0,,1,2026-09-10
4137,קנטאר,,2026-09-09,2026-09-09,554,internet,main,1,"איזו היא מתקיימות היום הבחירות לכנסת, והמפלגות המתמודדות יהיו המפלגות הבאות עם ראשי המפלגות שברשימה בפנייך, עבור איזו מפלגה היית מצביע?",ביחד,ביחד בראשות נפתלי בנט,12,9.7,,1,2026-09-10
4137,קנטאר,,2026-09-09,2026-09-09,554,internet,main,1,"איזו היא מתקיימות היום הבחירות לכנסת, והמפלגות המתמודדות יהיו המפלגות הבאות עם ראשי המפלגות שברשימה בפנייך, עבור איזו מפלגה היית מצביע?",הדמוקרטים,מפלגת הדמוקרטים בראשות יאיר גולן,9,7.2,,1,2026-09-10
4137,קנטאר,,2026-09-09,2026-09-09,554,internet,main,1,"איזו היא מתקיימות היום הבחירות לכנסת, והמפלגות המתמודדות יהיו המפלגות הבאות עם ראשי המפלגות שברשימה בפנייך, עבור איזו מפלגה היית מצביע?",יהדות התורה,יהדות התורה בראשות יעקב אשר,8,6.5,,1,2026-09-10
4137,קנטאר,,2026-09-09,2026-09-09,554,internet,main,1,"איזו היא מתקיימות היום הבחירות לכנסת, והמפלגות המתמודדות יהיו המפלגות הבאות עם ראשי המפלגות שברשימה בפנייך, עבור איזו מפלגה היית מצביע?",עוצמה יהודית,עוצמה יהודית בראשות איתמר בן גביר,7,5.7,,1,2026-09-10
4137,קנטאר,,2026-09-09,2026-09-09,554,internet,main,1,"איזו היא מתקיימות היום הבחירות לכנסת, והמפלגות המתמודדות יהיו המפלגות הבאות עם ראשי המפלגות שברשימה בפנייך, עבור איזו מפלגה היית מצביע?",ישראל ביתנו,ישראל ביתנו בראשות אביגדור ליברמן,7,5.7,,1,2026-09-10
4137,קנטאר,,2026-09-09,2026-09-09,554,internet,main,1,"איזו היא מתקיימות היום הבחירות לכנסת, והמפלגות המתמודדות יהיו המפלגות הבאות עם ראשי המפלגות שברשימה בפנייך, עבור איזו מפלגה היית מצביע?","ש""ס","ש""ס בראשות אריה דרעי",7,5.7,,1,2026-09-10
4137,קנטאר,,2026-09-09,2026-09-09,554,internet,main,1,"איזו היא מתקיימות היום הבחירות לכנסת, והמפלגות המתמודדות יהיו המפלגות הבאות עם ראשי המפלגות שברשימה בפנייך, עבור איזו מפלגה היית מצביע?",הרשימה המשותפת,"חד""ש-תע""ל ובל""ד בראשות יוסף ג'באריין",7,5.7,,1,2026-09-10
4137,קנטאר,,2026-09-09,2026-09-09,554,internet,main,1,"איזו היא מתקיימות היום הבחירות לכנסת, והמפלגות המתמודדות יהיו המפלגות הבאות עם ראשי המפלגות שברשימה בפנייך, עבור איזו מפלגה היית מצביע?","רע""ם","רע""ם בראשות מנסור עבאס",5,4.1,,1,2026-09-10
4137,קנטאר,,2026-09-09,2026-09-09,554,internet,main,1,"איזו היא מתקיימות היום הבחירות לכנסת, והמפלגות המתמודדות יהיו המפלגות הבאות עם ראשי המפלגות שברשימה בפנייך, עבור איזו מפלגה היית מצביע?",הציונות הדתית,הציונות הדתית זהות בראשות בצלאל סמוטריץ',5,4.1,,1,2026-09-10
4137,קנטאר,,2026-09-09,2026-09-09,554,internet,main,1,"איזו היא מתקיימות היום הבחירות לכנסת, והמפלגות המתמודדות יהיו המפלגות הבאות עם ראשי המפלגות שברשימה בפנייך, עבור איזו מפלגה היית מצביע?",הכלכלית החדשה,המילואימניקים והמפלגה הכלכלית בראשות יוחאי הנדל יורן זליכה,4,3.3,,1,2026-09-10
4137,קנטאר,,2026-09-09,2026-09-09,554,internet,main,1,"איזו היא מתקיימות היום הבחירות לכנסת, והמפלגות המתמודדות יהיו המפלגות הבאות עם ראשי המפלגות שברשימה בפנייך, עבור איזו מפלגה היית מצביע?",עמך ישראל,עמך ישראל בראשות עופר וינטר,4,3.3,,1,2026-09-10
4138,דיירקט פולס,i24NEWS,2026-09-09,2026-09-09,1054,internet,main,1,"אילו הבחירות לכנסת היו מתקיימות היום, למי הייתם מצביעים?",הליכוד,הליכוד,27,21.1,,0,2026-09-10
4138,דיירקט פולס,i24NEWS,2026-09-09,2026-09-09,1054,internet,main,1,"אילו הבחירות לכנסת היו מתקיימות היום, למי הייתם מצביעים?",ישר,ישר,22,17.7,,0,2026-09-10
4138,דיירקט פולס,i24NEWS,2026-09-09,2026-09-09,1054,internet,main,1,"אילו הבחירות לכנסת היו מתקיימות היום, למי הייתם מצביעים?",ביחד,ביחד,10,7.7,,0,2026-09-10
4138,דיירקט פולס,i24NEWS,2026-09-09,2026-09-09,1054,internet,main,1,"אילו הבחירות לכנסת היו מתקיימות היום, למי הייתם מצביעים?",הדמוקרטים,הדמוקרטים,9,7.5,,0,2026-09-10
4138,דיירקט פולס,i24NEWS,2026-09-09,2026-09-09,1054,internet,main,1,"אילו הבחירות לכנסת היו מתקיימות היום, למי הייתם מצביעים?",יהדות התורה,יהדות התורה,8,6.2,,0,2026-09-10
4138,דיירקט פולס,i24NEWS,2026-09-09,2026-09-09,1054,internet,main,1,"אילו הבחירות לכנסת היו מתקיימות היום, למי הייתם מצביעים?",עוצמה יהודית,עוצמה יהודית,8,6.1,,0,2026-09-10
4138,דיירקט פולס,i24NEWS,2026-09-09,2026-09-09,1054,internet,main,1,"אילו הבחירות לכנסת היו מתקיימות היום, למי הייתם מצביעים?",הרשימה המשותפת,הרשימה המשותפת,7,5.7,,0,2026-09-10
4138,דיירקט פולס,i24NEWS,2026-09-09,2026-09-09,1054,internet,main,1,"אילו הבחירות לכנסת היו מתקיימות היום, למי הייתם מצביעים?",ישראל ביתנו,ישראל ביתנו,7,5.4,,0,2026-09-10
4138,דיירקט פולס,i24NEWS,2026-09-09,2026-09-09,1054,internet,main,1,"אילו הבחירות לכנסת היו מתקיימות היום, למי הייתם מצביעים?","ש""ס","ש""ס",7,5.3,,0,2026-09-10
4138,דיירקט פולס,i24NEWS,2026-09-09,2026-09-09,1054,internet,main,1,"אילו הבחירות לכנסת היו מתקיימות היום, למי הייתם מצביעים?",הציונות הדתית,הציונות הדתית תחות,6,5.0,,0,2026-09-10
4138,דיירקט פולס,i24NEWS,2026-09-09,2026-09-09,1054,internet,main,1,"אילו הבחירות לכנסת היו מתקיימות היום, למי הייתם מצביעים?","רע""ם","רע""ם",5,4.5,,0,2026-09-10
4138,דיירקט פולס,i24NEWS,2026-09-09,2026-09-09,1054,internet,main,1,"אילו הבחירות לכנסת היו מתקיימות היום, למי הייתם מצביעים?",עמך ישראל,עמך ישראל,4,3.4,,0,2026-09-10
